trade_date,close,open,high,low,change,pct_chg,vol,amount
20110105,181.08,184.9,185.4,180.5,-4.42,-2.38,58198.02,1064872.709
20110106,180.24,181.21,183.6,178.44,-0.84,-0.46,37584.56,677983.969
20110107,179.72,180.18,181.69,178.5,-0.52,-0.29,30533.8,548732.363
20110110,174.31,179.62,180.51,174.14,-5.41,-3.01,38784.83,687881.571
20110111,173.56,173.68,175.5,171.21,-0.75,-0.43,45322.1,787943.021
20110112,174.47,174.1,176.0,172.41,0.91,0.52,31323.25,546334.112
20110113,179.49,175.5,181.0,174.49,5.02,2.88,41341.74,740207.616
20110114,180.19,178.95,181.21,177.3,0.7,0.39,25772.66,461741.103
20110117,175.59,179.7,182.2,175.02,-4.6,-2.55,37475.16,673586.235
20110118,182.56,175.1,182.61,173.99,6.97,3.97,40962.35,738283.975
20110119,182.83,182.56,183.57,181.11,0.27,0.15,26198.67,478032.606
20110120,180.07,182.3,183.99,178.25,-2.76,-1.51,24523.05,444085.191
20110121,175.89,179.8,181.5,175.66,-4.18,-2.32,26867.37,479005.923
20110124,171.52,175.87,177.48,170.01,-4.37,-2.48,34775.49,601578.015
20110125,170.7,170.98,172.4,170.0,-0.82,-0.48,17238.64,294978.979
20110126,172.14,171.01,173.99,171.01,1.44,0.84,14325.71,247045.171
20110127,173.06,171.96,175.28,169.58,0.92,0.53,29444.27,507387.589
20110128,173.34,173.01,174.13,172.38,0.28,0.16,19591.43,339796.042
20110131,177.99,173.5,180.92,173.01,4.65,2.68,32442.43,577621.803
20110201,180.28,178.0,181.85,177.5,2.29,1.29,17758.46,319648.6
20110209,177.96,179.99,180.81,177.0,-2.32,-1.29,17675.31,317003.717
20110210,185.03,177.35,185.99,177.3,7.07,3.97,36008.75,656695.297
20110211,184.93,184.74,188.45,184.29,-0.1,-0.05,34001.41,634257.226
20110214,187.11,184.93,188.0,183.9,2.18,1.18,36639.15,681621.643
20110215,185.24,187.11,188.8,184.8,-1.87,-1.0,29716.4,554140.643
20110216,183.68,185.01,185.99,181.7,-1.56,-0.84,36440.18,667440.837
20110217,181.26,183.0,183.7,180.83,-2.42,-1.32,36363.8,662075.979
20110218,181.98,180.8,185.45,180.3,0.72,0.4,36828.73,676343.235
20110221,183.48,182.0,184.8,181.2,1.5,0.82,27289.85,498811.371
20110222,181.88,183.48,185.25,181.0,-1.6,-0.87,38293.8,701713.006
20110223,182.76,181.11,183.47,181.11,0.88,0.48,19422.29,353816.777
20110224,182.15,182.58,183.47,181.12,-0.61,-0.33,20476.31,373539.569
20110225,179.62,182.88,182.88,179.2,-2.53,-1.39,29413.43,532482.186
20110228,178.68,179.3,179.46,176.0,-0.94,-0.52,39093.1,693295.724
20110301,178.64,178.71,179.93,177.8,-0.04,-0.02,23059.41,411728.226
20110302,177.21,178.2,179.0,176.01,-1.43,-0.8,32095.5,569125.294
20110303,175.0,177.27,178.69,174.75,-2.21,-1.25,37735.09,663456.221
20110304,175.93,175.0,176.78,174.5,0.93,0.53,33351.19,587411.61
20110307,177.38,175.84,177.53,175.84,1.45,0.82,33553.69,593119.911
20110308,176.72,177.43,177.6,174.8,-0.66,-0.37,31869.55,560058.561
20110309,177.99,177.49,178.2,176.05,1.27,0.72,22971.46,406818.003
20110310,182.0,177.97,184.2,177.38,4.01,2.25,54492.13,991540.447
20110311,180.04,181.6,183.4,179.89,-1.96,-1.08,23345.45,424871.796
20110314,182.88,179.52,184.0,179.11,2.84,1.58,22372.98,408383.265
20110315,179.27,181.64,183.22,177.03,-3.61,-1.97,30898.55,554199.756
20110316,181.84,179.6,182.97,179.31,2.57,1.43,24176.24,438681.962
20110317,189.03,180.9,189.53,180.18,7.19,3.95,88522.77,1653009.378
20110318,191.15,189.55,194.1,187.13,2.12,1.12,61484.07,1175141.41
20110321,187.13,189.8,190.98,184.55,-4.02,-2.1,48651.24,910057.839
20110322,185.75,188.38,189.98,185.2,-1.38,-0.74,27887.55,521369.663
20110323,186.54,186.01,186.69,183.5,0.79,0.43,42881.85,792668.1
20110324,183.55,186.3,186.55,183.5,-2.99,-1.6,21353.18,393924.337
20110325,183.43,183.0,185.58,183.0,-0.12,-0.07,27905.52,513404.256
20110328,180.91,183.55,184.4,180.49,-2.52,-1.37,40295.87,731053.019
20110329,178.95,181.0,181.3,178.5,-1.96,-1.08,26523.3,476995.781
20110330,178.71,178.94,180.26,178.3,-0.24,-0.13,20602.99,368964.875
20110331,179.85,178.71,182.8,178.5,1.14,0.64,17525.86,316949.399
20110401,179.46,179.98,181.35,178.55,-0.39,-0.22,18227.49,326554.075
20110406,176.98,179.4,179.9,176.71,-2.48,-1.38,28774.81,510620.637
20110407,174.94,176.2,177.0,174.78,-2.04,-1.15,46830.74,820484.804
20110408,175.66,174.96,176.5,174.8,0.72,0.41,21823.15,383817.086
20110411,177.49,175.45,178.65,175.11,1.83,1.04,26173.14,463960.298
20110412,177.42,177.5,179.34,176.7,-0.07,-0.04,34945.68,623251.647
20110413,178.33,177.3,179.0,177.02,0.91,0.51,29389.19,522953.556
20110414,175.74,178.3,178.5,175.48,-2.59,-1.45,36621.96,644626.738
20110415,172.38,175.97,176.99,170.77,-3.36,-1.91,53327.01,919620.925
20110418,173.06,172.18,173.39,171.21,0.68,0.39,19608.99,338287.704
20110419,173.38,173.06,174.64,171.49,0.32,0.18,22880.67,395248.447
20110420,174.8,173.38,175.18,173.0,1.42,0.82,22509.28,392495.921
20110421,174.86,175.0,177.59,174.71,0.06,0.03,28684.34,505336.037
20110422,176.15,175.5,176.4,174.53,1.29,0.74,14500.23,254794.864
20110425,183.06,180.0,185.08,179.5,6.91,3.92,70225.53,1280812.447
20110426,181.17,183.0,183.5,180.88,-1.89,-1.03,31095.42,565862.126
20110427,181.15,181.6,185.0,181.0,-0.02,-0.01,27748.47,508713.443
20110428,178.42,182.1,182.58,177.8,-2.73,-1.51,25357.17,455048.059
20110429,182.31,178.4,183.09,177.68,3.89,2.18,22083.82,401140.719
20110503,185.86,183.0,186.8,182.0,3.55,1.95,41270.82,764382.818
20110504,183.5,184.49,188.08,183.44,-2.36,-1.27,32521.06,604784.367
20110505,184.95,183.51,187.5,183.01,1.45,0.79,26693.49,496448.129
20110506,185.81,184.0,187.0,183.01,0.86,0.47,23960.65,444808.841
20110509,184.16,186.58,187.49,183.9,-1.65,-0.89,12175.95,225581.746
20110510,183.59,184.07,184.5,182.78,-0.57,-0.31,15918.8,292606.289
20110511,185.27,183.02,186.3,183.02,1.68,0.92,12896.67,238855.455
20110512,187.32,185.0,189.5,184.6,2.05,1.11,25027.71,470405.158
20110513,187.66,187.35,188.99,185.5,0.34,0.18,12253.2,229207.566
20110516,187.67,187.5,188.98,186.5,0.01,0.01,11505.57,216417.13
20110517,187.63,187.02,190.3,186.0,-0.04,-0.02,20866.44,393848.458
20110518,194.95,187.3,197.44,187.3,7.32,3.9,62165.05,1212084.674
20110519,199.88,196.0,201.65,196.0,4.93,2.53,85738.05,1716471.11
20110520,200.83,200.7,201.66,198.81,0.95,0.48,40043.86,801739.991
20110523,197.03,200.0,202.75,197.0,-3.8,-1.89,39420.88,783913.346
20110524,194.61,195.51,197.5,194.5,-2.42,-1.23,23997.07,470085.883
20110526,198.69,194.8,202.79,194.8,4.08,2.1,38970.36,779314.782
20110527,193.74,199.88,200.78,193.21,-4.95,-2.49,31729.58,626618.182
20110530,202.53,192.18,202.58,191.77,8.79,4.54,47286.0,942388.98
20110531,203.8,202.65,203.98,201.3,1.27,0.63,33854.83,685945.963
20110601,209.89,204.1,209.98,203.02,6.09,2.99,39093.76,813188.052
20110602,206.59,208.5,209.66,203.6,-3.3,-1.57,39585.43,818431.995
20110603,211.61,206.02,212.7,206.02,5.02,2.43,29483.96,618505.293
20110607,207.87,211.98,211.99,206.28,-3.74,-1.77,26876.17,559703.875
20110608,208.74,207.55,209.7,203.58,0.87,0.42,25070.47,517190.772
20110609,201.82,208.05,208.3,201.76,-6.92,-3.32,36179.7,737042.713
20110610,202.56,201.5,204.49,199.8,0.74,0.37,34279.17,692444.753
20110613,201.49,202.5,203.9,198.8,-1.07,-0.53,28004.57,562464.133
20110614,204.46,201.47,204.98,200.5,2.97,1.47,37487.88,758192.892
20110615,203.21,204.02,204.47,202.19,-1.25,-0.61,16408.56,333131.863
20110616,203.02,202.2,205.29,200.22,-0.19,-0.09,17731.47,359795.619
20110617,208.63,203.5,209.99,202.65,5.61,2.76,33411.0,690941.504
20110620,203.46,208.1,208.28,201.0,-5.17,-2.48,29909.15,611059.058
20110621,203.3,202.03,204.84,202.03,-0.16,-0.08,12738.17,259198.214
20110622,205.93,203.2,207.48,203.2,2.63,1.29,16188.53,333499.822
20110623,207.99,205.3,209.2,205.0,2.06,1.0,20280.98,421820.426
20110624,206.44,207.85,210.15,205.35,-1.55,-0.75,37068.5,770684.579
20110627,208.27,207.2,208.96,205.78,1.83,0.89,23190.42,480816.709
20110628,210.45,209.0,211.87,207.22,2.18,1.05,25540.48,536916.003
20110629,210.94,210.88,212.88,207.9,0.49,0.23,19596.7,412274.52
20110630,212.63,210.02,213.3,210.02,1.69,0.8,32701.21,694508.28
20110701,191.63,192.5,192.5,189.9,0.42,0.22,15810.5,302002.762
20110704,193.02,191.21,193.33,190.8,1.39,0.73,46338.41,888995.936
20110705,191.43,193.0,193.02,189.8,-1.59,-0.82,27057.85,516722.478
20110706,191.07,190.98,192.0,190.11,-0.36,-0.19,19753.77,377527.543
20110707,194.11,191.0,196.08,191.0,3.04,1.59,40956.75,793379.763
20110708,194.08,194.35,195.48,192.95,-0.03,-0.02,17183.81,333151.331
20110711,196.83,194.06,198.07,193.45,2.75,1.42,25615.74,502438.508
20110712,193.74,196.32,196.83,193.64,-3.09,-1.57,28488.26,554927.096
20110713,194.59,194.09,195.49,193.36,0.85,0.44,22109.07,429986.678
20110714,193.25,194.59,194.8,192.8,-1.34,-0.69,24822.17,480420.222
20110715,195.15,192.59,195.79,192.59,1.9,0.98,17763.89,346071.487
20110718,198.96,195.2,200.44,195.2,3.81,1.95,28523.41,566196.215
20110719,198.84,198.9,200.03,197.2,-0.12,-0.06,20276.61,403182.838
20110720,199.89,199.99,200.48,198.5,1.05,0.53,18967.08,378689.393
20110721,203.43,200.17,205.5,200.0,3.54,1.77,47676.86,968173.564
20110722,206.28,203.16,208.88,203.16,2.85,1.4,49860.88,1029115.254
20110725,203.65,207.0,207.68,202.51,-2.63,-1.28,35260.43,720951.264
20110726,203.56,203.5,203.99,202.0,-0.09,-0.04,24791.75,503434.823
20110727,204.32,203.89,207.5,202.66,0.76,0.37,30676.25,630035.091
20110728,207.75,203.89,207.9,202.0,3.43,1.68,22923.23,468616.881
20110729,206.69,207.5,207.5,205.3,-1.06,-0.51,19104.16,394180.474
20110801,203.38,207.33,207.33,202.8,-3.31,-1.6,18572.89,378447.567
20110802,201.11,202.2,202.75,198.55,-2.27,-1.12,27849.58,555745.763
20110803,201.79,199.21,202.8,199.0,0.68,0.34,17061.32,344076.872
20110804,204.98,202.5,205.69,201.8,3.19,1.58,17773.27,363287.27
20110805,203.13,200.08,205.6,200.08,-1.85,-0.9,21319.85,433966.204
20110808,199.66,201.01,205.1,198.0,-3.47,-1.71,36884.34,740883.138
20110809,201.1,196.44,203.0,193.0,1.44,0.72,36924.33,726671.479
20110810,205.7,202.4,206.49,199.75,4.6,2.29,38436.26,782644.219
20110811,214.7,204.0,215.6,204.0,9.0,4.38,61949.15,1301728.291
20110812,216.77,215.0,217.6,213.0,2.07,0.96,39466.31,851693.649
20110815,213.3,217.2,218.79,211.92,-3.47,-1.6,29450.63,630341.327
20110816,209.69,213.65,215.28,208.27,-3.61,-1.69,37491.56,788423.427
20110817,209.85,210.0,211.49,208.72,0.16,0.08,13553.28,284382.051
20110818,208.2,209.31,209.85,206.36,-1.65,-0.79,29341.73,609082.956
20110819,209.9,206.9,210.15,206.55,1.7,0.82,37488.08,780729.993
20110822,204.31,210.1,210.9,203.6,-5.59,-2.66,28164.38,581020.716
20110823,204.93,203.99,206.2,203.4,0.62,0.3,23579.21,482616.543
20110824,205.8,205.0,207.99,204.09,0.87,0.42,17957.07,370146.593
20110825,207.42,207.5,208.5,205.01,1.62,0.79,30083.05,623188.931
20110826,212.88,207.38,212.99,206.85,5.46,2.63,22748.88,477352.661
20110829,215.27,212.0,215.98,209.5,2.39,1.12,26082.44,558335.962
20110830,214.82,215.5,217.43,213.01,-0.45,-0.21,28816.01,619557.333
20110831,214.77,218.8,219.5,214.5,-0.05,-0.02,50014.61,1079339.679
20110901,211.48,214.7,215.48,210.5,-3.29,-1.53,25689.61,544632.806
20110902,211.86,210.86,212.2,209.9,0.38,0.18,13832.57,292111.762
20110905,207.27,211.19,211.38,206.5,-4.59,-2.17,27344.84,569905.681
20110906,203.01,206.0,208.3,202.28,-4.26,-2.06,32094.69,656690.808
20110907,207.59,203.6,207.88,203.5,4.58,2.26,20087.7,412012.245
20110908,205.87,208.0,208.99,205.62,-1.72,-0.83,13182.67,274052.384
20110909,207.08,206.56,209.68,203.99,1.21,0.59,14227.19,294079.503
20110913,201.63,204.59,206.0,201.08,-5.45,-2.63,18949.13,384543.767
20110914,197.95,203.0,203.28,194.17,-3.68,-1.83,47625.79,940641.402
20110915,198.49,198.0,200.2,197.77,0.54,0.27,19122.0,380380.017
20110916,202.92,199.49,203.13,198.0,4.43,2.23,18029.27,361574.736
20110919,202.72,203.7,204.5,201.92,-0.2,-0.1,15352.04,311793.484
20110920,200.84,202.7,202.7,199.5,-1.88,-0.93,12784.63,256651.648
20110921,204.36,200.82,205.03,200.5,3.52,1.75,24640.16,501953.365
20110922,197.66,203.0,203.88,197.3,-6.7,-3.28,24336.1,489514.705
20110923,194.05,194.1,196.0,189.89,-3.61,-1.83,76537.2,1476263.517
20110926,188.12,191.86,194.25,188.0,-5.93,-3.06,42211.18,803193.662
20110927,189.46,189.97,191.64,187.67,1.34,0.71,24749.81,468028.768
20110928,187.12,190.8,190.8,186.23,-2.34,-1.24,32389.84,611544.825
20110929,187.09,184.9,191.0,184.9,-0.03,-0.02,30030.61,563567.697
20110930,190.59,187.16,191.1,187.16,3.5,1.87,18269.66,346902.283
20111010,188.0,190.88,191.8,187.63,-2.59,-1.36,14283.91,270790.788
20111011,186.97,191.99,191.99,183.0,-1.03,-0.55,20586.25,387171.386
20111012,192.04,186.5,192.6,184.43,5.07,2.71,29778.55,563092.939
20111013,192.07,192.04,194.84,190.0,0.03,0.02,23961.72,460883.857
20111014,191.44,191.05,192.78,189.8,-0.63,-0.33,12468.36,238319.748
20111017,197.14,192.17,197.51,191.6,5.7,2.98,26008.51,509046.255
20111018,196.42,195.34,199.37,195.01,-0.72,-0.37,22785.75,451487.836
20111019,198.12,197.42,201.5,197.0,1.7,0.87,22657.85,451701.35
20111020,191.1,197.0,198.56,190.6,-7.02,-3.54,29312.63,569297.369
20111021,194.39,190.66,195.0,190.66,3.29,1.72,17116.45,330777.243
20111024,200.55,195.8,201.11,194.4,6.16,3.17,32390.68,638275.445
20111025,200.62,199.2,203.33,199.2,0.07,0.03,32041.92,643502.583
20111026,201.86,199.88,202.08,198.71,1.24,0.62,29492.76,591834.128
20111027,202.0,202.05,204.36,201.54,0.14,0.07,20104.54,407006.042
20111028,205.01,203.51,206.8,203.51,3.01,1.49,26056.6,533715.365
20111031,204.21,205.3,206.18,202.68,-0.8,-0.39,28121.99,574616.414
20111101,207.19,203.18,207.5,202.51,2.98,1.46,27147.39,559038.584
20111102,209.57,204.95,209.65,204.6,2.38,1.15,26647.01,550968.563
20111103,207.28,211.07,211.5,207.17,-2.29,-1.09,30465.9,636306.542
20111104,207.76,207.88,210.0,206.33,0.48,0.23,18546.75,384686.866
20111107,206.8,208.2,208.7,206.56,-0.96,-0.46,16573.9,344437.182
20111108,204.75,207.66,207.93,203.98,-2.05,-0.99,25546.41,525028.363
20111109,204.12,204.9,206.66,202.5,-0.63,-0.31,24696.07,506506.704
20111110,205.01,203.29,205.6,203.13,0.89,0.44,14617.7,298980.855
20111111,203.97,205.01,205.15,203.03,-1.04,-0.51,11692.64,238543.944
20111114,207.26,205.49,208.15,204.2,3.29,1.61,17986.24,371343.631
20111115,203.93,207.6,207.95,203.0,-3.33,-1.61,17782.26,364242.671
20111116,200.77,203.95,203.95,199.9,-3.16,-1.55,29545.8,592948.956
20111117,201.84,200.85,203.6,200.31,1.07,0.53,15589.04,315328.822
20111118,200.57,201.88,202.88,199.7,-1.27,-0.63,19907.46,401272.25
20111121,200.87,200.7,203.4,200.11,0.3,0.15,18389.75,370926.323
20111122,206.07,200.89,206.89,200.6,5.2,2.59,35652.52,729198.883
20111123,209.11,205.62,209.3,205.62,3.04,1.48,31537.85,656169.793
20111124,207.69,208.6,209.18,207.5,-1.42,-0.68,26558.99,554286.399
20111125,209.98,207.75,213.34,207.0,2.29,1.1,40235.7,848244.76
20111128,213.87,210.31,214.77,209.31,3.89,1.85,53379.98,1136929.564
20111129,212.56,213.8,216.09,211.8,-1.31,-0.61,41355.0,884545.013
20111130,210.06,212.88,214.78,208.8,-2.5,-1.18,40263.23,850997.83
20111201,212.84,213.2,215.19,210.27,2.78,1.32,33785.49,719311.327
20111202,214.03,212.0,216.2,212.0,1.19,0.56,27267.18,584935.196
20111205,206.72,214.45,214.45,206.4,-7.31,-3.42,39025.6,816027.278
20111206,203.67,206.51,206.55,201.7,-3.05,-1.48,37152.16,756470.593
20111207,205.7,203.7,206.5,203.7,2.03,1.0,27333.76,562146.777
20111208,203.0,205.9,208.6,202.88,-2.7,-1.31,24661.08,506265.018
20111209,199.82,202.85,203.85,199.7,-3.18,-1.57,36745.73,737854.853
20111212,197.54,199.82,200.9,196.89,-2.28,-1.14,29526.92,585362.504
20111213,196.25,196.92,197.98,195.98,-1.29,-0.65,29995.83,591182.085
20111214,197.84,196.25,200.0,196.25,1.59,0.81,20813.22,412444.014
20111215,196.98,196.87,198.88,195.05,-0.86,-0.43,21880.03,430851.248
20111216,201.78,198.0,201.98,197.99,4.8,2.44,30649.0,614353.385
20111219,201.0,200.97,201.39,199.3,-0.78,-0.39,25456.36,510463.389
20111220,200.24,201.0,202.8,198.5,-0.76,-0.38,17106.3,342834.67
20111221,197.23,201.18,201.48,196.98,-3.01,-1.5,21962.81,437207.569
20111222,199.67,197.5,200.92,195.8,2.44,1.24,17443.32,346785.291
20111223,200.76,199.9,201.4,199.0,1.09,0.55,17609.56,353128.167
20111226,193.12,200.61,200.62,192.3,-7.64,-3.81,46995.04,918253.511
20111227,189.03,193.0,193.0,188.32,-4.09,-2.12,31314.98,594898.815
20111228,190.23,188.3,190.5,186.49,1.2,0.63,27738.43,524088.087
20111229,192.21,189.1,192.89,189.1,1.98,1.04,20062.13,384717.995
20111230,193.3,192.7,194.88,190.0,1.09,0.57,29460.86,569875.567
20120104,185.27,191.5,192.77,185.0,-8.03,-4.15,33878.28,637232.812
20120105,183.15,184.0,185.2,182.36,-2.12,-1.14,30122.64,553347.012
20120106,186.64,183.1,188.05,181.65,3.49,1.91,25190.62,464647.453
20120109,188.01,186.0,188.09,181.77,1.37,0.73,26160.16,483282.452
20120110,194.48,187.0,194.66,186.11,6.47,3.44,39235.6,749263.279
20120111,189.68,192.95,193.89,189.3,-4.8,-2.47,39891.16,761167.931
20120112,190.35,188.58,191.56,188.58,0.67,0.35,27440.36,522231.553
20120113,188.69,190.7,191.2,187.52,-1.66,-0.87,20542.3,387615.921
20120116,177.41,187.38,187.38,175.66,-11.28,-5.98,51655.79,933514.133
20120117,180.44,177.9,181.98,170.9,3.03,1.71,61227.64,1077158.896
20120118,177.38,181.42,185.18,176.66,-3.06,-1.7,47294.65,858725.547
20120119,180.7,177.89,181.6,175.51,3.32,1.87,24329.42,437246.157
20120120,185.97,182.0,186.2,182.0,5.27,2.92,29683.2,548292.985
20120130,183.8,185.99,186.99,183.06,-2.17,-1.17,30550.21,563162.776
20120131,186.41,184.42,186.6,184.35,2.61,1.42,15854.7,294490.836
20120201,186.15,186.2,188.52,184.88,-0.26,-0.14,24824.36,464159.684
20120202,186.43,186.15,187.0,184.28,0.28,0.15,20375.11,378596.177
20120203,186.48,186.46,186.6,183.49,0.05,0.03,26517.89,490438.844
20120206,188.54,186.61,188.76,185.8,2.06,1.1,29747.67,557205.041
20120207,185.86,187.3,188.45,185.4,-2.68,-1.42,17942.1,334371.756
20120208,188.29,185.86,189.0,185.08,2.43,1.31,23082.2,432175.419
20120209,190.75,188.0,191.15,187.66,2.46,1.31,31384.79,596916.589
20120210,190.51,189.53,192.4,189.1,-0.24,-0.13,22276.37,425266.909
20120213,193.42,189.5,195.17,188.66,2.91,1.53,21639.21,416409.71
20120214,193.82,192.69,194.66,191.8,0.4,0.21,15142.48,292922.052
20120215,194.8,192.73,195.9,192.73,0.98,0.51,24714.09,481676.731
20120216,191.72,193.52,194.8,190.6,-3.08,-1.58,22016.02,424963.025
20120217,191.44,193.88,193.88,190.37,-0.28,-0.15,12287.91,235751.78
20120220,190.86,192.96,193.67,190.8,-0.58,-0.3,18530.02,356774.753
20120221,191.95,191.79,192.58,190.4,1.09,0.57,13789.29,264260.509
20120222,192.76,192.76,193.5,190.98,0.81,0.42,22352.27,429952.037
20120223,194.31,192.52,195.04,192.52,1.55,0.8,33433.26,649316.717
20120224,198.08,194.18,198.21,194.15,3.77,1.94,23944.08,471970.592
20120227,198.5,198.78,200.02,197.5,0.42,0.21,26562.35,528808.015
20120228,200.74,199.43,200.95,198.56,2.24,1.13,25698.0,514122.721
20120229,204.46,201.0,205.0,200.5,3.72,1.85,39432.24,802601.071
20120301,202.58,203.52,205.47,202.39,-1.88,-0.92,16920.79,345438.323
20120302,200.9,202.63,203.7,199.51,-1.68,-0.83,35216.72,706746.81
20120305,199.84,200.85,200.88,198.6,-1.06,-0.53,30553.81,609500.901
20120306,196.05,199.0,199.84,196.0,-3.79,-1.9,31474.0,621286.494
20120307,193.13,194.72,195.59,192.98,-2.92,-1.49,29198.86,567286.77
20120308,194.44,193.21,196.11,192.98,1.31,0.68,23574.65,458505.182
20120309,199.93,194.69,200.12,194.2,5.49,2.82,29239.34,578119.773
20120312,200.54,200.12,201.61,199.03,0.61,0.31,25681.62,514548.199
20120313,201.66,200.1,203.3,200.1,1.12,0.56,18316.24,370157.885
20120314,198.67,201.59,204.05,198.0,-2.99,-1.48,40699.86,820433.738
20120315,198.93,199.04,202.4,198.6,0.26,0.13,28094.96,562966.952
20120316,207.59,200.79,208.0,200.3,8.66,4.35,51583.56,1060740.607
20120319,207.64,207.8,211.57,205.57,0.05,0.02,45635.76,952934.077
20120320,207.75,207.55,209.1,206.11,0.11,0.05,23400.21,486464.276
20120321,205.1,207.8,209.0,203.86,-2.65,-1.28,29527.71,607930.947
20120322,205.35,204.32,206.9,204.29,0.25,0.12,8331.87,171049.55
20120323,212.02,207.5,212.55,207.5,6.67,3.25,54873.7,1159278.435
20120326,215.2,211.12,215.9,211.1,3.18,1.5,37653.79,807094.326
20120327,201.5,210.22,210.99,201.0,-13.7,-6.37,79106.14,1635757.954
20120328,201.4,199.0,205.0,198.31,-0.1,-0.05,55461.01,1116354.644
20120329,201.15,200.8,205.5,200.0,-0.25,-0.12,36982.79,751200.412
20120330,196.96,201.16,202.99,195.0,-4.19,-2.08,37959.9,749355.396
20120405,206.0,196.1,206.4,196.1,9.04,4.59,40960.98,831105.661
20120406,207.97,205.62,208.08,205.53,1.97,0.96,26729.89,553032.996
20120409,209.26,207.55,209.92,205.6,1.29,0.62,14474.53,300301.66
20120410,208.11,209.28,209.78,205.11,-1.15,-0.55,16640.63,344431.373
20120411,208.85,205.0,211.5,203.51,0.74,0.36,31460.72,655577.444
20120412,212.42,208.85,212.52,206.68,3.57,1.71,28422.97,597232.641
20120413,213.03,212.5,214.05,211.4,0.61,0.29,20527.3,436617.432
20120416,212.83,212.5,215.4,211.59,-0.2,-0.09,20893.29,447725.423
20120417,210.18,212.84,213.01,210.0,-2.65,-1.25,17872.26,377050.666
20120418,213.86,210.41,214.8,210.0,3.68,1.75,22815.45,485407.318
20120419,209.48,213.78,214.37,207.81,-4.38,-2.05,21823.7,459867.207
20120420,212.5,208.3,213.35,208.3,3.02,1.44,17046.31,360265.741
20120423,211.84,211.72,214.27,209.86,-0.66,-0.31,13281.65,281175.038
20120424,211.52,212.19,213.01,209.94,-0.32,-0.15,21782.06,459834.811
20120425,212.92,212.45,213.26,210.0,1.4,0.66,15529.42,329552.763
20120426,216.69,214.25,217.0,213.5,3.77,1.77,35019.76,753334.296
20120427,224.56,216.69,225.48,216.69,7.87,3.63,42728.23,954712.957
20120502,225.98,226.0,226.57,222.0,1.42,0.63,35339.75,793434.507
20120503,226.69,225.98,227.3,223.61,0.71,0.31,25654.46,579082.874
20120504,234.0,226.5,234.88,226.5,7.31,3.22,31879.43,734789.68
20120507,234.51,234.8,237.76,233.28,0.51,0.22,34244.66,805751.89
20120508,234.11,234.45,234.85,229.38,-0.4,-0.17,36664.91,851128.752
20120509,230.83,231.12,232.65,227.2,-3.28,-1.4,32909.59,756259.728
20120510,227.7,231.0,231.0,226.95,-3.13,-1.36,30574.04,697959.454
20120511,227.69,228.0,228.5,225.9,-0.01,0.0,23260.71,528011.697
20120514,222.18,228.0,228.0,220.61,-5.51,-2.42,38797.04,863502.637
20120515,223.11,221.1,223.66,220.1,0.93,0.42,16168.74,359784.509
20120516,220.02,222.95,223.4,218.0,-3.09,-1.39,28139.54,619595.453
20120517,219.91,220.12,221.4,218.61,-0.11,-0.05,34172.33,751957.382
20120518,217.92,218.67,219.97,215.9,-1.99,-0.9,26277.78,571816.871
20120521,223.19,217.58,224.52,217.58,5.27,2.42,28843.45,638767.871
20120522,229.28,225.01,231.5,225.01,6.09,2.73,41458.47,951034.142
20120523,230.47,229.25,232.1,228.0,1.19,0.52,24722.63,570787.761
20120524,220.24,229.8,232.77,217.88,-10.23,-4.44,53743.47,1201209.541
20120525,218.58,220.24,220.87,216.0,-1.66,-0.75,30569.29,667952.251
20120528,225.49,218.01,225.9,217.81,6.91,3.16,27833.72,618961.099
20120530,228.66,227.51,229.98,227.0,3.17,1.41,25700.7,587866.122
20120531,236.68,228.2,237.8,228.0,8.02,3.51,37367.05,877484.818
20120601,240.37,238.0,243.0,236.71,3.69,1.56,38504.34,923904.347
20120604,236.53,238.0,242.99,236.47,-3.84,-1.6,24327.61,581257.511
20120605,240.8,237.48,241.8,237.21,4.27,1.81,24561.31,588242.228
20120606,236.58,241.0,242.0,236.41,-4.22,-1.75,18728.94,445576.921
20120607,237.98,238.39,240.66,236.8,1.4,0.59,19677.3,470452.059
20120608,238.98,239.0,240.18,236.0,1.0,0.42,17286.24,411908.852
20120611,235.55,238.9,240.23,233.4,-3.43,-1.44,33061.23,780468.481
20120612,233.85,234.21,236.49,232.13,-1.7,-0.72,16372.52,382922.345
20120613,238.99,234.5,239.18,233.1,5.14,2.2,20463.47,485626.133
20120614,244.59,238.0,245.79,237.22,5.6,2.34,28704.73,698222.394
20120615,243.38,245.02,246.41,239.77,-1.21,-0.49,19859.84,483582.93
20120618,246.46,243.41,248.31,243.41,3.08,1.27,19538.35,482525.469
20120619,243.7,245.11,248.17,241.96,-2.76,-1.12,17299.94,423906.505
20120620,243.56,243.83,244.39,242.0,-0.14,-0.06,11393.46,277398.32
20120621,239.78,243.56,243.6,238.8,-3.78,-1.55,17034.03,409685.074
20120625,237.6,238.1,241.96,237.5,-2.18,-0.91,18434.05,440645.799
20120626,237.85,237.2,238.88,232.62,0.25,0.11,26122.47,615182.456
20120627,241.9,238.0,242.31,238.0,4.05,1.7,23257.14,559606.599
20120628,236.14,241.88,242.0,235.99,-5.76,-2.38,22213.41,529704.806
20120629,239.15,235.37,241.0,235.37,3.01,1.27,23224.19,555873.153
20120702,241.85,240.0,244.94,236.02,2.7,1.13,25731.26,622505.563
20120703,254.94,241.3,255.0,241.01,13.09,5.41,50158.63,1255671.521
20120704,258.66,257.0,259.9,252.0,3.72,1.46,45035.24,1155572.21
20120705,251.66,251.6,253.99,249.16,-3.0,-1.18,22749.37,572395.284
20120706,259.99,251.95,261.98,250.2,8.33,3.31,39158.83,1005403.254
20120709,254.73,259.88,263.0,254.63,-5.26,-2.02,28527.11,736832.305
20120710,250.4,254.5,257.19,249.87,-4.33,-1.7,26987.1,683253.815
20120711,258.01,250.92,258.33,248.38,7.61,3.04,32009.94,808688.574
20120712,256.06,258.11,265.01,255.0,-1.95,-0.76,37273.02,968810.613
20120713,262.7,255.67,264.0,255.3,6.64,2.59,29548.11,769107.549
20120716,262.25,262.1,266.08,261.9,-0.45,-0.17,29533.56,779744.589
20120717,253.76,260.0,260.99,253.31,-8.49,-3.24,36030.98,925218.299
20120718,244.96,253.6,255.9,239.9,-8.8,-3.47,74046.92,1815273.721
20120719,246.21,243.99,248.55,243.05,1.25,0.51,26580.99,654750.767
20120720,243.08,245.49,250.74,242.89,-3.13,-1.27,26054.64,644548.783
20120723,242.58,239.88,243.46,239.0,-0.5,-0.21,19811.4,477867.229
20120724,249.38,240.61,254.18,240.61,6.8,2.8,34372.14,853488.549
20120725,255.55,250.0,255.8,249.51,6.17,2.47,26170.22,664005.628
20120726,250.44,254.9,259.5,249.7,-5.11,-2.0,23418.79,594576.399
20120727,249.45,250.88,252.0,246.8,-0.99,-0.4,18421.65,458534.524
20120730,249.84,249.25,252.6,247.55,0.39,0.16,17495.31,439211.392
20120731,246.44,249.5,254.0,246.05,-3.4,-1.36,19465.72,487548.46
20120801,243.05,246.18,248.63,241.89,-3.39,-1.38,26715.17,654397.913
20120802,242.16,243.11,245.49,241.15,-0.89,-0.37,17054.77,414452.98
20120803,246.96,242.5,247.0,242.17,4.8,1.98,16472.73,403397.229
20120806,248.83,246.64,249.6,245.2,1.87,0.76,17320.99,428757.448
20120807,251.9,248.82,252.77,248.12,3.07,1.23,18119.18,454543.099
20120808,252.8,252.46,254.0,249.0,0.9,0.36,14893.41,375890.83
20120809,260.92,251.8,261.65,251.2,8.12,3.21,30672.4,789861.698
20120810,248.21,251.0,254.7,244.02,-12.71,-4.87,91225.8,2273430.545
20120813,248.0,248.48,249.68,246.8,-0.21,-0.08,23037.06,572237.191
20120814,247.5,248.0,249.99,245.0,-0.5,-0.2,18786.86,465808.752
20120815,244.13,246.98,247.4,243.5,-3.37,-1.36,22723.48,556345.599
20120816,239.28,244.26,245.5,239.07,-4.85,-1.99,31482.58,758259.7
20120817,229.62,238.42,238.42,228.5,-9.66,-4.04,59071.95,1365745.648
20120820,232.65,229.61,232.68,225.98,3.03,1.32,24052.08,554470.085
20120821,235.79,232.67,239.9,232.67,3.14,1.35,26323.24,624105.412
20120822,232.18,236.92,236.92,230.0,-3.61,-1.53,20423.1,473902.047
20120823,228.27,231.9,231.9,226.07,-3.91,-1.68,27956.0,639443.95
20120824,231.88,227.21,232.91,227.05,3.61,1.58,21676.2,500922.594
20120827,228.5,230.5,230.63,227.15,-3.38,-1.46,20899.4,478778.009
20120828,225.53,229.0,230.58,225.01,-2.97,-1.3,20294.76,461461.656
20120829,219.16,225.0,225.0,218.77,-6.37,-2.82,30425.67,674492.583
20120830,217.88,216.99,219.19,213.5,-1.28,-0.58,48348.71,1046698.765
20120831,219.76,218.0,222.0,217.2,1.88,0.86,22484.72,496296.849
20120904,233.43,237.0,238.0,231.0,13.67,6.22,111508.73,2606767.797
20120905,234.06,232.5,234.97,232.0,0.63,0.27,27490.49,643292.488
20120906,231.75,234.25,234.5,229.1,-2.31,-0.99,20794.19,481683.557
20120907,241.6,233.2,243.0,233.2,9.85,4.25,42812.8,1023079.148
20120910,241.68,241.71,246.0,239.28,0.08,0.03,28169.65,683513.906
20120911,239.73,240.3,240.3,237.98,-1.95,-0.81,16135.72,385605.48
20120912,240.26,241.5,246.5,238.9,0.53,0.22,29023.25,703237.246
20120913,239.98,240.45,241.54,238.3,-0.28,-0.12,14294.23,342849.642
20120914,244.76,241.0,245.15,239.11,4.78,1.99,24586.83,597041.985
20120917,241.3,245.0,246.68,241.2,-3.46,-1.41,20014.52,488152.584
20120918,240.33,240.79,243.1,239.5,-0.97,-0.4,18277.08,441080.167
20120919,231.56,239.54,241.0,230.15,-8.77,-3.65,40991.32,958082.585
20120920,229.04,230.9,232.79,228.89,-2.52,-1.09,21517.53,496309.722
20120921,230.59,228.31,233.0,228.12,1.55,0.68,15679.68,361373.291
20120924,232.36,229.0,232.98,228.08,1.77,0.77,17634.83,408195.802
20120925,238.51,232.47,238.58,231.5,6.15,2.65,26230.5,619272.096
20120926,235.87,238.0,240.56,233.7,-2.64,-1.11,20362.67,482230.825
20120927,240.69,235.0,241.58,234.53,4.82,2.04,27140.42,650222.918
20120928,245.8,239.02,245.95,239.0,5.11,2.12,31283.44,760146.554
20121008,239.94,245.3,245.3,237.48,-5.86,-2.38,23608.28,566527.56
20121009,244.15,240.98,245.05,240.04,4.21,1.75,23410.89,569554.621
20121010,243.82,243.0,244.83,240.75,-0.33,-0.14,13456.7,327126.305
20121011,241.93,242.35,243.75,241.13,-1.89,-0.78,10625.99,257483.485
20121012,243.51,242.62,244.79,241.73,1.58,0.65,11742.12,285916.686
20121015,245.71,244.77,247.24,244.77,2.2,0.9,18883.33,464547.296
20121016,249.81,245.11,251.08,245.11,4.1,1.67,27737.91,690466.784
20121017,248.78,249.81,250.5,247.9,-1.03,-0.41,15980.8,397637.468
20121018,251.22,249.25,254.5,249.0,2.44,0.98,22278.06,561905.413
20121019,253.0,251.25,254.96,251.25,1.78,0.71,18629.54,472389.448
20121022,250.54,252.68,253.53,247.8,-2.46,-0.97,19117.44,478244.292
20121023,244.7,250.8,250.8,244.6,-5.84,-2.33,18702.76,461008.027
20121024,246.28,244.6,247.12,244.1,1.58,0.65,10972.08,269652.766
20121025,246.07,247.0,248.0,244.3,-0.21,-0.09,9159.8,225725.463
20121026,241.09,248.72,248.98,240.07,-4.98,-2.02,24559.09,596652.705
20121029,241.82,241.59,243.6,239.05,0.73,0.3,14490.8,349849.288
20121030,244.58,241.8,245.49,241.21,2.76,1.14,15610.11,380664.727
20121031,247.34,244.52,247.94,243.65,2.76,1.13,15845.35,390460.776
20121101,249.4,248.21,250.85,246.35,2.06,0.83,18191.26,453437.145
20121102,248.36,249.2,250.5,246.28,-1.04,-0.42,16974.81,420531.725
20121105,242.92,246.99,246.99,241.2,-5.44,-2.19,22665.59,552311.463
20121106,235.93,242.41,242.41,235.5,-6.99,-2.88,41713.23,991450.62
20121107,237.47,235.0,238.03,235.0,1.54,0.65,16217.59,383915.183
20121108,234.1,235.99,236.95,233.85,-3.37,-1.42,16261.81,382711.598
20121109,234.81,234.09,235.8,233.66,0.71,0.3,11670.06,273825.06
20121112,231.46,235.0,235.78,228.89,-3.35,-1.43,20464.33,472928.286
20121113,228.06,231.0,231.0,225.7,-3.4,-1.47,20447.77,465306.375
20121114,230.65,228.38,231.0,226.5,2.59,1.14,12238.48,280680.242
20121115,227.25,229.0,229.0,226.33,-3.4,-1.47,11400.61,259657.23
20121116,224.4,226.8,226.95,222.5,-2.85,-1.25,19677.13,441363.632
20121119,214.05,224.4,224.4,208.9,-10.35,-4.61,70484.01,1508795.035
20121120,215.96,212.85,218.34,212.5,1.91,0.89,38078.16,820492.572
20121121,218.65,215.85,219.8,211.79,2.69,1.25,33334.64,719458.14
20121122,217.29,207.5,217.46,206.8,-1.36,-0.62,51520.8,1093946.85
20121123,222.23,215.02,223.0,215.01,4.94,2.27,29844.64,655947.672
20121126,217.05,221.41,221.8,215.5,-5.18,-2.33,21954.75,478884.312
20121127,219.76,217.05,221.09,216.18,2.71,1.25,20458.85,447807.811
20121128,218.39,219.25,219.25,217.0,-1.37,-0.62,15017.08,328018.453
20121129,219.28,218.4,220.12,218.14,0.89,0.41,15675.74,343521.807
20121130,216.01,219.2,219.2,213.21,-3.27,-1.49,21371.37,459310.347
20121203,200.19,213.0,213.0,199.05,-15.82,-7.32,79372.36,1620343.239
20121204,196.95,195.01,199.98,190.8,-3.24,-1.62,78705.41,1534594.318
20121205,196.64,194.3,200.52,188.63,-0.31,-0.16,111703.81,2172380.167
20121206,194.21,196.2,197.0,184.0,-2.43,-1.24,117561.99,2244829.139
20121207,198.79,196.99,202.69,196.58,4.58,2.36,99501.41,1983064.728
20121211,202.31,198.5,208.0,198.5,3.52,1.77,92232.6,1869715.843
20121212,211.86,205.0,211.99,202.5,9.55,4.72,64325.31,1327462.831
20121213,205.7,209.89,214.98,205.1,-6.16,-2.91,61996.46,1297953.947
20121214,207.92,203.0,209.5,198.5,2.22,1.08,78926.33,1609442.087
20121217,211.09,206.0,213.66,202.0,3.17,1.52,71361.26,1488539.58
20121218,214.53,211.21,216.78,211.17,3.44,1.63,46945.45,1005177.386
20121219,219.45,213.13,221.0,213.01,4.92,2.29,47569.78,1039482.925
20121220,218.4,218.5,220.4,215.59,-1.05,-0.48,34434.14,750851.79
20121221,216.6,217.69,219.0,215.83,-1.8,-0.82,25092.81,544719.331
20121224,204.58,212.01,212.01,200.0,-12.02,-5.55,100050.74,2054317.655
20121225,204.72,202.9,206.87,201.22,0.14,0.07,59533.52,1218659.231
20121226,205.25,203.78,206.8,202.71,0.53,0.26,44866.24,918674.03
20121227,207.58,205.3,209.5,203.74,2.33,1.14,60926.24,1259077.997
20121228,212.3,207.6,215.58,207.6,4.72,2.27,56589.24,1202787.58
20121231,209.02,213.31,214.8,206.35,-3.28,-1.55,51914.83,1085776.117
20130104,206.94,212.0,212.0,205.0,-2.08,-1.0,58370.34,1205796.538
20130107,204.29,205.88,205.88,202.5,-2.65,-1.28,41271.39,840359.829
20130108,210.84,203.18,210.85,203.18,6.55,3.21,65286.98,1362186.171
20130109,216.45,211.5,217.65,211.5,5.61,2.66,53749.32,1159330.305
20130110,214.5,215.58,217.0,213.0,-1.95,-0.9,30527.86,656830.931
20130111,211.26,213.72,215.15,209.88,-3.24,-1.51,37009.99,784542.945
20130114,209.42,208.5,210.3,202.81,-1.84,-0.87,68183.58,1410483.972
20130115,210.85,208.79,212.1,206.82,1.43,0.68,52635.08,1103130.868
20130116,206.0,205.0,206.8,203.68,-4.85,-2.3,69501.65,1427067.086
20130117,205.13,204.99,207.68,204.52,-0.87,-0.42,36201.85,744614.971
20130118,203.76,206.15,206.48,200.11,-1.37,-0.67,55318.07,1122848.386
20130121,197.31,202.8,202.8,196.3,-6.45,-3.17,74779.28,1482664.898
20130122,198.83,195.81,199.73,189.0,1.52,0.77,73815.41,1425054.465
20130123,198.98,196.0,199.51,193.8,0.15,0.08,51013.93,1006483.564
20130124,195.96,197.9,200.1,194.8,-3.02,-1.52,59474.38,1171137.855
20130125,189.05,189.0,191.8,186.1,-6.91,-3.53,80007.86,1508197.81
20130128,178.5,186.0,187.8,178.0,-10.55,-5.58,158290.58,2857092.951
20130129,178.16,176.0,179.99,172.0,-0.34,-0.19,115447.87,2034723.439
20130130,180.12,177.05,182.49,176.68,1.96,1.1,71376.78,1285436.676
20130131,178.9,181.2,181.8,177.77,-1.22,-0.68,37816.23,678384.682
20130201,178.98,178.88,181.77,178.03,0.08,0.04,45265.64,813241.68
20130204,175.13,180.0,180.95,174.0,-3.85,-2.15,64964.02,1142310.991
20130205,184.43,174.95,184.5,173.8,9.3,5.31,87825.4,1575281.159
20130206,183.93,184.98,185.07,182.0,-0.5,-0.27,46195.17,849026.089
20130207,185.17,183.0,186.55,181.32,1.24,0.67,48567.91,895061.569
20130208,187.86,185.15,188.4,184.3,2.69,1.45,41572.53,778273.77
20130218,179.69,188.3,188.3,179.0,-8.17,-4.35,56569.78,1024714.902
20130219,177.92,178.98,180.59,176.8,-1.77,-0.99,37737.53,673362.435
20130220,177.9,177.0,179.98,175.02,-0.02,-0.01,36582.26,650765.308
20130221,180.02,175.23,185.2,175.05,2.12,1.19,53832.87,974530.658
20130222,185.59,181.0,186.6,181.0,5.57,3.09,62864.18,1163340.82
20130225,181.09,184.0,185.35,180.26,-4.5,-2.42,34549.09,629472.576
20130226,177.37,180.7,184.0,177.33,-3.72,-2.05,43754.79,783158.037
20130227,176.77,176.61,178.7,175.56,-0.6,-0.34,34158.15,602608.232
20130228,175.0,177.8,177.8,172.0,-1.77,-1.0,56786.43,990766.787
20130301,173.82,174.3,175.96,172.99,-1.18,-0.67,38003.45,661720.749
20130304,174.72,173.72,176.62,173.72,0.9,0.52,52072.95,912360.626
20130305,175.0,175.42,176.46,173.86,0.28,0.16,36974.71,648668.784
20130306,177.22,176.0,177.3,173.65,2.22,1.27,49227.26,861725.426
20130307,183.86,179.38,188.6,179.32,6.64,3.75,85190.62,1573676.093
20130308,184.13,186.01,187.5,183.67,0.27,0.15,35959.78,667118.431
20130311,185.2,183.8,185.5,181.81,1.07,0.58,34965.28,642927.319
20130312,182.18,186.0,186.1,180.0,-3.02,-1.63,25393.65,465220.571
20130313,183.83,182.4,186.02,182.4,1.65,0.91,30769.9,567812.074
20130314,178.94,182.5,184.77,178.66,-4.89,-2.66,35124.0,635985.859
20130315,176.97,177.52,180.7,175.1,-1.97,-1.1,35961.12,639236.967
20130318,169.45,176.9,176.9,168.19,-7.52,-4.25,78231.53,1336285.511
20130319,165.18,168.2,169.82,164.51,-4.27,-2.52,63414.03,1052322.589
20130320,169.91,165.26,170.59,164.1,4.73,2.86,71894.98,1202347.854
20130321,166.78,169.5,169.5,165.8,-3.13,-1.84,65392.72,1091400.974
20130322,169.05,166.48,169.9,165.71,2.27,1.36,45578.63,767262.032
20130325,169.03,169.0,170.77,168.1,-0.02,-0.01,31966.46,541959.904
20130326,169.88,169.1,171.21,168.41,0.85,0.5,32480.09,551865.776
20130327,166.79,170.01,170.4,165.4,-3.09,-1.82,47662.21,795809.835
20130328,166.82,166.08,168.18,162.31,0.03,0.02,41490.9,685703.919
20130329,168.86,167.25,169.57,166.02,2.04,1.22,47717.09,802924.384
20130401,164.95,168.09,168.46,164.58,-3.91,-2.32,29128.8,483197.214
20130402,163.71,165.1,165.97,163.27,-1.24,-0.75,32524.9,534554.075
20130403,163.85,163.68,165.0,163.18,0.14,0.09,21990.5,360543.77
20130408,164.32,162.14,165.0,160.45,0.47,0.29,37732.76,613230.373
20130409,163.6,163.89,164.9,162.7,-0.72,-0.44,24194.65,396645.807
20130410,169.96,164.0,171.11,162.7,6.36,3.89,70858.38,1194391.2
20130411,168.92,170.0,171.0,168.3,-1.04,-0.61,29729.52,504695.116
20130412,172.23,168.92,174.4,168.5,3.31,1.96,59800.06,1032119.622
20130415,172.74,172.27,173.66,170.02,0.51,0.3,28336.73,487286.254
20130416,173.16,170.0,175.2,169.6,0.42,0.24,39137.92,676673.436
20130417,178.49,173.6,178.77,173.55,5.33,3.08,42974.08,760898.345
20130418,179.15,177.2,180.0,176.01,0.66,0.37,41956.84,749007.268
20130419,179.23,179.4,179.88,176.89,0.08,0.04,39238.38,701185.036
20130422,173.71,178.9,178.9,173.5,-5.52,-3.08,42745.96,747616.492
20130423,171.81,173.5,174.98,171.7,-1.9,-1.09,30952.62,535923.146
20130424,174.87,172.22,175.0,170.3,3.06,1.78,30402.61,525381.344
20130425,176.7,174.02,177.56,173.22,1.83,1.05,25359.69,446045.076
20130426,173.99,177.41,178.0,173.01,-2.71,-1.53,16307.64,285787.932
20130502,171.11,173.0,173.05,169.03,-2.88,-1.66,28586.79,489586.43
20130503,172.45,171.8,174.02,170.6,1.34,0.78,21460.52,369986.951
20130506,177.8,173.0,177.98,171.98,5.35,3.1,30196.39,529181.415
20130507,187.69,179.02,188.34,179.02,9.89,5.56,71020.55,1305178.758
20130508,188.89,187.8,190.0,186.13,1.2,0.64,42416.06,799534.954
20130509,197.18,189.26,197.2,189.26,8.29,4.39,70134.68,1370326.17
20130510,197.11,197.01,200.92,196.01,-0.07,-0.04,48776.59,970170.014
20130513,197.68,197.11,201.6,193.77,0.57,0.29,32579.04,645155.894
20130514,191.19,196.1,197.1,190.01,-6.49,-3.28,36431.6,701153.965
20130515,194.66,190.88,196.66,190.72,3.47,1.81,23264.4,452499.708
20130516,194.85,194.01,200.51,192.0,0.19,0.1,45462.27,893376.381
20130517,195.91,194.08,196.45,193.0,1.06,0.54,33556.72,654713.526
20130520,195.0,196.8,198.48,194.45,-0.91,-0.46,30944.06,605797.988
20130521,195.02,194.88,195.76,193.51,0.02,0.01,23102.34,449227.066
20130522,199.47,195.65,200.6,195.1,4.45,2.28,46149.64,917905.229
20130523,202.44,199.6,206.49,199.6,2.97,1.49,62247.45,1272531.72
20130524,200.93,204.0,207.17,200.0,-1.51,-0.75,45073.12,915894.075
20130527,201.63,201.97,202.1,198.0,0.7,0.35,26778.12,536544.405
20130528,202.14,201.88,203.31,199.55,0.51,0.25,23676.36,477386.72
20130529,201.49,203.0,206.87,201.35,-0.65,-0.32,32340.02,659505.373
20130530,200.25,200.8,202.82,199.01,-1.24,-0.62,25019.42,500916.433
20130531,197.1,200.97,201.4,197.0,-3.15,-1.57,24590.56,490984.247
20130603,202.08,198.1,202.55,197.18,4.98,2.53,40256.75,807356.528
20130604,201.7,202.3,205.3,201.65,-0.38,-0.19,42356.92,862313.622
20130605,201.17,201.99,202.5,199.58,-0.53,-0.26,23724.42,476555.327
20130606,201.66,201.21,204.8,201.21,0.49,0.24,33877.35,688473.447
20130607,196.26,195.11,200.0,193.51,1.02,0.52,25478.38,502253.009
20130613,194.71,195.12,198.48,192.01,-1.55,-0.79,44998.64,876852.216
20130614,194.02,194.35,195.0,189.58,-0.69,-0.35,32518.67,625711.421
20130617,189.48,194.27,194.98,189.21,-4.54,-2.34,29689.27,568914.661
20130618,191.65,189.16,191.8,186.52,2.17,1.15,27377.72,516512.033
20130619,194.83,190.88,195.5,188.2,3.18,1.66,28909.18,556142.175
20130620,191.74,194.46,195.48,190.61,-3.09,-1.59,25586.81,493350.639
20130621,191.17,190.04,195.88,187.5,-0.57,-0.3,39654.19,762942.568
20130624,185.62,191.61,192.0,185.18,-5.55,-2.9,40807.2,765344.886
20130625,189.84,185.56,190.3,176.03,4.22,2.27,51352.49,952843.639
20130626,188.72,188.49,189.82,184.78,-1.12,-0.59,32903.48,613847.368
20130627,189.58,188.72,192.35,188.09,0.86,0.46,34135.76,651525.208
20130628,192.37,188.85,193.46,188.85,2.79,1.47,28070.02,540002.73
20130701,194.29,192.03,194.97,191.02,1.92,1.0,25828.52,498364.213
20130702,197.95,194.27,198.99,192.62,3.66,1.88,33453.17,656544.871
20130703,197.97,198.9,199.8,196.13,0.02,0.01,35424.64,702154.07
20130704,196.62,197.07,199.86,196.58,-1.35,-0.68,24214.52,480333.716
20130705,197.12,196.9,199.37,196.9,0.5,0.25,17779.54,351961.193
20130708,195.16,196.88,197.89,193.0,-1.96,-0.99,24113.9,471887.316
20130709,192.05,196.3,196.3,190.71,-3.11,-1.59,20233.61,390495.512
20130710,193.84,191.21,194.1,188.89,1.79,0.93,33244.96,635969.702
20130711,195.97,194.55,196.5,192.03,2.13,1.1,46056.61,897968.904
20130712,188.81,195.11,196.77,188.7,-7.16,-3.65,42991.64,823551.963
20130715,187.95,189.38,190.1,184.93,-0.86,-0.46,36607.35,683259.585
20130716,190.95,188.16,191.28,185.5,3.0,1.6,37011.4,698456.698
20130717,186.92,190.5,190.79,186.81,-4.03,-2.11,27388.46,517180.73
20130718,185.07,187.0,187.45,183.7,-1.85,-0.99,25699.77,475329.686
20130719,176.01,185.01,185.01,174.53,-9.06,-4.9,73319.22,1309145.807
20130722,174.88,175.66,177.09,173.05,-1.13,-0.64,27062.32,472471.726
20130723,179.59,175.93,180.29,174.98,4.71,2.69,28756.11,513622.532
20130724,174.62,179.4,179.4,173.1,-4.97,-2.77,44067.23,772480.648
20130725,178.74,175.4,179.8,174.3,4.12,2.36,39540.54,701690.246
20130726,174.97,177.0,177.8,174.9,-3.77,-2.11,19045.67,334279.508
20130729,171.32,174.28,174.28,171.0,-3.65,-2.09,26883.31,462873.572
20130730,168.43,170.3,171.28,165.59,-2.89,-1.69,42113.97,708812.312
20130731,168.5,169.68,171.2,167.7,0.07,0.04,14590.04,246901.546
20130801,171.89,169.98,172.5,169.06,3.39,2.01,24852.59,426199.169
20130802,176.03,172.79,178.16,172.69,4.14,2.41,29240.78,514840.309
20130805,175.5,176.03,176.77,173.9,-0.53,-0.3,18065.07,316638.075
20130806,175.23,173.93,175.5,172.7,-0.27,-0.15,26562.26,462053.656
20130807,176.38,174.8,178.66,173.73,1.15,0.66,28377.75,501679.186
20130808,175.16,176.42,177.36,174.4,-1.22,-0.69,16076.73,282184.726
20130809,172.83,175.45,176.09,170.94,-2.33,-1.33,22889.24,396239.81
20130812,178.31,172.8,178.43,172.51,5.48,3.17,39390.34,692000.838
20130813,179.95,178.01,180.5,176.5,1.64,0.92,25435.83,453549.742
20130814,178.69,179.89,182.34,178.4,-1.26,-0.7,21721.9,392821.868
20130815,177.46,178.86,181.2,177.39,-1.23,-0.69,15365.66,274789.284
20130816,174.4,177.53,181.0,174.05,-3.06,-1.72,34973.93,617783.344
20130819,175.17,175.4,175.91,173.0,0.77,0.44,19357.61,337652.097
20130820,173.61,174.15,175.0,172.7,-1.56,-0.89,31250.74,541646.639
20130821,174.69,175.01,175.15,172.4,1.08,0.62,23103.2,401820.452
20130822,175.08,174.6,176.68,174.02,0.39,0.22,15501.52,272139.857
20130823,172.99,175.97,175.98,171.5,-2.09,-1.19,19529.64,338959.489
20130826,173.94,173.11,175.0,172.0,0.95,0.55,16885.31,293255.612
20130827,173.15,173.77,173.77,172.0,-0.79,-0.45,24436.55,422029.095
20130828,169.9,172.17,172.17,169.57,-3.25,-1.88,30603.04,521639.363
20130829,168.48,170.0,170.34,168.11,-1.42,-0.84,21804.02,368545.672
20130830,168.78,168.48,169.0,167.55,0.3,0.18,25861.42,435606.368
20130902,151.92,160.8,160.8,151.9,-16.86,-9.99,224970.74,3438418.525
20130903,151.66,151.0,152.8,149.0,-0.26,-0.17,123211.05,1855978.596
20130904,152.1,152.0,153.55,151.6,0.44,0.29,76789.98,1171694.804
20130905,150.27,151.86,152.8,149.3,-1.83,-1.2,71283.26,1070129.375
20130906,150.28,150.1,150.9,149.77,0.01,0.01,37783.66,567391.478
20130909,150.95,151.0,151.52,149.88,0.67,0.45,69270.92,1042258.764
20130910,151.62,150.8,151.88,150.08,0.67,0.44,54093.09,816720.661
20130911,152.57,151.75,152.78,150.0,0.95,0.63,69012.93,1045733.434
20130912,151.73,152.63,153.2,151.21,-0.84,-0.55,47723.11,725740.678
20130913,152.02,151.69,154.48,151.65,0.29,0.19,68254.87,1044001.958
20130916,149.65,152.62,152.62,149.59,-2.37,-1.56,58877.12,889024.058
20130917,141.3,149.0,149.2,140.51,-8.35,-5.58,109057.97,1571781.594
20130918,141.9,141.0,142.38,139.5,0.6,0.42,67317.66,949223.067
20130923,140.81,141.99,142.0,140.05,-1.09,-0.77,65409.62,921212.137
20130924,136.8,141.0,142.26,136.7,-4.01,-2.85,98819.15,1371542.71
20130925,135.16,136.55,137.5,133.02,-1.64,-1.2,69789.01,943851.491
20130926,135.42,134.0,136.22,134.0,0.26,0.19,47227.83,638421.037
20130927,134.06,135.49,136.16,133.79,-1.36,-1.0,34639.25,465617.869
20130930,135.94,133.93,136.31,133.52,1.88,1.4,50460.64,681360.332
20131008,136.67,135.76,137.4,134.19,0.73,0.54,56867.25,773294.157
20131009,136.99,136.6,137.4,135.8,0.32,0.23,40815.04,557664.494
20131010,137.04,137.0,137.38,136.25,0.05,0.04,29045.52,397207.813
20131011,137.52,135.3,137.83,135.3,0.48,0.35,36455.56,499830.914
20131014,139.65,137.95,139.73,137.32,2.13,1.55,55274.79,767129.557
20131015,144.25,139.74,144.8,139.08,4.6,3.29,69277.51,986261.708
20131016,144.24,146.3,147.7,142.1,-0.01,-0.01,94813.2,1382754.194
20131017,144.19,144.59,145.8,143.5,-0.05,-0.03,48621.19,703391.97
20131018,142.98,144.49,144.91,142.0,-1.21,-0.84,35574.95,510349.74
20131021,145.09,143.51,145.3,142.2,2.11,1.48,47022.98,677908.678
20131022,143.42,144.8,144.8,142.75,-1.67,-1.15,24581.39,353140.635
20131023,143.69,143.26,144.68,142.21,0.27,0.19,26215.11,375070.072
20131024,143.71,143.3,143.97,142.7,0.02,0.01,26255.33,376580.495
20131025,136.73,143.01,143.01,135.6,-6.98,-4.86,58584.15,807380.213
20131028,133.97,135.78,136.77,133.26,-2.76,-2.02,32141.02,431472.151
20131029,132.8,134.15,134.66,131.5,-1.17,-0.87,35182.94,468246.86
20131030,132.59,132.98,133.3,131.96,-0.21,-0.16,25343.46,335579.62
20131031,135.11,132.65,136.51,132.5,2.52,1.9,34893.43,471033.933
20131101,135.18,134.33,135.84,133.8,0.07,0.05,22154.47,299057.62
20131104,136.34,135.45,136.97,135.27,1.16,0.86,19436.28,264834.002
20131105,138.11,135.8,138.39,134.7,1.77,1.3,27843.07,381603.609
20131106,139.65,138.28,141.01,137.5,1.54,1.12,44449.25,619496.988
20131107,138.97,139.36,139.88,136.7,-0.68,-0.49,21358.88,294635.357
20131108,136.14,138.6,139.99,136.01,-2.83,-2.04,21537.43,298492.269
20131111,139.55,138.0,141.68,136.18,3.41,2.5,52328.77,729491.561
20131112,144.84,139.42,145.35,139.05,5.29,3.79,69478.01,997440.468
20131113,144.72,144.09,146.45,143.1,-0.12,-0.08,31881.46,460888.127
20131114,144.07,145.0,145.0,141.69,-0.65,-0.4491,24042.02,344294.687
20131115,143.44,143.74,144.62,142.1,-0.63,-0.44,33597.85,481165.007
20131118,143.49,144.0,144.86,142.8,0.05,0.03,41571.71,596980.141
20131119,142.82,143.5,144.2,141.3,-0.67,-0.47,41166.83,588099.506
20131120,142.06,142.74,142.92,141.4,-0.76,-0.53,25517.8,362889.657
20131121,138.66,141.68,142.29,138.55,-3.4,-2.39,32991.98,459524.467
20131122,138.47,138.66,139.35,137.98,-0.19,-0.14,28110.9,389528.915
20131125,140.93,137.78,141.86,137.52,2.46,1.78,26181.02,367831.844
20131126,139.98,140.99,141.84,139.78,-0.95,-0.67,16406.04,230259.508
20131127,139.95,139.99,141.19,138.6,-0.03,-0.02,15679.52,219358.339
20131128,141.83,139.98,142.65,139.98,1.88,1.34,22240.51,315027.615
20131129,141.44,141.0,141.65,139.92,-0.39,-0.28,20423.78,287184.36
20131202,136.78,140.01,140.27,136.5,-4.66,-3.29,42892.4,591853.929
20131203,137.58,136.55,137.92,135.34,0.8,0.58,32882.3,448934.466
20131204,138.48,137.46,139.02,136.57,0.9,0.65,33510.42,463071.203
20131205,136.99,138.44,138.44,136.95,-1.49,-1.08,19326.31,265765.318
20131206,138.75,136.77,139.1,136.0,1.76,1.28,29150.72,402741.316
20131209,137.94,138.6,138.7,136.0,-0.81,-0.58,25371.9,347999.972
20131210,136.95,137.51,137.9,136.2,-0.99,-0.72,25392.66,347805.549
20131211,136.39,136.86,137.6,136.17,-0.56,-0.41,19868.16,271716.036
20131212,136.4,136.33,137.34,136.2,0.01,0.01,18306.95,250384.797
20131213,136.4,136.23,137.39,136.22,0.0,0.0,19267.26,263371.186
20131216,132.97,136.01,136.42,132.87,-3.43,-2.51,32869.44,439536.257
20131217,133.21,132.95,134.73,132.4,0.24,0.18,15641.2,209082.464
20131218,132.49,132.99,133.5,132.31,-0.72,-0.54,20105.17,266750.697
20131219,131.15,133.29,133.4,131.1,-1.34,-1.01,17813.45,235156.558
20131220,126.65,131.25,131.75,126.0,-4.5,-3.43,38556.01,495862.858
20131223,126.51,126.43,127.64,126.12,-0.14,-0.11,19222.51,243709.867
20131224,126.61,127.0,127.7,126.38,0.1,0.08,27897.14,354505.538
20131225,126.26,127.0,127.37,125.89,-0.35,-0.28,18439.45,233016.83
20131226,124.74,126.0,126.23,124.14,-1.52,-1.2,34156.22,427007.202
20131227,126.2,125.2,127.23,124.74,1.46,1.17,25455.48,321517.73
20131230,124.46,126.45,126.98,123.99,-1.74,-1.38,32166.72,401569.202
20131231,128.38,124.0,129.31,122.5,3.92,3.15,57546.49,730676.611
20140102,125.98,127.99,127.99,125.6,-2.4,-1.87,21976.66,277430.218
20140103,123.98,125.25,125.8,123.23,-2.0,-1.59,23341.65,288934.602
20140106,120.73,122.88,124.9,120.7,-3.25,-2.62,30229.21,367274.761
20140107,120.56,120.11,121.35,119.2,-0.17,-0.14,18039.46,216936.563
20140108,119.4,120.49,121.18,118.01,-1.16,-0.96,31989.59,380752.975
20140109,119.34,119.0,121.8,118.6,-0.06,-0.05,47886.71,575090.339
20140110,119.27,119.01,120.43,118.05,-0.07,-0.06,21126.63,251742.737
20140113,119.89,119.3,122.32,119.08,0.62,0.52,37646.46,454274.359
20140114,121.31,120.2,121.79,118.9,1.42,1.18,23474.99,282925.547
20140115,118.76,120.51,121.15,118.05,-2.55,-2.1,19720.69,235363.881
20140116,121.99,118.85,122.45,118.74,3.23,2.72,39119.63,474484.847
20140117,120.3,121.8,122.65,120.12,-1.69,-1.39,32363.73,393324.788
20140120,126.79,121.9,127.3,121.02,6.49,5.39,60090.63,751598.256
20140121,126.99,126.0,128.71,125.35,0.2,0.16,35404.62,451224.694
20140122,134.17,126.98,134.81,126.3,7.18,5.65,73667.81,975900.199
20140123,134.09,134.18,135.4,131.76,-0.08,-0.06,40258.48,538497.403
20140124,135.5,133.5,135.69,132.51,1.41,1.05,35780.7,482834.462
20140127,140.75,134.89,143.78,134.66,5.25,3.87,83510.84,1170783.93
20140128,139.22,140.51,142.0,137.5,-1.53,-1.09,36401.15,508739.365
20140129,137.01,139.78,141.06,136.49,-2.21,-1.59,31520.4,434136.676
20140130,132.2,136.5,136.95,131.0,-4.81,-3.51,37223.44,496967.643
20140207,133.89,132.06,134.62,131.06,1.69,1.28,23865.61,317924.201
20140210,132.86,134.0,134.4,130.86,-1.03,-0.77,36251.74,479835.319
20140211,134.04,132.8,135.58,132.1,1.18,0.89,43006.94,578123.049
20140212,134.15,134.2,134.97,133.31,0.11,0.08,19283.48,258332.741
20140213,135.67,134.03,138.39,134.01,1.52,1.13,38567.47,528398.492
20140214,142.9,135.39,143.0,135.39,7.23,5.33,67410.37,946589.741
20140217,149.98,144.1,150.99,144.1,7.08,4.95,87465.17,1301703.98
20140218,147.01,149.44,149.44,146.12,-2.97,-1.98,33640.35,496116.912
20140219,149.53,147.05,151.98,147.05,2.52,1.71,31482.66,472702.776
20140220,148.99,149.5,151.58,148.0,-0.54,-0.36,23188.97,346513.535
20140221,149.08,148.0,150.15,147.78,0.09,0.06,34125.4,508426.618
20140224,147.62,149.1,151.08,145.61,-1.46,-0.98,31178.65,463140.9
20140225,142.37,148.0,148.4,141.0,-5.25,-3.56,46279.93,662701.579
20140226,142.03,140.56,144.98,139.05,-0.34,-0.24,26513.94,377024.801
20140227,144.95,142.15,145.79,140.02,2.92,2.06,25646.11,367761.88
20140228,150.02,145.0,150.8,144.95,5.07,3.5,41926.17,626931.554
20140303,154.93,150.0,154.99,148.33,4.91,3.27,48816.65,745535.034
20140304,153.4,152.12,159.29,152.0,-1.53,-0.99,50866.76,795957.015
20140305,159.84,154.03,159.99,152.0,6.44,4.2,47211.54,741663.988
20140306,162.0,160.21,162.3,157.0,2.16,1.35,42741.21,684035.158
20140307,165.49,162.0,167.2,160.04,3.49,2.15,58110.48,952251.168
20140310,156.94,164.8,165.8,154.03,-8.55,-5.17,49985.48,797666.915
20140311,162.18,156.0,163.6,155.1,5.24,3.34,38561.41,619885.231
20140312,158.53,161.08,163.6,155.78,-3.65,-2.25,36763.92,582653.268
20140313,164.87,157.6,165.1,157.11,6.34,4.0,42637.78,695571.566
20140314,163.87,164.06,166.0,161.8,-1.0,-0.61,24933.55,407076.138
20140317,166.47,165.0,166.66,162.01,2.6,1.59,32198.88,529609.724
20140318,171.32,168.3,176.2,168.3,4.85,2.91,59473.71,1030329.361
20140319,174.37,169.9,175.0,169.0,3.05,1.78,35365.79,613576.537
20140320,169.18,174.3,174.5,169.0,-5.19,-2.98,33895.21,579777.921
20140321,171.4,168.44,171.98,165.5,2.22,1.31,40318.81,680945.758
20140324,171.29,171.0,175.73,169.9,-0.11,-0.06,26320.92,453477.911
20140325,166.81,168.4,168.4,155.59,-4.48,-2.62,62403.83,1024298.853
20140326,158.49,165.1,166.11,158.36,-8.32,-4.99,57376.39,927285.406
20140327,157.66,157.66,160.8,156.4,-0.83,-0.52,38044.59,603835.726
20140328,152.64,157.82,158.99,151.01,-5.02,-3.18,48272.96,740132.771
20140331,154.7,152.01,157.38,152.0,2.06,1.35,30583.6,473939.133
20140401,162.49,154.71,162.55,154.4,7.79,5.04,34046.89,544622.704
20140402,165.64,162.74,169.66,161.03,3.15,1.94,46698.33,777378.72
20140403,165.31,167.56,167.69,163.5,-0.33,-0.2,26918.48,444348.448
20140404,164.06,164.65,165.3,161.0,-1.25,-0.76,23206.51,377896.957
20140408,164.54,163.92,165.42,161.01,0.48,0.29,25927.49,423934.5
20140409,163.35,165.02,166.63,162.13,-1.19,-0.72,21618.89,354031.803
20140410,169.51,163.27,171.02,159.5,6.16,3.77,54177.87,897611.262
20140411,176.08,172.0,179.6,172.0,6.57,3.88,90225.79,1593651.865
20140414,174.36,174.7,177.31,173.0,-1.72,-0.98,26824.36,469646.916
20140415,174.49,173.2,175.87,173.2,0.13,0.07,25880.21,452432.807
20140416,171.02,173.7,174.56,170.19,-3.47,-1.99,22040.62,379301.956
20140417,175.2,170.8,176.0,170.21,4.18,2.44,29744.41,517914.682
20140418,175.31,175.0,177.77,173.3,0.11,0.06,19601.46,344825.514
20140421,172.05,174.01,175.98,172.0,-3.26,-1.86,18333.79,318935.964
20140422,172.13,172.0,175.13,171.52,0.08,0.05,22344.96,387206.385
20140423,176.06,172.08,176.49,172.03,3.93,2.28,33755.73,592119.543
20140424,175.76,176.15,176.71,173.7,-0.3,-0.17,12581.35,220213.004
20140425,164.69,167.98,168.0,161.79,-11.07,-6.3,95877.43,1581409.278
20140428,162.79,162.08,164.56,159.81,-1.9,-1.15,33028.6,535511.089
20140429,163.59,162.8,165.48,162.47,0.8,0.49,27996.49,459181.201
20140430,163.88,163.95,164.29,162.53,0.29,0.18,19220.66,314017.274
20140505,160.25,163.5,163.5,157.08,-3.63,-2.22,36743.47,585326.687
20140506,160.79,160.0,162.7,160.0,0.54,0.34,13622.95,219512.505
20140507,160.66,161.61,161.61,159.6,-0.13,-0.08,11960.73,192090.276
20140508,160.67,160.8,162.49,160.42,0.01,0.01,14697.86,237490.046
20140509,160.62,160.66,162.3,160.3,-0.05,-0.03,16721.45,269803.731
20140512,160.91,162.29,162.3,159.5,0.29,0.18,26194.78,420667.493
20140513,160.74,160.77,161.61,159.56,-0.17,-0.11,15939.36,256197.646
20140514,155.27,159.99,160.93,154.01,-5.47,-3.4,34016.55,534826.236
20140515,156.15,154.98,157.08,154.5,0.88,0.57,16983.38,264995.351
20140516,155.16,156.15,157.1,154.67,-0.99,-0.63,18467.3,286938.905
20140519,147.98,152.5,153.0,147.94,-7.18,-4.63,56250.09,838456.335
20140520,144.98,148.1,149.44,143.6,-3.0,-2.03,46885.91,682615.74
20140521,151.0,144.1,151.66,143.95,6.02,4.15,38737.87,575063.792
20140522,150.05,150.9,153.6,149.65,-0.95,-0.63,18678.94,281907.878
20140523,152.3,150.0,152.78,149.98,2.25,1.5,14009.63,212338.047
20140526,153.57,154.9,154.9,152.85,1.27,0.83,8910.56,137024.228
20140527,153.2,153.0,155.75,152.86,-0.37,-0.24,13035.07,201097.681
20140528,153.94,152.89,155.0,152.8,0.74,0.48,12501.97,192903.907
20140529,154.29,153.73,155.93,153.46,0.35,0.23,10106.82,156525.431
20140530,153.22,154.25,155.28,153.02,-1.07,-0.69,9217.65,141927.539
20140603,152.77,153.0,154.5,152.25,-0.45,-0.29,13048.48,199563.914
20140604,151.15,152.99,153.38,150.02,-1.62,-1.06,10494.31,158991.999
20140605,154.77,151.12,155.0,149.33,3.62,2.4,20678.63,314507.72
20140606,153.59,154.68,155.65,152.29,-1.18,-0.76,9477.45,145936.33
20140609,153.23,152.3,154.4,152.3,-0.36,-0.23,10034.81,154198.989
20140610,154.8,153.25,155.29,153.25,1.57,1.02,19305.51,298186.72
20140611,153.94,154.75,155.38,153.21,-0.86,-0.56,10781.45,166086.241
20140612,152.63,154.07,154.07,152.12,-1.31,-0.85,11499.6,175855.795
20140613,152.81,152.69,153.83,151.16,0.18,0.12,16970.46,259337.717
20140616,154.42,152.9,154.78,152.4,1.61,1.05,16237.9,249568.876
20140617,153.19,154.3,154.3,152.2,-1.23,-0.8,16364.86,250297.887
20140618,153.58,153.8,154.45,153.4,0.39,0.25,14024.56,215965.707
20140619,152.73,153.56,154.2,152.5,-0.85,-0.55,11551.44,176868.338
20140620,153.18,152.7,153.6,152.32,0.45,0.29,12019.4,183993.516
20140623,156.31,153.5,156.38,153.36,3.13,2.04,28983.85,449611.781
20140624,163.57,156.62,163.8,156.55,7.26,4.64,38532.63,621636.108
20140625,142.23,145.33,145.33,141.5,-2.49,-1.72,38171.11,546556.386
20140626,141.64,142.23,142.98,141.41,-0.59,-0.41,36348.51,515915.138
20140627,140.38,141.42,141.42,139.22,-1.26,-0.89,26477.92,371027.132
20140630,141.98,141.18,142.89,140.4,1.6,1.14,24399.5,345879.987
20140701,141.77,142.59,142.59,140.8,-0.21,-0.15,11946.68,168987.424
20140702,142.08,142.03,142.35,141.0,0.31,0.22,12068.48,171127.803
20140703,143.26,142.21,143.4,141.4,1.18,0.83,19331.67,275808.355
20140704,143.32,143.4,144.18,142.72,0.06,0.04,15402.8,220860.905
20140707,144.16,142.8,144.28,142.21,0.84,0.59,22879.87,327900.742
20140708,142.18,144.1,144.17,141.02,-1.98,-1.37,21091.6,299615.515
20140709,141.24,142.0,142.87,141.02,-0.94,-0.66,14328.6,203120.918
20140710,141.04,141.12,141.83,140.6,-0.2,-0.14,12159.88,171762.392
20140711,141.87,141.47,143.09,141.12,0.83,0.59,18432.86,262292.694
20140714,149.77,141.87,150.89,141.5,7.9,5.57,46534.81,684819.813
20140715,153.81,149.11,158.0,149.11,4.04,2.7,58787.98,913284.346
20140716,154.57,153.85,156.78,153.85,0.76,0.49,24459.33,379071.451
20140717,153.75,154.09,155.55,152.0,-0.82,-0.53,20191.17,309501.857
20140718,160.98,153.59,165.0,152.7,7.23,4.7,74896.91,1200093.431
20140721,160.98,160.39,162.88,158.59,0.0,0.0,30143.22,485174.687
20140722,163.2,159.6,164.0,159.6,2.22,1.38,29820.62,483906.541
20140723,163.89,162.0,165.0,161.6,0.69,0.42,27836.33,455655.822
20140724,163.53,163.76,169.1,162.3,-0.36,-0.22,35682.4,595593.137
20140725,163.88,164.0,166.05,161.06,0.35,0.21,27833.58,454235.014
20140728,164.25,164.23,167.99,162.92,0.37,0.23,42968.99,706875.701
20140729,161.06,164.3,164.3,160.26,-3.19,-1.94,36017.0,580708.806
20140730,158.51,160.74,160.74,156.5,-2.55,-1.58,54876.29,865210.171
20140731,160.27,158.29,160.38,156.96,1.76,1.11,25206.31,400860.676
20140801,162.98,160.17,164.3,159.62,2.71,1.69,43259.99,704961.964
20140804,164.4,163.0,165.62,162.29,1.42,0.87,38848.2,637175.456
20140805,166.25,164.0,166.66,161.67,1.85,1.13,38357.97,627210.395
20140806,163.32,164.8,165.78,162.0,-2.93,-1.76,20317.23,332041.716
20140807,160.6,163.1,164.39,160.5,-2.72,-1.67,25396.49,411237.176
20140808,162.14,161.96,163.33,159.8,1.54,0.96,23819.42,384676.138
20140811,163.07,162.48,163.2,161.51,0.93,0.57,20070.72,326555.328
20140812,162.04,161.81,162.75,160.15,-1.03,-0.63,19604.36,316255.852
20140813,162.49,162.04,164.78,160.8,0.45,0.28,34454.03,560675.713
20140814,161.46,162.02,163.44,161.28,-1.03,-0.63,22958.94,373085.47
20140815,161.54,162.2,162.49,161.13,0.08,0.05,21802.68,352476.093
20140818,159.75,162.0,162.3,159.1,-1.79,-1.11,41698.27,667452.065
20140819,158.68,159.75,159.75,158.45,-1.07,-0.67,32095.77,509709.617
20140820,162.0,158.74,162.06,158.5,3.32,2.09,37084.95,596509.533
20140821,159.97,162.0,162.32,159.0,-2.03,-1.25,18872.73,301791.0
20140822,159.27,160.0,160.39,158.75,-0.7,-0.44,18636.71,297023.432
20140825,158.75,159.27,160.15,158.3,-0.52,-0.33,15376.72,244745.466
20140826,157.72,158.5,159.42,156.96,-1.03,-0.65,16589.6,261850.709
20140827,156.37,157.72,157.78,156.18,-1.35,-0.86,13828.67,216703.37
20140828,156.02,156.0,158.36,156.0,-0.35,-0.22,17618.03,276811.143
20140829,158.23,156.0,158.59,155.0,2.21,1.42,23838.83,375517.439
20140901,158.45,158.2,159.5,157.71,0.22,0.14,16450.24,260760.134
20140902,162.56,158.81,162.64,158.03,4.11,2.59,41246.13,664712.697
20140903,164.82,162.58,167.42,162.56,2.26,1.39,42042.25,695551.833
20140904,165.06,164.7,165.94,163.68,0.24,0.15,23975.87,395280.315
20140905,167.51,165.7,168.16,165.21,2.45,1.48,34731.95,579714.726
20140909,164.08,167.65,167.97,164.0,-3.43,-2.05,20562.81,339388.091
20140910,163.91,163.7,165.0,163.01,-0.17,-0.1,17867.72,293245.987
20140911,161.98,163.87,164.82,161.48,-1.93,-1.18,31875.54,519406.664
20140912,162.45,161.49,162.65,160.32,0.47,0.29,17356.01,280548.666
20140915,159.41,161.9,161.91,158.8,-3.04,-1.87,32543.86,519621.41
20140916,157.46,160.5,160.6,157.02,-1.95,-1.22,34823.15,551314.386
20140917,158.23,158.47,159.54,157.34,0.77,0.49,25841.28,408684.99
20140918,159.25,158.02,159.38,157.08,1.02,0.64,26482.04,418431.987
20140919,160.85,159.25,160.98,158.5,1.6,1.0,22665.99,362408.981
20140922,156.94,160.71,160.71,156.84,-3.91,-2.43,37191.54,586709.101
20140923,157.48,156.7,157.5,156.36,0.54,0.34,34546.11,541705.82
20140924,160.19,156.49,160.5,155.6,2.71,1.72,43448.96,687426.587
20140925,162.19,160.92,163.98,160.9,2.0,1.25,56851.44,924878.313
20140926,162.31,161.5,163.12,159.2,0.12,0.07,22716.65,366907.285
20140929,162.47,162.33,163.2,161.39,0.16,0.1,23488.59,381683.082
20140930,162.13,162.74,162.99,161.2,-0.34,-0.21,21574.19,349657.79
20141008,160.73,161.0,161.1,157.8,-1.4,-0.86,45652.82,725030.231
20141009,160.01,159.87,160.25,158.58,-0.72,-0.45,36244.91,578151.792
20141010,159.02,159.02,159.8,157.7,-0.99,-0.62,43147.71,684789.402
20141013,156.1,157.81,157.88,153.68,-2.92,-1.84,53176.38,826349.742
20141014,154.91,155.0,156.99,154.44,-1.19,-0.76,28895.94,449942.595
20141015,157.32,154.75,157.58,154.71,2.41,1.56,22238.05,348033.851
20141016,157.32,156.1,158.19,156.1,0.0,0.0,23949.69,377655.669
20141017,158.38,158.0,159.05,156.9,1.06,0.67,30976.59,489885.674
20141020,156.92,158.38,158.5,156.4,-1.46,-0.92,32910.08,517853.721
20141021,158.46,157.0,159.34,156.6,1.54,0.98,39911.28,632422.372
20141022,159.08,158.44,159.46,157.5,0.62,0.39,22836.41,363211.434
20141023,159.05,158.57,160.28,157.89,-0.03,-0.02,31917.34,508245.989
20141024,158.88,158.95,159.89,157.69,-0.17,-0.11,19980.07,317073.6
20141027,157.5,156.97,159.1,154.89,-1.38,-0.87,27970.69,439570.888
20141028,158.74,157.32,159.1,157.18,1.24,0.79,20548.41,325762.184
20141029,158.3,158.8,159.56,157.48,-0.44,-0.28,21423.44,339064.782
20141030,155.42,158.0,158.0,155.1,-2.88,-1.82,49087.02,764742.33
20141031,156.68,155.47,156.9,154.35,1.26,0.81,36421.7,567067.439
20141103,155.58,156.75,156.88,155.45,-1.1,-0.7,24670.06,384677.498
20141104,151.39,155.49,155.49,151.0,-4.19,-2.69,55943.9,854409.063
20141105,146.15,151.05,151.05,145.5,-5.24,-3.46,76719.79,1131348.484
20141106,147.15,146.15,147.49,146.01,1.0,0.68,36362.97,533913.212
20141107,148.04,147.17,148.3,147.11,0.89,0.6,41507.31,613638.074
20141110,153.77,150.0,153.78,149.0,5.73,3.87,62325.21,945032.808
20141111,153.35,154.3,155.2,152.01,-0.42,-0.27,47706.89,733026.108
20141112,152.89,152.98,153.59,150.2,-0.46,-0.3,30823.75,467531.849
20141113,151.58,152.72,152.73,149.68,-1.31,-0.86,49155.56,739602.881
20141114,157.29,151.56,157.63,150.91,5.71,3.77,75225.08,1168803.281
20141117,160.05,168.0,168.0,160.0,2.76,1.75,150416.23,2451673.881
20141118,155.65,161.0,161.82,155.0,-4.4,-2.75,63497.8,1001883.689
20141119,153.07,155.57,155.65,152.61,-2.58,-1.66,46290.74,710715.289
20141120,150.68,152.88,152.92,150.49,-2.39,-1.56,46258.41,698848.962
20141121,153.13,150.56,153.2,150.2,2.45,1.63,41990.78,638007.382
20141124,153.95,153.88,155.0,152.0,0.82,0.54,53878.99,828662.51
20141125,154.64,153.42,154.85,152.8,0.69,0.45,53231.3,816840.942
20141126,155.95,154.6,156.36,153.89,1.31,0.85,63858.97,990302.232
20141127,156.68,155.0,157.22,154.0,0.73,0.47,96551.51,1508603.314
20141128,155.84,156.57,156.57,153.17,-0.84,-0.54,88288.18,1363855.095
20141201,160.06,156.57,161.0,156.0,4.22,2.71,121740.01,1932844.688
20141202,161.14,159.05,161.2,158.25,1.08,0.67,99268.19,1588412.356
20141203,164.83,162.44,168.3,162.36,3.69,2.29,117322.64,1936848.371
20141204,174.13,166.5,174.5,166.5,9.3,5.64,117781.43,2020248.736
20141205,170.92,177.99,178.96,168.6,-3.21,-1.84,112901.44,1943937.52
20141208,172.97,168.84,176.49,167.2,2.05,1.2,100894.31,1731248.492
20141209,172.86,172.0,186.62,171.5,-0.11,-0.06,151890.28,2713372.288
20141210,179.92,175.0,183.5,175.0,7.06,4.08,106656.11,1919193.466
20141211,175.89,180.0,181.94,175.29,-4.03,-2.24,54882.15,975885.692
20141212,176.59,176.78,180.99,176.0,0.7,0.4,51055.16,911591.087
20141215,184.04,176.6,184.1,175.43,7.45,4.22,70964.32,1281924.243
20141216,180.63,183.7,183.7,178.11,-3.41,-1.85,51129.44,918180.186
20141217,179.07,179.99,181.45,177.8,-1.56,-0.86,60020.47,1071735.185
20141218,179.34,179.69,182.2,179.0,0.27,0.15,38567.5,695500.784
20141219,180.82,179.06,181.98,178.0,1.48,0.83,49631.06,892730.64
20141222,184.1,179.65,184.29,175.88,3.28,1.81,73623.81,1327712.485
20141223,188.86,183.78,193.49,182.01,4.76,2.59,85650.82,1611272.919
20141224,183.06,188.0,191.8,180.68,-5.8,-3.07,63554.59,1187206.211
20141225,185.83,183.15,186.0,181.01,2.77,1.51,44071.68,806958.774
20141226,187.57,185.09,189.0,183.0,1.74,0.94,42677.49,793340.608
20141229,183.48,188.1,190.0,182.0,-4.09,-2.18,89838.65,1678243.808
20141230,186.84,183.0,187.98,182.48,3.36,1.83,56171.1,1043215.631
20141231,189.62,185.6,190.0,185.0,2.78,1.49,46269.36,871581.692
20150105,202.52,189.62,204.24,188.69,12.9,6.8,94515.17,1875063.136
20150106,197.83,200.0,202.56,196.02,-4.69,-2.32,55020.01,1094977.375
20150107,192.94,196.04,199.5,189.99,-4.89,-2.47,54797.84,1063925.641
20150108,191.76,194.0,194.52,190.14,-1.18,-0.61,40525.3,777874.67
20150109,190.31,190.4,195.77,190.11,-1.45,-0.76,53982.2,1039955.153
20150112,186.43,190.0,192.59,184.46,-3.88,-2.04,49914.59,934643.414
20150113,184.88,187.0,188.54,184.6,-1.55,-0.83,36708.08,683429.624
20150114,183.18,185.0,186.5,180.88,-1.7,-0.92,52403.44,965036.184
20150115,186.07,183.89,186.4,182.48,2.89,1.58,48585.52,895503.097
20150116,186.11,186.2,188.0,185.98,0.04,0.02,39978.06,746304.289
20150119,175.48,181.0,183.2,171.47,-10.63,-5.71,64679.37,1151544.267
20150120,178.08,176.02,180.5,173.0,2.6,1.48,61022.74,1086018.454
20150121,182.36,178.27,182.9,177.2,4.28,2.4,52674.74,950750.407
20150122,181.23,182.37,184.36,180.0,-1.13,-0.62,38254.81,696541.254
20150123,181.02,180.12,183.28,180.11,-0.21,-0.12,33084.55,600627.336
20150126,182.8,181.7,183.5,181.05,1.78,0.98,35649.06,650642.102
20150127,180.11,182.82,182.82,178.0,-2.69,-1.47,41883.62,755025.862
20150128,177.47,179.0,180.4,177.3,-2.64,-1.47,30680.66,547979.157
20150129,176.15,176.2,178.0,175.0,-1.32,-0.74,32492.54,571553.419
20150130,177.18,176.99,181.0,176.5,1.03,0.58,47508.34,848744.494
20150202,174.82,175.51,176.4,173.5,-2.36,-1.33,33983.36,593379.653
20150203,178.37,177.48,178.65,176.2,3.55,2.03,27792.8,493512.567
20150204,177.25,179.15,182.08,177.0,-1.12,-0.63,35293.71,634135.328
20150205,174.05,178.97,180.9,174.0,-3.2,-1.81,41239.62,735861.121
20150206,174.6,174.64,176.5,173.6,0.55,0.32,37102.38,648205.629
20150209,184.3,175.77,185.1,175.0,9.7,5.56,87293.58,1584342.294
20150210,182.88,184.8,185.2,181.45,-1.42,-0.77,53638.87,984795.852
20150211,183.15,182.4,184.25,182.08,0.27,0.15,22894.79,420358.857
20150212,183.57,183.99,184.49,182.01,0.42,0.23,25050.98,458818.631
20150213,182.49,184.11,184.5,181.4,-1.08,-0.59,40127.05,734977.407
20150216,183.31,182.54,183.63,181.22,0.82,0.45,39521.08,722512.103
20150217,182.22,183.55,183.89,181.91,-1.09,-0.59,34172.55,624854.087
20150225,183.96,183.0,185.7,181.11,1.74,0.95,59935.12,1104113.268
20150226,186.64,183.8,188.39,183.55,2.68,1.46,62297.72,1163369.598
20150227,191.05,186.9,194.5,186.8,4.41,2.36,63370.94,1217723.178
20150302,190.73,190.8,193.8,189.0,-0.32,-0.17,31098.7,592027.084
20150303,185.95,189.3,192.0,185.16,-4.78,-2.51,42999.6,812905.777
20150304,187.19,186.99,188.01,184.6,1.24,0.67,40662.23,757815.044
20150305,185.52,185.01,187.03,184.05,-1.67,-0.89,36206.24,670609.773
20150306,183.62,185.35,186.48,183.27,-1.9,-1.02,25470.66,471454.744
20150309,191.56,185.8,192.99,183.8,7.94,4.32,43486.03,815432.195
20150310,187.83,190.94,191.5,187.28,-3.73,-1.95,29637.06,561292.473
20150311,191.98,187.83,193.0,187.8,4.15,2.21,40583.39,778418.696
20150312,192.75,193.0,195.99,191.4,0.77,0.4,38496.4,747203.168
20150313,189.91,192.7,193.9,188.58,-2.84,-1.47,25479.27,486997.365
20150316,193.76,190.06,194.5,187.01,3.85,2.03,31160.97,597313.674
20150317,196.77,194.99,198.69,194.89,3.01,1.55,45904.08,903712.736
20150318,199.45,196.8,199.99,195.52,2.68,1.36,39304.46,778884.998
20150319,195.28,198.54,198.99,194.06,-4.17,-2.09,33539.77,658535.489
20150320,193.15,194.2,194.99,190.88,-2.13,-1.09,51373.71,991294.9
20150323,195.08,194.67,196.75,193.2,1.93,1.0,40979.01,799009.923
20150324,195.69,195.3,197.44,192.1,0.61,0.31,60079.44,1172628.507
20150325,192.78,193.0,195.1,192.06,-2.91,-1.49,42240.3,815963.246
20150326,198.56,193.55,199.9,192.0,5.78,3.0,67105.25,1315872.11
20150327,194.55,198.0,198.56,192.95,-4.01,-2.02,40144.59,784086.654
20150330,196.77,194.68,198.95,193.1,2.22,1.14,63451.39,1237889.229
20150331,195.96,196.68,200.77,194.02,-0.81,-0.41,88130.97,1746870.227
20150401,195.34,196.03,197.56,194.48,-0.62,-0.32,76875.23,1504959.693
20150402,194.58,195.96,197.6,192.88,-0.76,-0.39,62981.61,1228604.478
20150403,196.81,194.0,197.01,192.78,2.23,1.15,51210.88,996536.046
20150407,200.67,196.85,201.08,195.8,3.86,1.96,59824.33,1189027.078
20150408,204.5,202.5,210.68,201.59,3.83,1.91,135857.16,2798381.803
20150409,200.0,204.48,205.88,199.05,-4.5,-2.2,62399.73,1255308.054
20150410,200.22,199.99,202.99,199.61,0.22,0.11,102019.46,2048914.304
20150413,203.9,201.55,204.49,198.94,3.68,1.84,91356.09,1840018.389
20150414,206.0,204.0,209.28,203.96,2.1,1.03,81903.13,1691094.329
20150415,205.7,209.1,209.78,204.16,-0.3,-0.15,55005.2,1135635.917
20150416,226.27,208.55,226.27,207.83,20.57,10.0,86014.17,1877332.299
20150417,232.56,238.9,248.7,228.28,6.29,2.78,192094.91,4577503.916
20150420,234.03,230.0,245.7,229.0,1.47,0.63,130588.71,3118764.548
20150421,257.43,240.0,257.43,240.0,23.4,10.0,122401.88,3039243.96
20150422,263.89,268.8,269.0,257.11,6.46,2.51,134635.06,3543576.711
20150423,256.04,264.0,264.17,252.98,-7.85,-2.97,86030.12,2214737.651
20150424,258.49,251.88,259.68,245.01,2.45,0.96,100531.23,2547399.865
20150427,255.79,257.58,267.8,252.99,-2.7,-1.04,78973.35,2050832.438
20150428,247.89,254.0,258.6,247.05,-7.9,-3.09,87291.77,2187970.737
20150429,249.78,246.1,253.0,246.1,1.89,0.76,59300.57,1477767.688
20150430,252.23,251.15,254.9,247.75,2.45,0.98,64064.07,1610938.043
20150504,254.97,252.66,259.0,250.02,2.74,1.09,54739.02,1398337.296
20150505,240.95,252.0,252.0,239.88,-14.02,-5.5,73700.03,1801146.749
20150506,242.68,243.98,246.99,240.01,1.73,0.72,60324.32,1472597.539
20150507,244.93,245.0,251.88,242.56,2.25,0.93,68102.9,1693825.898
20150508,254.17,246.12,254.88,245.9,9.24,3.77,57805.59,1447670.266
20150511,257.44,251.5,257.99,250.0,3.27,1.29,61345.7,1552417.973
20150512,254.42,257.2,257.2,252.0,-3.02,-1.17,47031.29,1193035.14
20150513,256.4,253.8,262.97,252.5,1.98,0.78,58913.41,1520374.556
20150514,251.41,256.25,259.5,251.22,-4.99,-1.95,41853.29,1062504.725
20150515,245.17,251.41,253.49,241.61,-6.24,-2.48,54185.07,1333031.173
20150518,241.14,245.0,245.0,240.1,-4.03,-1.64,35363.24,856505.079
20150519,250.04,241.05,250.22,240.2,8.9,3.69,47637.77,1174434.448
20150520,253.95,252.0,260.0,249.3,3.91,1.56,63771.5,1631009.463
20150521,258.59,256.0,261.3,254.01,4.64,1.83,47669.13,1230234.942
20150522,275.86,259.68,276.8,259.59,17.27,6.68,66649.06,1779754.347
20150525,286.83,270.0,288.49,269.0,10.97,3.98,67473.62,1868570.18
20150526,285.54,286.6,290.0,283.96,-1.29,-0.45,60914.68,1746031.124
20150527,276.9,285.52,289.32,273.0,-8.64,-3.03,46934.79,1309259.999
20150528,261.11,275.25,281.0,260.1,-15.79,-5.7,60884.99,1650995.554
20150529,263.83,260.01,269.0,259.89,2.72,1.04,57783.09,1531805.542
20150601,271.46,263.94,272.98,259.8,7.63,2.89,65816.7,1747123.649
20150602,266.62,270.5,270.5,260.66,-4.84,-1.78,64635.6,1708951.665
20150603,262.79,265.18,266.62,260.01,-3.83,-1.44,46424.03,1218378.716
20150604,258.21,262.98,265.0,240.0,-4.58,-1.74,92362.73,2332785.391
20150605,253.84,258.11,262.1,246.0,-4.37,-1.69,85738.23,2188974.566
20150608,264.64,251.51,267.54,249.8,10.8,4.25,96007.97,2462736.702
20150609,259.03,265.0,269.8,256.5,-5.61,-2.12,77851.86,2045525.401
20150610,261.05,255.64,266.88,253.8,2.02,0.78,80462.08,2096832.88
20150611,260.06,260.0,264.5,257.77,-0.99,-0.38,52954.54,1378413.758
20150612,266.0,262.12,273.0,261.0,5.94,2.28,90909.52,2438986.511
20150615,260.89,266.98,272.0,260.08,-5.11,-1.92,100014.22,2664672.586
20150616,253.95,259.0,265.8,252.5,-6.94,-2.66,69303.84,1789696.036
20150617,255.09,253.96,257.76,249.0,1.14,0.45,58388.81,1478407.037
20150618,243.97,253.02,254.8,240.6,-11.12,-4.36,61506.5,1530836.127
20150619,235.31,245.87,248.49,234.02,-8.66,-3.55,67608.66,1646002.769
20150623,252.25,239.8,255.85,234.13,16.94,7.2,81247.34,1989068.141
20150624,261.21,250.0,265.2,247.65,8.96,3.55,95706.94,2463553.858
20150625,251.79,261.5,262.03,250.21,-9.42,-3.61,66521.66,1707385.606
20150626,242.45,250.02,255.75,235.3,-9.34,-3.71,99332.01,2451381.599
20150629,246.64,248.37,256.5,227.8,4.19,1.73,165071.67,4057069.903
20150630,257.65,246.64,259.82,246.0,11.01,4.46,126298.19,3205285.541
20150701,257.49,255.0,268.5,250.98,-0.16,-0.06,103326.54,2696026.039
20150702,260.3,255.3,282.6,245.01,2.81,1.09,118459.72,3011363.68
20150703,249.81,255.0,260.5,242.2,-10.49,-4.03,109605.31,2772183.16
20150706,254.04,267.95,267.99,239.5,4.23,1.69,272799.66,7012491.142
20150707,244.18,250.0,256.58,239.5,-9.86,-3.88,167562.24,4121731.56
20150708,236.86,229.0,244.99,219.76,-7.32,-3.0,289140.54,6738026.659
20150709,257.94,236.86,260.41,233.0,21.08,8.9,138203.34,3409950.542
20150710,265.59,257.0,283.0,251.96,7.65,2.97,256149.3,6888908.351
20150713,257.75,258.0,265.58,251.0,-7.84,-2.95,148926.16,3838169.457
20150714,249.05,255.0,255.18,247.2,-8.7,-3.38,96768.3,2425239.239
20150715,251.26,247.5,252.7,243.28,2.21,0.89,104077.46,2585923.324
20150716,251.59,251.26,254.18,248.26,0.33,0.13,72814.33,1826618.391
20150717,228.29,229.0,229.99,224.74,3.55,1.58,56418.53,1284361.191
20150720,225.11,227.15,227.9,222.5,-3.18,-1.39,67933.55,1531275.688
20150721,221.66,221.75,224.2,220.0,-3.45,-1.53,51789.96,1148423.253
20150722,217.13,220.0,222.0,216.58,-4.53,-2.04,70855.1,1552554.839
20150723,219.54,217.99,220.6,215.77,2.41,1.11,64748.1,1411411.702
20150724,219.21,220.5,223.69,218.75,-0.33,-0.15,57390.09,1271122.141
20150727,201.52,217.0,221.3,201.0,-17.69,-8.07,76944.15,1628465.532
20150728,205.83,199.86,209.44,197.48,4.31,2.14,86703.57,1766521.467
20150729,207.74,207.78,210.0,202.13,1.91,0.93,66507.43,1364157.58
20150730,205.96,208.83,208.83,205.1,-1.78,-0.86,41134.0,853284.372
20150731,206.83,206.7,206.93,203.0,0.87,0.42,40736.64,835374.146
20150803,209.56,205.0,209.99,203.0,2.73,1.32,54553.03,1117796.04
20150804,211.97,209.26,213.98,209.26,2.41,1.15,59533.96,1260302.964
20150805,207.19,212.93,213.85,206.94,-4.78,-2.26,43143.85,907597.376
20150806,204.96,206.23,207.5,203.0,-2.23,-1.08,39249.8,805358.564
20150807,206.93,207.49,208.6,205.6,1.97,0.96,39521.34,819022.56
20150810,212.3,207.01,213.0,205.13,5.37,2.6,56496.43,1182083.559
20150811,210.75,212.3,212.41,210.01,-1.55,-0.73,50897.05,1076261.224
20150812,209.47,209.99,214.29,208.75,-1.28,-0.61,45824.34,968610.598
20150813,209.51,211.5,211.5,206.0,0.04,0.02,35180.25,733202.199
20150814,209.98,210.5,211.4,209.25,0.47,0.22,30666.9,645849.785
20150817,206.22,208.02,208.82,204.0,-3.76,-1.79,53858.32,1108212.041
20150818,201.06,206.98,207.5,200.35,-5.16,-2.5,51285.52,1047896.516
20150819,201.62,199.75,202.16,198.18,0.56,0.28,50261.8,1004394.398
20150820,195.07,200.83,201.0,194.9,-6.55,-3.25,39645.03,788892.224
20150821,186.33,191.52,194.86,186.12,-8.74,-4.48,75620.61,1433277.975
20150824,169.64,181.0,181.5,168.2,-16.69,-8.96,89812.84,1559048.775
20150825,176.59,167.46,182.51,166.2,6.95,4.1,123080.58,2165823.577
20150826,183.88,176.76,188.5,175.0,7.29,4.13,91572.53,1663612.844
20150827,197.07,190.0,199.9,184.89,13.19,7.17,87052.01,1663248.886
20150828,192.65,195.0,195.29,187.13,-4.42,-2.24,89925.83,1720106.859
20150831,195.37,189.34,195.5,185.18,2.72,1.41,62730.19,1198185.023
20150901,194.37,191.82,195.0,188.0,-1.0,-0.51,87432.69,1688392.993
20150902,194.61,190.11,195.0,189.2,0.24,0.12,106945.46,2052413.262
20150907,188.71,192.6,194.0,188.65,-5.9,-3.03,32216.42,615819.752
20150908,189.32,188.46,190.47,185.0,0.61,0.32,33098.58,621914.336
20150909,191.86,190.14,193.87,190.14,2.54,1.34,35215.16,676337.501
20150910,193.21,190.38,193.3,189.14,1.35,0.7,26852.48,514766.384
20150911,192.91,191.88,194.1,191.05,-0.3,-0.16,16932.14,326277.629
20150914,202.53,192.43,202.8,187.9,9.62,4.99,86175.55,1678995.779
20150915,202.0,198.01,202.02,195.12,-0.53,-0.26,51884.34,1035493.477
20150916,204.55,200.01,209.54,197.73,2.55,1.26,37198.02,753188.784
20150917,198.0,202.6,205.8,197.61,-6.55,-3.2,26423.0,533638.541
20150918,199.43,198.6,200.89,198.0,1.43,0.72,15642.76,312040.97
20150921,199.3,198.01,200.7,198.0,-0.13,-0.07,16527.67,329196.735
20150922,199.27,200.77,201.18,198.98,-0.03,-0.02,16457.4,329161.941
20150923,194.72,197.15,198.99,194.1,-4.55,-2.28,22344.32,438412.337
20150924,194.0,195.8,196.28,192.8,-0.72,-0.37,13886.74,269653.188
20150925,193.46,193.99,194.9,189.5,-0.54,-0.28,24455.97,470411.106
20150928,191.38,191.48,192.3,189.23,-2.08,-1.08,12341.1,235369.401
20150929,190.17,189.55,191.37,188.3,-1.21,-0.63,18409.82,348759.19
20150930,190.31,190.23,191.48,190.17,0.14,0.07,11634.63,222178.053
20151008,197.52,198.78,201.58,197.0,7.21,3.79,34391.79,684138.047
20151009,196.95,198.78,198.9,196.5,-0.57,-0.29,15721.74,310187.702
20151012,198.09,199.0,204.49,197.85,1.14,0.58,49030.0,982174.156
20151013,198.74,198.09,200.09,198.09,0.65,0.33,15751.13,313495.454
20151014,197.83,198.98,199.5,197.01,-0.91,-0.46,15213.39,301666.756
20151015,199.99,198.16,200.37,197.56,2.16,1.09,16550.13,329836.775
20151016,200.74,201.22,202.4,199.41,0.75,0.38,19238.43,386383.069
20151019,202.72,204.94,204.94,201.9,1.98,0.99,26121.45,531101.872
20151020,201.97,202.02,202.88,201.18,-0.75,-0.37,14784.29,298284.287
20151021,200.31,202.08,202.55,197.01,-1.66,-0.82,22349.14,447195.037
20151022,202.53,200.24,202.73,199.43,2.22,1.11,23720.3,478632.748
20151023,210.98,205.8,217.6,205.55,8.45,4.17,56277.34,1189746.955
20151026,217.73,212.0,218.3,208.0,6.75,3.2,43346.26,932490.839
20151027,215.25,217.1,217.68,212.58,-2.48,-1.14,22572.79,484597.005
20151028,212.44,214.99,214.99,211.9,-2.81,-1.31,16559.22,353020.506
20151029,213.0,212.0,214.79,212.0,0.56,0.26,13454.35,287688.318
20151030,213.86,212.95,215.8,212.12,0.86,0.4,12257.91,263117.287
20151102,212.56,214.6,215.86,212.5,-1.3,-0.61,15298.2,328246.682
20151103,209.71,212.92,215.76,208.4,-2.85,-1.34,23173.29,493565.252
20151104,214.98,210.58,216.0,210.11,5.27,2.51,30809.72,659118.997
20151105,216.56,214.6,223.28,213.5,1.58,0.74,49982.58,1087812.237
20151106,218.42,217.35,218.6,215.56,1.86,0.86,21695.71,471929.422
20151109,220.83,222.0,224.66,219.0,2.41,1.1,40527.29,900398.639
20151110,222.38,220.0,224.12,219.16,1.55,0.7,28729.76,639416.128
20151111,220.15,222.01,223.0,218.6,-2.23,-1.0,23815.5,524296.324
20151112,220.01,220.23,223.0,219.38,-0.14,-0.06,16180.85,357408.916
20151113,215.11,218.1,219.5,214.83,-4.9,-2.23,28397.18,614644.801
20151116,213.78,212.5,216.5,212.0,-1.33,-0.62,23916.7,511461.32
20151117,214.36,214.72,217.5,213.14,0.58,0.27,21986.35,473813.948
20151118,214.66,213.59,216.0,213.59,0.3,0.14,19725.54,423815.322
20151119,215.03,214.0,216.0,213.9,0.37,0.17,15262.76,327777.826
20151120,213.72,215.14,215.78,213.1,-1.31,-0.61,22274.23,476413.651
20151123,212.62,213.0,213.84,212.51,-1.1,-0.51,20994.73,446996.434
20151124,211.69,212.39,213.28,210.0,-0.93,-0.44,20469.02,431548.236
20151125,212.98,211.7,213.0,210.4,1.29,0.61,24249.81,512351.419
20151126,212.84,213.49,213.79,211.83,-0.14,-0.07,18804.53,400523.684
20151127,207.74,212.49,212.54,206.63,-5.1,-2.4,16220.72,339061.425
20151130,214.31,208.04,214.78,207.79,6.57,3.16,33440.03,702029.94
20151201,213.8,213.0,213.95,211.0,-0.51,-0.24,18877.54,400895.906
20151202,221.58,214.48,227.0,212.0,7.78,3.64,47891.45,1055325.951
20151203,220.2,219.0,221.4,216.7,-1.38,-0.62,22386.83,489928.569
20151204,215.31,219.96,219.96,215.01,-4.89,-2.22,20848.71,452200.743
20151207,214.51,215.0,216.98,213.2,-0.8,-0.37,19255.09,413697.607
20151208,211.94,214.55,214.55,211.46,-2.57,-1.2,17393.68,370510.935
20151209,214.47,211.58,215.05,211.5,2.53,1.19,14119.77,302039.607
20151210,212.96,215.0,216.2,211.99,-1.51,-0.7,13786.71,295297.553
20151211,211.41,212.5,212.5,210.5,-1.55,-0.73,13035.48,275655.733
20151214,214.1,210.19,214.88,209.0,2.69,1.27,20701.34,439584.116
20151215,214.51,213.8,214.59,212.08,0.41,0.19,15088.39,321828.819
20151216,213.91,214.41,214.64,212.59,-0.6,-0.28,20144.8,430371.563
20151217,215.86,214.39,216.88,214.0,1.95,0.91,24253.21,523818.38
20151218,216.88,215.5,219.15,215.11,1.02,0.47,28460.2,618897.538
20151221,227.03,218.0,229.18,218.0,10.15,4.68,59391.89,1341466.585
20151222,225.03,226.8,226.8,223.28,-2.0,-0.88,28402.45,638684.794
20151223,223.0,225.45,226.69,222.7,-2.03,-0.9,22374.97,501438.271
20151224,224.78,223.98,225.68,223.2,1.78,0.8,15577.88,350137.309
20151225,224.5,225.0,225.66,222.88,-0.28,-0.12,11542.95,258870.006
20151228,219.12,225.48,226.0,219.0,-5.38,-2.4,25594.52,569404.122
20151229,219.83,218.62,220.44,218.51,0.71,0.32,15774.33,345982.477
20151230,218.86,220.18,220.66,217.52,-0.97,-0.44,20147.66,440489.185
20151231,218.19,218.22,219.5,217.82,-0.67,-0.31,19673.87,429872.169
20160104,210.02,218.0,218.0,209.99,-8.17,-3.74,17349.69,371909.829
20160105,212.82,210.0,213.97,207.51,2.8,1.33,31908.91,672596.329
20160106,212.18,212.78,213.66,209.3,-0.64,-0.3,23760.9,502483.565
20160107,202.23,208.99,208.99,200.03,-9.95,-4.69,8148.68,167829.92
20160108,204.63,204.17,208.0,200.0,2.4,1.19,44510.09,911812.833
20160111,199.86,203.16,203.79,199.4,-4.77,-2.33,29702.58,596838.948
20160112,196.79,201.1,202.1,196.0,-3.07,-1.54,40287.23,801495.583
20160113,199.78,199.1,206.0,198.6,2.99,1.52,29201.98,592420.624
20160114,204.82,197.11,205.98,195.51,5.04,2.52,34776.06,699341.426
20160115,199.0,204.75,206.18,198.0,-5.82,-2.84,26681.19,537750.009
20160118,199.43,198.0,202.4,197.2,0.43,0.22,27371.23,548614.385
20160119,210.24,201.0,210.33,200.01,10.81,5.42,59110.22,1224859.286
20160120,202.32,207.0,210.16,201.01,-7.92,-3.77,40968.66,835946.965
20160121,200.26,201.26,204.59,199.9,-2.06,-1.02,21832.29,439737.651
20160122,202.74,203.11,203.4,198.81,2.48,1.24,22733.48,456952.021
20160125,202.77,203.0,203.49,201.5,0.03,0.01,13750.45,278273.547
20160126,199.01,200.99,204.47,198.5,-3.76,-1.85,22280.92,448487.464
20160127,199.93,199.98,200.89,195.7,0.92,0.46,29840.41,589842.577
20160128,196.64,199.75,199.75,195.62,-3.29,-1.65,17903.0,353744.037
20160129,200.65,197.48,202.5,197.0,4.01,2.04,23090.24,461975.279
20160201,201.29,202.1,202.8,199.89,0.64,0.32,19178.02,386028.337
20160202,204.55,202.0,204.8,200.64,3.26,1.62,17842.08,362596.993
20160203,203.66,202.58,204.56,201.5,-0.89,-0.44,15156.99,307933.687
20160204,204.99,204.8,205.88,203.54,1.33,0.65,16624.75,340315.128
20160205,203.87,204.99,205.18,202.53,-1.12,-0.55,14227.67,290691.678
20160215,200.41,200.0,203.0,199.6,-3.46,-1.7,19470.18,390748.384
20160216,203.92,200.56,208.0,200.56,3.51,1.75,19223.16,393326.285
20160217,202.3,203.74,204.92,200.51,-1.62,-0.79,20349.11,411126.979
20160218,201.71,203.2,203.6,201.1,-0.59,-0.29,18892.56,381696.249
20160219,203.11,201.62,203.18,201.13,1.4,0.69,14238.46,287755.552
20160222,207.8,206.0,208.32,206.0,4.69,2.31,27759.86,574540.624
20160223,212.41,207.77,214.98,207.02,4.61,2.22,37460.89,795824.522
20160224,217.74,212.2,218.03,211.01,5.33,2.51,33129.02,717612.347
20160225,212.41,218.8,220.48,212.13,-5.33,-2.45,39480.65,855036.777
20160226,216.84,213.1,219.25,211.26,4.43,2.09,28332.71,609924.298
20160229,214.91,218.99,220.88,206.8,-1.93,-0.89,47712.46,1022532.377
20160301,218.42,215.96,220.3,210.4,3.51,1.63,34004.59,736088.847
20160302,224.22,219.0,225.5,218.67,5.8,2.66,47942.66,1073462.814
20160303,227.81,225.0,231.98,221.66,3.59,1.6,40193.28,914557.333
20160304,238.78,226.88,240.16,225.01,10.97,4.82,85838.69,2007278.355
20160307,233.64,238.11,240.0,231.05,-5.14,-2.15,39345.55,924016.283
20160308,229.21,233.3,233.3,227.0,-4.43,-1.9,26147.22,600938.828
20160309,227.44,227.0,232.65,226.1,-1.77,-0.77,16402.6,375804.071
20160310,228.06,228.99,233.7,228.0,0.62,0.27,25727.46,593953.294
20160311,228.05,226.54,231.88,225.5,-0.01,0.0,16320.08,373343.712
20160314,224.57,230.76,233.5,222.2,-3.48,-1.53,45277.83,1029457.824
20160315,231.92,224.8,234.39,224.34,7.35,3.27,36356.33,832373.597
20160316,228.61,230.22,232.5,225.0,-3.31,-1.43,24250.97,555358.085
20160317,229.56,230.0,234.1,228.3,0.95,0.42,28820.95,665454.446
20160318,226.0,232.0,232.26,225.78,-3.56,-1.55,70568.94,1613934.123
20160321,231.98,226.66,232.02,226.65,5.98,2.65,38547.45,885665.711
20160322,234.49,232.26,238.18,231.5,2.51,1.08,41766.61,981582.397
20160323,234.97,235.2,237.0,232.68,0.48,0.2,21412.06,503035.65
20160324,242.66,235.0,245.4,231.3,7.69,3.27,62068.02,1487290.878
20160325,244.98,242.5,249.79,241.02,2.32,0.96,44756.16,1100326.15
20160328,249.58,244.98,253.38,244.98,4.6,1.88,48337.65,1207751.715
20160329,248.11,249.6,251.0,244.44,-1.47,-0.59,36688.05,911522.995
20160330,248.66,249.0,250.4,245.48,0.55,0.22,27782.6,688591.402
20160331,247.64,249.84,250.3,246.99,-1.02,-0.41,19457.34,483196.895
20160401,245.09,248.95,250.49,244.54,-2.55,-1.03,25146.07,620149.506
20160405,245.52,243.0,247.5,243.0,0.43,0.18,25047.85,615354.327
20160406,257.21,245.8,257.6,245.8,11.69,4.76,48424.92,1225137.02
20160407,254.11,256.89,257.48,252.62,-3.1,-1.21,25536.39,650128.766
20160408,249.86,252.0,255.89,248.2,-4.25,-1.67,23156.02,583704.015
20160411,243.72,250.5,255.18,243.5,-6.14,-2.46,119284.68,2930751.132
20160412,244.92,243.7,245.0,242.1,1.2,0.49,23339.09,568663.727
20160413,242.24,245.4,248.63,241.7,-2.68,-1.09,54274.25,1328412.389
20160414,242.76,242.38,244.83,241.0,0.52,0.21,28664.37,696651.874
20160415,244.9,242.64,244.98,241.2,2.14,0.88,19029.26,463404.859
20160418,243.68,242.8,246.0,242.5,-1.22,-0.5,18593.04,453989.128
20160419,243.18,244.59,245.19,241.45,-0.5,-0.21,14236.68,345816.837
20160420,238.44,243.19,244.4,235.8,-4.74,-1.95,33708.5,808354.333
20160421,240.37,240.5,242.3,238.3,1.93,0.81,29672.22,713190.665
20160422,247.4,241.0,247.88,240.37,7.03,2.92,35459.38,869560.47
20160425,244.52,247.12,248.1,243.3,-2.88,-1.16,24990.28,614481.805
20160426,243.86,244.95,246.88,243.0,-0.66,-0.27,15156.68,370224.914
20160427,244.88,244.5,245.48,243.49,1.02,0.42,13915.1,340092.448
20160428,246.44,245.83,246.74,244.0,1.56,0.64,17156.55,421012.81
20160429,251.2,247.39,252.43,247.39,4.76,1.93,46079.49,1155915.396
20160503,260.0,250.55,262.28,250.55,8.8,3.5,56474.86,1463972.63
20160504,256.21,260.0,262.39,255.99,-3.79,-1.46,28636.26,743425.17
20160505,257.77,256.5,258.15,255.5,1.56,0.61,13517.89,347050.356
20160506,252.22,257.31,258.52,251.12,-5.55,-2.15,27173.69,689911.421
20160509,250.82,250.13,252.8,249.01,-1.4,-0.56,27799.18,696784.543
20160510,252.08,249.5,254.0,249.11,1.26,0.5,33505.89,843441.777
20160511,256.87,252.35,260.48,252.35,4.79,1.9,49277.13,1268594.578
20160512,255.96,254.02,256.56,252.0,-0.91,-0.35,18894.11,480711.461
20160513,250.96,255.98,258.9,250.5,-5.0,-1.95,28145.61,714915.405
20160516,251.63,250.86,251.8,247.3,0.67,0.27,22202.73,553627.499
20160517,250.03,251.01,252.4,249.83,-1.6,-0.64,11785.69,295827.986
20160518,244.44,249.08,251.85,243.1,-5.59,-2.24,28380.34,700172.115
20160519,245.77,245.16,248.5,244.5,1.33,0.54,20889.43,514050.851
20160520,251.26,246.84,252.18,244.32,5.49,2.23,25501.57,638079.261
20160523,254.2,249.72,254.99,249.72,2.94,1.17,18706.18,474832.79
20160524,251.94,254.41,255.21,250.1,-2.26,-0.89,11674.4,294383.661
20160525,251.86,254.48,254.94,251.01,-0.08,-0.03,17785.34,450815.932
20160526,252.71,251.99,253.8,249.2,0.85,0.34,18120.26,454859.062
20160527,252.44,252.72,254.69,251.38,-0.27,-0.11,13230.44,334258.004
20160530,256.13,251.5,256.5,250.0,3.69,1.46,29806.92,756013.047
20160531,264.47,256.0,266.62,255.2,8.34,3.26,53949.65,1418668.247
20160601,263.79,265.4,265.5,263.0,-0.68,-0.26,21876.69,578184.009
20160602,267.74,263.01,268.68,263.01,3.95,1.5,24760.76,660335.572
20160603,283.89,267.0,286.74,266.4,16.15,6.03,64798.13,1806172.759
20160606,276.05,282.0,283.0,275.0,-7.84,-2.76,37261.66,1034692.86
20160607,277.85,276.5,278.49,275.01,1.8,0.65,18753.53,518246.021
20160608,274.28,276.4,277.86,273.5,-3.57,-1.28,23882.09,656530.776
20160613,267.06,273.35,276.66,266.25,-7.22,-2.63,37775.06,1030012.79
20160614,272.75,267.71,273.8,267.71,5.69,2.13,25587.29,696446.744
20160615,276.49,270.71,277.8,270.21,3.74,1.37,27322.01,752172.235
20160616,274.02,274.86,277.8,273.78,-2.47,-0.89,19643.57,540824.57
20160617,278.26,273.6,282.49,273.6,4.24,1.55,24705.18,689165.054
20160620,276.11,279.77,279.86,274.0,-2.15,-0.77,19019.26,523759.587
20160621,273.81,277.04,277.94,273.0,-2.3,-0.83,16749.33,460067.364
20160622,278.44,273.77,279.36,272.77,4.63,1.69,20884.48,577353.686
20160623,276.44,279.97,279.97,274.88,-2.0,-0.72,13984.51,386801.287
20160624,273.77,275.28,277.0,267.2,-2.67,-0.97,20129.51,550877.435
20160627,287.68,275.0,292.3,275.0,13.91,5.08,63642.69,1823624.051
20160628,288.21,287.02,289.66,286.32,0.53,0.18,24282.23,699351.511
20160629,288.18,287.55,289.45,284.2,-0.03,-0.01,28147.6,805690.468
20160630,291.92,290.02,298.2,290.02,3.74,1.3,38022.4,1116195.906
20160701,286.17,287.2,291.88,284.0,0.42,0.15,26014.95,746622.842
20160704,293.9,287.0,295.4,286.0,7.73,2.7,29488.64,859625.1
20160705,300.58,295.03,303.1,295.03,6.68,2.27,41707.73,1252985.739
20160706,317.19,299.8,318.0,299.01,16.61,5.53,47347.7,1463885.917
20160707,316.91,315.8,326.8,312.08,-0.28,-0.09,50725.2,1619384.207
20160708,309.91,313.53,315.5,306.16,-7.0,-2.21,45545.63,1412963.905
20160711,315.14,309.03,324.0,309.03,5.23,1.69,57481.67,1825388.22
20160712,324.73,315.76,326.6,315.0,9.59,3.04,53119.45,1712151.169
20160713,317.19,323.03,324.73,315.05,-7.54,-2.32,53448.28,1697002.627
20160714,317.09,316.09,320.8,315.2,-0.1,-0.03,29230.85,928017.845
20160715,317.52,317.12,318.03,315.06,0.43,0.14,26811.01,848676.195
20160718,316.21,317.5,319.5,315.66,-1.31,-0.41,23352.89,741065.232
20160719,308.11,315.5,316.3,305.55,-8.1,-2.56,41431.66,1282256.493
20160720,308.56,308.62,310.87,307.5,0.45,0.15,17733.84,548187.889
20160721,314.38,310.15,317.6,309.0,5.82,1.89,33009.49,1041004.812
20160722,307.92,312.9,315.2,307.38,-6.46,-2.05,28871.45,893047.922
20160725,311.26,307.6,314.19,307.0,3.34,1.08,23623.53,736751.814
20160726,319.04,309.01,319.5,308.5,7.78,2.5,35555.67,1121135.548
20160727,314.01,319.85,320.6,308.3,-5.03,-1.58,39228.06,1235833.182
20160728,316.05,312.0,319.3,311.5,2.04,0.65,39643.99,1254912.053
20160729,313.15,315.08,318.88,313.0,-2.9,-0.92,29007.37,913987.191
20160801,306.96,313.0,313.95,305.0,-6.19,-1.98,31701.85,980681.835
20160802,306.21,307.25,310.5,302.85,-0.75,-0.24,26541.42,812078.461
20160803,306.82,307.0,307.9,304.15,0.61,0.2,24039.07,735080.442
20160804,306.3,306.85,308.33,304.22,-0.52,-0.17,21793.64,666165.432
20160805,305.93,306.49,308.37,305.03,-0.37,-0.12,20308.48,622324.412
20160808,308.1,306.15,308.3,303.06,2.17,0.71,22007.4,672724.165
20160809,315.75,308.17,317.67,306.42,7.65,2.48,39289.67,1230571.98
20160810,313.81,315.05,316.5,313.33,-1.94,-0.61,20944.71,659451.04
20160811,316.77,314.38,321.57,314.01,2.96,0.94,31939.72,1016399.255
20160812,316.97,317.4,317.4,314.01,0.2,0.06,23352.83,737487.495
20160815,318.78,315.8,321.69,314.15,1.81,0.57,34110.13,1084418.386
20160816,309.52,322.0,322.48,308.0,-9.26,-2.9,88378.69,2755749.508
20160817,308.16,309.6,310.97,306.5,-1.36,-0.44,43754.06,1347397.784
20160818,306.43,307.95,309.65,305.13,-1.73,-0.56,31005.99,951674.783
20160819,306.48,305.8,307.45,304.8,0.05,0.02,19140.91,585467.699
20160822,307.32,306.13,309.58,306.0,0.84,0.27,20812.7,640455.2
20160823,306.88,307.33,309.04,305.8,-0.44,-0.14,19914.26,612752.8
20160824,305.28,307.02,307.49,303.83,-1.6,-0.52,22779.42,695005.299
20160825,303.01,305.2,305.38,300.07,-2.27,-0.74,25362.58,766099.099
20160826,301.45,303.14,304.55,300.4,-1.56,-0.51,21436.45,648346.749
20160829,307.53,308.0,308.8,305.2,6.08,2.02,38055.57,1169052.449
20160830,305.86,307.0,308.5,304.67,-1.67,-0.54,21170.52,649198.656
20160831,310.19,306.7,310.76,305.54,4.33,1.42,40401.44,1250762.22
20160901,308.71,309.7,312.0,308.25,-1.48,-0.48,17185.97,532785.268
20160902,305.78,308.0,309.45,304.88,-2.93,-0.95,18572.24,570909.575
20160905,308.5,306.2,309.0,305.81,2.72,0.89,19138.7,589626.257
20160906,309.94,308.5,310.36,308.35,1.44,0.47,20625.83,638681.582
20160907,306.6,309.68,309.68,305.5,-3.34,-1.08,29645.15,908976.239
20160908,305.82,305.21,306.5,304.41,-0.78,-0.25,16705.78,509979.664
20160909,304.63,306.65,306.86,304.0,-1.19,-0.39,16222.51,494663.72
20160912,298.06,302.0,304.0,297.77,-6.57,-2.16,38238.81,1148690.134
20160913,300.43,299.95,300.97,299.3,2.37,0.8,16255.88,488095.08
20160914,299.57,300.1,302.2,298.01,-0.86,-0.29,18527.65,556106.069
20160919,300.13,300.05,301.57,299.88,0.56,0.19,12852.1,385804.38
20160920,294.96,300.78,300.8,294.0,-5.17,-1.72,34892.6,1031649.944
20160921,294.05,295.06,295.39,289.11,-0.91,-0.31,39037.23,1139374.18
20160922,296.98,294.3,299.98,294.01,2.93,1.0,29606.17,879666.027
20160923,297.68,297.02,298.95,295.4,0.7,0.24,12671.9,376554.085
20160926,288.73,297.0,297.01,288.55,-8.95,-3.01,37176.08,1080278.313
20160927,291.17,288.88,291.98,288.76,2.44,0.85,17915.82,520513.707
20160928,288.41,291.79,291.79,287.56,-2.76,-0.95,22360.01,648736.325
20160929,290.98,287.85,293.0,287.85,2.57,0.89,23705.69,688873.467
20160930,297.91,290.0,299.63,290.0,6.93,2.38,29603.5,880477.802
20161010,302.96,298.51,303.86,298.51,5.05,1.7,21103.62,637178.86
20161011,308.92,304.0,309.0,303.0,5.96,1.97,41736.75,1279755.341
20161012,305.82,308.5,308.5,304.9,-3.1,-1.0,19286.02,590793.82
20161013,303.89,306.8,306.94,303.51,-1.93,-0.63,16143.98,491591.611
20161014,305.6,303.47,306.0,303.2,1.71,0.56,12690.92,386317.907
20161017,302.45,305.45,305.5,301.5,-3.15,-1.03,18957.03,574503.34
20161018,307.16,302.5,308.5,302.0,4.71,1.56,30389.31,932443.506
20161019,306.45,308.5,308.75,305.1,-0.71,-0.23,14123.28,433658.685
20161020,305.48,307.39,307.39,304.8,-0.97,-0.32,14079.92,429896.204
20161021,304.19,305.08,305.48,302.59,-1.29,-0.42,11483.32,349209.701
20161024,306.93,302.6,307.0,302.6,2.74,0.9,26246.52,802002.34
20161025,312.94,307.39,313.0,307.39,6.01,1.96,43762.39,1363211.035
20161026,313.68,313.0,318.31,311.65,0.74,0.24,46813.07,1475976.854
20161027,316.87,312.99,318.22,311.01,3.19,1.02,32951.62,1039017.332
20161028,317.05,317.5,318.43,314.0,0.18,0.06,20137.33,637478.016
20161031,317.95,319.0,322.8,316.8,0.9,0.28,43596.1,1394967.912
20161101,316.68,317.95,319.0,315.55,-1.27,-0.4,19512.39,617880.127
20161102,315.18,316.09,317.16,313.68,-1.5,-0.47,20636.42,650629.063
20161103,315.86,315.0,316.46,314.15,0.68,0.22,18690.81,589861.356
20161104,314.82,315.99,318.25,313.98,-1.04,-0.33,20619.27,650489.997
20161107,315.33,315.0,317.0,313.2,0.51,0.16,16047.8,505304.908
20161108,320.0,316.5,322.18,315.68,4.67,1.48,34193.83,1093003.608
20161109,316.81,320.0,321.97,313.8,-3.19,-1.0,30004.49,951077.199
20161110,319.13,319.1,321.0,317.73,2.32,0.73,17804.96,568571.581
20161111,315.08,317.99,318.3,314.8,-4.05,-1.27,35902.65,1133744.319
20161114,310.99,315.55,315.87,309.99,-4.09,-1.3,39920.49,1246340.872
20161115,314.01,310.03,315.65,310.03,3.02,0.97,24470.55,766112.493
20161116,313.15,313.81,315.4,312.0,-0.86,-0.27,13399.81,419672.477
20161117,311.04,312.08,313.0,310.53,-2.11,-0.67,18337.76,570642.087
20161118,310.0,311.16,311.8,309.88,-1.04,-0.33,19377.69,601883.505
20161121,309.5,311.02,311.66,308.37,-0.5,-0.16,26083.84,807014.528
20161122,308.87,310.3,310.45,308.37,-0.63,-0.2,26424.27,816561.74
20161123,312.95,311.0,313.0,309.11,4.08,1.32,34015.04,1058266.299
20161124,316.93,313.2,317.0,311.42,3.98,1.27,39078.7,1227937.711
20161125,316.89,317.04,318.0,313.42,-0.04,-0.01,22369.67,706042.467
20161128,319.5,317.55,320.18,316.6,2.61,0.82,49253.01,1568882.892
20161129,323.96,320.7,330.45,319.41,4.46,1.4,58830.62,1911874.428
20161130,319.08,321.22,323.3,318.45,-4.88,-1.51,26752.37,855564.591
20161201,321.02,320.0,324.59,318.68,1.94,0.61,27941.82,896065.026
20161202,321.77,321.0,323.2,319.0,0.75,0.23,30628.33,984836.869
20161205,315.93,319.2,324.54,315.82,-5.84,-1.82,42060.81,1342647.367
20161206,326.42,316.23,326.58,316.23,10.49,3.32,38923.09,1251764.484
20161207,327.45,327.12,328.5,323.97,1.03,0.32,25271.74,825849.253
20161208,337.71,328.01,340.0,327.0,10.26,3.13,54475.78,1825332.444
20161209,337.76,337.2,339.42,334.02,0.05,0.01,34495.59,1162079.79
20161212,326.86,337.7,340.0,325.7,-10.9,-3.23,50332.44,1667557.014
20161213,333.01,326.84,335.0,325.5,6.15,1.88,41780.0,1384533.791
20161214,332.27,333.0,334.07,328.5,-0.74,-0.22,32029.02,1062697.134
20161215,328.05,332.46,332.99,325.58,-4.22,-1.27,39202.75,1285279.911
20161216,327.58,327.0,329.88,323.58,-0.47,-0.14,25051.26,818412.412
20161219,325.96,326.0,334.37,325.61,-1.62,-0.49,30471.87,1002365.465
20161220,326.48,326.04,327.0,321.81,0.52,0.16,30831.59,1001345.157
20161221,328.66,326.9,329.29,323.56,2.18,0.67,24711.24,807548.103
20161222,325.2,328.0,328.46,324.88,-3.46,-1.05,14678.13,478750.707
20161223,320.03,323.55,324.5,319.13,-5.17,-1.59,31095.55,1001068.078
20161226,324.48,319.03,324.99,316.2,4.45,1.39,26001.43,835811.094
20161227,326.16,324.51,328.8,323.5,1.68,0.52,20062.29,655887.935
20161228,323.72,326.99,328.0,323.33,-2.44,-0.75,17878.11,581648.979
20161229,327.31,324.0,327.87,323.0,3.59,1.11,21225.12,690986.078
20161230,334.15,326.61,335.29,326.61,6.84,2.09,34687.67,1152982.239
20170103,334.56,334.28,337.0,332.81,0.41,0.12,20763.89,695005.298
20170104,351.91,334.62,352.17,334.6,17.35,5.19,65257.38,2245051.865
20170105,346.74,350.0,351.45,345.44,-5.17,-1.47,41704.48,1449077.676
20170106,350.76,346.64,359.78,346.1,4.02,1.16,68095.62,2402546.296
20170109,348.51,347.8,352.88,346.54,-2.25,-0.64,35405.0,1233977.973
20170110,349.0,348.45,352.0,346.6,0.49,0.14,31727.64,1108100.804
20170111,345.45,348.0,348.0,343.5,-3.55,-1.02,23598.51,814074.636
20170112,347.05,346.55,347.4,344.51,1.6,0.46,17779.4,614822.051
20170113,344.87,346.98,347.39,343.88,-2.18,-0.63,18282.48,631734.939
20170116,341.47,344.13,344.8,338.8,-3.4,-0.99,36855.45,1259384.863
20170117,349.13,342.6,351.5,342.0,7.66,2.24,35188.38,1223967.88
20170118,355.08,348.88,356.77,347.21,5.95,1.7,46005.7,1622110.97
20170119,354.72,355.0,358.48,351.7,-0.36,-0.1,28523.92,1011320.058
20170120,354.99,354.9,357.4,353.03,0.27,0.08,21344.17,758415.995
20170123,351.22,356.88,359.8,349.46,-3.77,-1.06,32581.18,1151869.289
20170124,350.31,351.27,352.8,346.75,-0.91,-0.26,26914.58,939129.474
20170125,347.63,349.98,349.98,346.2,-2.68,-0.77,22990.36,799259.963
20170126,344.42,348.14,348.8,341.3,-3.21,-0.92,37826.17,1303262.151
20170203,346.85,346.0,349.18,345.0,2.43,0.71,20936.43,727140.789
20170206,346.85,348.49,348.89,344.96,0.0,0.0,15680.79,543401.899
20170207,343.58,346.84,347.4,343.14,-3.27,-0.94,20519.83,707114.116
20170208,344.21,343.76,345.5,342.67,0.63,0.18,19088.54,656786.314
20170209,347.61,345.0,348.79,344.61,3.4,0.99,23324.38,808958.183
20170210,345.08,348.62,349.82,345.0,-2.53,-0.73,24056.59,835679.322
20170213,349.75,344.0,351.9,341.92,4.67,1.35,53587.9,1869148.354
20170214,350.21,349.54,352.6,349.1,0.46,0.13,26558.68,931733.735
20170215,348.53,351.5,352.44,347.2,-1.68,-0.48,26256.96,917475.854
20170216,348.09,348.5,348.62,345.51,-0.44,-0.13,17642.3,612607.282
20170217,350.56,348.9,354.44,347.5,2.47,0.71,29102.34,1022647.971
20170220,361.29,350.41,362.32,350.01,10.73,3.06,61853.4,2215563.601
20170221,358.74,361.88,362.43,357.18,-2.55,-0.71,27705.77,994112.865
20170222,361.89,360.61,366.52,360.0,3.15,0.88,37130.31,1347469.102
20170223,361.7,360.97,365.48,359.76,-0.19,-0.05,23328.06,844123.194
20170224,362.62,362.0,362.89,360.05,0.92,0.25,17692.78,639123.205
20170227,357.2,362.49,362.85,356.8,-5.42,-1.49,25400.46,912927.183
20170228,354.66,357.0,359.2,353.58,-2.54,-0.71,27473.51,975788.668
20170301,356.61,355.1,358.2,355.0,1.95,0.55,21944.2,782349.009
20170302,356.82,356.71,357.0,354.53,0.21,0.06,22103.62,785560.42
20170303,356.54,355.0,358.22,355.0,-0.28,-0.08,14153.55,505108.556
20170306,358.96,357.66,359.54,356.55,2.42,0.68,22818.84,818625.871
20170307,367.2,358.03,368.88,358.03,8.24,2.3,46286.98,1694198.549
20170308,367.28,367.18,368.49,365.5,0.08,0.02,16037.7,588667.675
20170309,369.9,367.0,369.98,365.56,2.62,0.71,23406.06,860084.024
20170310,369.85,369.92,377.0,368.36,-0.05,-0.01,40951.05,1524343.094
20170313,371.55,370.05,374.33,367.53,1.7,0.46,27674.32,1027592.8
20170314,369.5,371.55,373.85,368.34,-2.05,-0.55,20416.49,756359.624
20170315,374.68,369.5,375.15,369.01,5.18,1.4,25155.26,935994.827
20170316,374.77,376.56,378.3,372.8,0.09,0.02,25022.6,938231.439
20170317,378.48,373.1,384.45,373.1,3.71,0.99,34700.26,1315336.843
20170320,386.41,380.5,386.71,378.88,7.93,2.1,31545.94,1209603.913
20170321,394.01,386.55,396.5,386.5,7.6,1.97,48460.96,1901883.74
20170322,394.48,390.53,394.6,385.0,0.47,0.12,45532.71,1775217.767
20170323,389.79,392.03,393.99,386.6,-4.69,-1.19,34504.81,1345058.757
20170324,386.82,392.32,393.22,385.0,-2.97,-0.76,33287.72,1292313.386
20170327,378.82,386.03,389.26,378.39,-8.0,-2.07,53690.28,2054742.982
20170328,380.26,379.95,381.15,376.66,1.44,0.38,41187.17,1558258.565
20170329,383.65,381.01,385.8,379.9,3.39,0.89,37299.67,1429610.961
20170330,386.14,383.0,386.89,382.6,2.49,0.65,31612.99,1216016.529
20170331,386.36,386.2,388.0,384.18,0.22,0.06,24474.22,945503.282
20170405,389.66,385.66,394.99,385.0,3.3,0.85,40789.98,1594997.313
20170406,391.91,389.01,393.0,386.63,2.25,0.58,28857.2,1125204.238
20170407,392.87,392.99,394.0,389.6,0.96,0.25,24097.23,945589.197
20170410,389.2,394.0,394.0,388.0,-3.67,-0.93,28869.48,1126296.265
20170411,385.29,388.05,390.7,380.6,-3.91,-1.0,43530.72,1679537.545
20170412,390.23,385.29,391.0,384.8,4.94,1.28,27002.91,1049245.582
20170413,398.39,390.78,398.59,390.51,8.16,2.09,45648.35,1805008.871
20170414,395.45,399.43,399.88,395.0,-2.94,-0.74,23646.56,938378.987
20170417,395.79,391.0,398.28,388.55,0.34,0.09,28793.71,1136763.705
20170418,404.65,394.6,406.55,394.6,8.86,2.24,49581.0,1987661.267
20170419,405.74,403.0,409.1,402.86,1.09,0.27,37550.11,1521983.651
20170420,415.31,406.09,420.43,406.09,9.57,2.36,50457.68,2091241.453
20170421,400.53,415.0,415.6,400.0,-14.78,-3.56,49332.92,2015062.634
20170424,398.55,400.62,405.0,389.0,-1.98,-0.49,50037.97,1986424.986
20170425,418.89,404.8,420.17,404.8,20.34,5.1,76192.71,3143136.343
20170426,417.96,418.85,428.68,413.01,-0.93,-0.22,56624.12,2384125.12
20170427,421.44,415.53,421.97,410.43,3.48,0.83,28240.71,1180494.894
20170428,413.48,421.99,423.0,409.9,-7.96,-1.89,49505.87,2052093.809
20170502,412.08,411.6,415.0,409.18,-1.4,-0.34,23291.68,960137.243
20170503,417.61,411.0,417.66,411.0,5.53,1.34,20267.91,842560.358
20170504,416.0,414.63,418.48,414.63,-1.61,-0.39,26709.15,1111200.116
20170505,416.19,416.2,422.78,415.1,0.19,0.05,37437.11,1566063.418
20170508,405.48,416.18,417.0,404.72,-10.71,-2.57,40721.65,1671035.538
20170509,408.76,404.44,409.88,398.0,3.28,0.81,52801.92,2126236.509
20170510,410.09,408.4,414.44,407.02,1.33,0.33,26039.38,1070652.714
20170511,412.16,408.4,414.7,406.51,2.07,0.5,30467.64,1254053.012
20170512,413.47,413.59,415.3,410.01,1.31,0.32,22337.42,921621.377
20170515,419.55,413.12,420.35,413.12,6.08,1.47,33447.35,1398908.2
20170516,430.12,419.6,431.22,418.26,10.57,2.52,50164.9,2145037.948
20170517,426.6,429.0,430.19,424.88,-3.52,-0.82,27515.21,1174696.177
20170518,429.54,425.05,430.7,425.01,2.94,0.69,24300.8,1040535.48
20170519,440.82,429.57,441.8,429.57,11.28,2.63,38310.83,1672948.423
20170522,441.78,439.04,446.01,436.2,0.96,0.22,35321.49,1560087.945
20170523,454.2,442.25,454.47,442.25,12.42,2.81,48454.39,2178738.025
20170524,450.32,452.9,456.48,446.0,-3.88,-0.85,40226.18,1812513.084
20170525,450.6,448.71,452.96,447.5,0.28,0.06,28898.42,1299628.591
20170526,451.92,450.82,455.6,448.0,1.32,0.29,27386.64,1237323.135
20170531,442.94,450.0,450.5,440.11,-8.98,-1.99,44312.25,1968887.174
20170601,449.28,442.5,449.95,441.01,6.34,1.43,40604.78,1808305.713
20170602,447.31,450.0,450.95,445.6,-1.97,-0.44,21785.26,974893.318
20170605,444.41,448.04,449.0,442.35,-2.9,-0.65,19241.2,854876.925
20170606,448.82,444.97,449.0,444.2,4.41,0.99,20402.44,912438.705
20170607,459.37,449.12,460.0,449.12,10.55,2.35,38834.3,1774212.484
20170608,464.31,461.32,464.4,458.5,4.94,1.08,28951.11,1338443.407
20170609,465.74,464.24,470.8,463.0,1.43,0.31,31430.76,1467836.835
20170612,472.88,467.0,475.44,465.0,7.14,1.53,35109.16,1654501.999
20170613,473.04,473.05,474.5,467.0,0.16,0.03,24237.98,1141536.364
20170614,474.39,472.79,477.5,470.48,1.35,0.29,33768.63,1600846.629
20170615,464.3,475.0,475.48,464.0,-10.09,-2.13,50202.8,2347172.38
20170616,462.63,461.5,467.49,461.26,-1.67,-0.36,33331.8,1544955.944
20170619,470.17,461.96,470.39,461.96,7.54,1.63,38536.68,1803585.246
20170620,466.3,473.0,474.88,465.66,-3.87,-0.82,34505.39,1614858.151
20170621,472.71,469.55,473.0,466.03,6.41,1.37,42038.54,1974672.846
20170622,472.75,473.02,477.93,471.2,0.04,0.01,38242.34,1815684.37
20170623,472.73,472.86,474.88,468.33,-0.02,0.0,31303.62,1473803.782
20170626,484.68,473.01,485.0,472.0,11.95,2.53,52932.57,2536430.501
20170627,484.1,482.82,485.0,480.85,-0.58,-0.12,27980.78,1350476.765
20170628,475.3,484.09,484.09,473.0,-8.8,-1.82,37728.74,1799676.818
20170629,473.01,476.3,477.35,470.0,-2.29,-0.48,35092.72,1657994.404
20170630,471.85,471.51,474.16,467.8,-1.16,-0.25,22427.17,1056424.784
20170703,460.37,474.2,474.2,457.9,-11.48,-2.43,49628.53,2298656.458
20170704,451.92,458.96,460.0,449.0,-8.45,-1.84,56488.95,2563886.39
20170705,460.13,453.01,460.33,453.01,8.21,1.82,37540.32,1718844.532
20170706,455.98,458.11,460.2,450.6,-4.15,-0.9,42044.39,1913037.511
20170707,445.97,451.05,451.1,441.2,-3.22,-0.72,37796.47,1681450.715
20170710,454.47,446.88,454.9,442.97,8.5,1.91,36624.09,1648443.67
20170711,463.13,454.5,464.58,454.0,8.66,1.91,44601.82,2054854.503
20170712,457.47,465.8,465.99,455.0,-5.66,-1.22,28950.72,1330327.923
20170713,456.16,455.35,461.91,453.68,-1.31,-0.29,25951.35,1183440.452
20170714,456.41,456.25,458.76,453.05,0.25,0.05,17726.57,806510.274
20170717,450.07,457.04,458.04,446.28,-6.34,-1.39,35263.68,1595292.99
20170718,452.55,451.99,453.99,448.0,2.48,0.55,30684.49,1384468.254
20170719,456.86,454.0,463.62,452.8,4.31,0.95,56259.94,2574934.655
20170720,466.47,455.86,466.89,455.86,9.61,2.1,46634.87,2160731.54
20170721,473.2,466.96,475.01,463.66,6.73,1.44,46792.41,2207195.747
20170724,477.8,474.88,485.35,474.88,4.6,0.97,42716.43,2052709.805
20170725,477.96,482.2,482.8,476.1,0.16,0.03,21929.99,1051446.103
20170726,471.63,478.05,481.63,466.56,-6.33,-1.32,31470.18,1487729.148
20170727,473.87,471.63,475.85,471.1,2.24,0.47,19595.03,928077.23
20170728,483.92,471.0,484.07,467.71,10.05,2.12,46618.77,2235811.533
20170731,481.22,484.0,487.96,481.0,-2.7,-0.56,38412.18,1861154.799
20170801,480.24,481.0,483.0,477.4,-0.98,-0.2,27501.54,1318453.67
20170802,482.84,480.04,484.88,478.51,2.6,0.54,26774.22,1289564.021
20170803,477.22,483.68,486.85,475.63,-5.62,-1.16,31768.39,1522998.147
20170804,473.64,477.0,478.98,472.6,-3.58,-0.75,18681.14,887074.164
20170807,481.56,472.5,482.4,471.13,7.92,1.67,23099.37,1104715.336
20170808,482.58,482.0,484.22,479.5,1.02,0.21,16051.58,773408.185
20170809,490.85,484.84,492.98,482.03,8.27,1.71,41794.47,2045888.052
20170810,491.63,491.09,499.6,489.0,0.78,0.16,35364.38,1747693.641
20170811,484.06,489.0,496.55,483.48,-7.57,-1.54,36572.57,1785149.162
20170814,499.83,485.21,500.1,485.21,15.77,3.26,39331.47,1952353.92
20170815,495.97,500.11,501.1,495.01,-3.86,-0.77,27163.22,1350104.673
20170816,496.49,498.0,498.8,493.0,0.52,0.1,18587.22,921412.991
20170817,492.69,497.6,497.6,489.8,-3.8,-0.77,25846.73,1272341.257
20170818,489.65,492.8,494.44,488.0,-3.04,-0.62,23857.75,1169732.673
20170821,489.73,488.0,494.4,486.94,0.08,0.02,23546.62,1153168.712
20170822,487.22,487.4,489.48,476.0,-2.51,-0.51,42457.03,2051271.355
20170823,494.01,485.45,494.63,484.32,6.79,1.39,27214.99,1337347.647
20170824,492.81,493.99,496.4,492.02,-1.2,-0.24,18156.78,896861.683
20170825,492.99,493.45,494.25,489.32,0.18,0.04,17297.88,850598.725
20170828,492.04,493.0,497.29,491.03,-0.95,-0.19,29021.07,1432545.548
20170829,489.44,493.02,494.88,488.01,-2.6,-0.53,25176.62,1234431.719
20170830,492.97,489.7,493.75,489.16,3.53,0.72,18503.64,910133.939
20170831,491.15,494.04,494.88,489.8,-1.82,-0.37,18736.86,921659.704
20170901,495.18,490.2,496.28,490.03,4.03,0.82,31451.0,1554634.575
20170904,492.42,495.18,496.66,491.27,-2.76,-0.56,18931.62,932954.81
20170905,489.99,492.88,493.99,489.5,-2.43,-0.49,22622.15,1112006.392
20170906,484.98,490.0,492.77,484.84,-5.01,-1.02,33006.5,1608066.103
20170907,481.27,485.31,486.9,480.06,-3.71,-0.77,33320.16,1605408.576
20170908,474.37,478.25,480.5,474.0,-6.9,-1.43,41173.27,1962989.43
20170911,478.32,471.09,482.22,469.98,3.95,0.83,45374.4,2161657.241
20170912,484.91,479.5,486.0,478.4,6.59,1.38,34341.63,1661294.228
20170913,491.63,485.0,492.2,481.38,6.72,1.39,33075.7,1618956.527
20170914,490.71,492.99,494.03,488.99,-0.92,-0.19,19399.49,953145.166
20170915,489.84,492.5,492.5,488.0,-0.87,-0.18,16039.46,786562.205
20170918,498.97,490.14,500.5,490.14,9.13,1.86,42206.81,2101680.376
20170919,496.95,500.3,502.5,496.01,-2.02,-0.4,23054.81,1151152.851
20170920,496.2,496.9,500.02,496.0,-0.75,-0.15,17318.16,862024.944
20170921,498.77,495.94,500.58,492.88,2.57,0.52,19402.68,963615.276
20170922,499.93,496.9,500.18,495.8,1.16,0.23,16343.53,815718.865
20170925,507.24,500.31,508.2,500.3,7.31,1.46,32697.56,1649582.919
20170926,509.29,506.69,510.0,503.6,2.05,0.4,25470.49,1292872.632
20170927,508.21,508.92,511.03,506.07,-1.08,-0.21,16671.11,847627.355
20170928,518.46,507.2,520.2,507.15,10.25,2.02,25969.85,1340236.075
20170929,517.64,516.0,525.88,515.5,-0.82,-0.16,22436.22,1166403.112
20171009,527.77,524.54,535.55,520.1,10.13,1.96,34891.29,1844481.6
20171010,540.06,527.05,540.49,527.01,12.29,2.33,31006.44,1662690.453
20171011,545.54,538.1,551.25,538.1,5.48,1.01,33406.43,1824898.708
20171012,544.09,545.0,547.5,540.18,-1.45,-0.27,19646.22,1067464.518
20171013,556.15,545.0,556.6,542.01,12.06,2.22,27858.42,1534212.916
20171016,560.69,559.99,566.66,555.87,4.54,0.82,29909.01,1676809.992
20171017,556.73,560.97,560.97,554.0,-3.96,-0.71,20977.12,1168943.28
20171018,560.72,554.2,562.59,554.2,3.99,0.72,19178.65,1072237.528
20171019,582.6,561.0,585.15,560.72,21.88,3.9,40658.82,2338901.855
20171020,574.33,581.0,581.0,571.76,-8.27,-1.42,31534.33,1812957.242
20171023,573.41,574.92,580.5,568.0,-0.92,-0.16,23771.82,1362900.409
20171024,567.33,572.0,573.8,563.61,-6.08,-1.06,31274.28,1775645.971
20171025,565.67,569.75,571.68,562.06,-1.66,-0.29,25076.0,1418395.221
20171026,605.09,605.0,613.0,591.91,39.42,6.97,115434.97,6957625.411
20171027,649.63,602.11,655.0,600.03,44.54,7.36,84383.79,5284485.766
20171030,622.08,643.05,644.0,621.0,-27.55,-4.24,81007.86,5099041.747
20171031,618.03,622.01,627.6,611.88,-4.05,-0.65,51875.68,3206280.6
20171101,623.01,620.88,631.54,619.22,4.98,0.81,43435.25,2712016.939
20171102,626.92,626.95,629.78,621.0,3.91,0.63,34249.73,2144671.943
20171103,639.17,628.65,643.44,628.65,12.25,1.95,48188.97,3075651.167
20171106,653.06,641.5,657.62,640.2,13.89,2.17,48513.98,3153638.704
20171107,642.07,650.58,657.15,638.18,-10.99,-1.68,55564.85,3592238.407
20171108,650.38,642.33,654.5,642.33,8.31,1.29,43951.94,2855374.07
20171109,650.07,648.0,654.15,644.61,-0.31,-0.05,33641.13,2183815.39
20171110,677.95,650.43,683.4,650.43,27.88,4.29,74078.6,4967970.73
20171113,687.88,680.0,692.78,675.8,9.93,1.46,49869.84,3402794.002
20171114,678.75,687.14,687.22,677.35,-9.13,-1.33,46366.71,3159112.664
20171115,688.08,678.75,689.99,674.0,9.33,1.37,45036.33,3074244.081
20171116,719.11,686.01,719.96,686.01,31.03,4.51,60716.32,4299283.186
20171117,690.25,696.0,709.0,677.77,-28.86,-4.01,123861.24,8548747.991
20171120,679.15,676.8,685.6,660.0,-11.1,-1.61,88305.82,5954131.851
20171121,677.25,669.0,688.8,662.02,-1.9,-0.28,96016.51,6491134.446
20171122,650.52,677.0,688.0,650.0,-26.73,-3.95,128498.26,8528143.403
20171123,633.73,642.0,646.0,630.22,-16.79,-2.58,109599.13,6984097.475
20171124,630.04,635.9,642.5,622.23,-3.69,-0.58,76541.94,4835808.966
20171127,621.29,634.0,636.33,613.01,-8.75,-1.39,63548.46,3975262.024
20171128,648.23,625.06,648.88,624.0,26.94,4.34,70291.83,4491543.613
20171129,638.12,649.94,651.97,634.01,-10.11,-1.56,46763.72,3005733.412
20171130,631.0,635.51,648.48,626.0,-7.12,-1.12,38019.62,2419959.854
20171201,622.35,638.01,638.99,620.13,-8.65,-1.37,47192.74,2959772.009
20171204,637.79,623.95,644.1,616.72,15.44,2.48,54267.71,3436687.377
20171205,632.96,634.0,647.4,630.13,-4.83,-0.76,47465.76,3026076.465
20171206,625.01,631.5,644.1,620.0,-7.95,-1.26,58174.09,3657236.582
20171207,616.69,624.95,624.99,615.26,-8.32,-1.33,51032.62,3155212.01
20171208,627.28,615.42,628.85,615.42,10.59,1.72,45503.39,2842464.437
20171211,650.99,631.0,651.95,631.0,23.71,3.78,72849.17,4702239.221
20171212,651.32,658.7,658.77,651.02,0.33,0.05,47889.31,3138650.306
20171213,668.21,654.99,670.0,650.72,16.89,2.59,48502.48,3197982.045
20171214,664.55,669.98,671.3,660.5,-3.66,-0.55,31967.94,2126665.894
20171215,653.79,664.0,667.95,650.78,-10.76,-1.62,32255.95,2126579.404
20171218,665.77,660.0,669.8,658.58,11.98,1.83,39162.28,2599749.872
20171219,667.09,663.0,672.44,661.0,1.32,0.2,44072.21,2944470.867
20171220,684.91,669.9,686.86,664.03,17.82,2.67,63601.31,4321305.755
20171221,681.74,683.0,687.42,675.5,-3.17,-0.46,46680.38,3178595.839
20171222,682.92,680.0,685.9,677.01,1.18,0.17,28317.01,1930315.469
20171225,688.12,686.0,696.3,683.72,5.2,0.76,36214.28,2497653.982
20171226,680.81,688.18,692.99,676.5,-7.31,-1.06,31867.66,2174103.282
20171227,664.18,684.86,684.86,662.5,-16.63,-2.44,37722.05,2539720.696
20171228,718.69,687.0,719.9,671.32,54.51,8.21,124141.07,8656875.718
20171229,697.49,718.0,726.5,691.6,-21.2,-2.95,76038.87,5372514.665
20180102,703.85,700.0,710.16,689.89,6.36,0.91,49612.48,3482407.646
20180103,715.86,701.5,721.4,699.74,12.01,1.71,52019.41,3713523.701
20180104,737.07,721.4,743.5,719.33,21.21,2.96,72205.08,5309890.21
20180105,738.36,741.0,746.03,728.22,1.29,0.18,39989.07,2946493.013
20180108,752.13,735.02,756.5,735.02,13.77,1.86,52204.56,3899951.72
20180109,782.52,752.21,783.0,752.21,30.39,4.04,64591.95,5001164.506
20180110,785.71,785.0,788.88,773.48,3.19,0.41,47714.24,3731993.154
20180111,774.81,787.0,788.0,772.0,-10.9,-1.39,50656.07,3942075.854
20180112,788.42,773.77,788.8,767.02,13.61,1.76,45988.24,3577281.776
20180115,785.37,793.46,799.06,779.02,-3.05,-0.39,52473.13,4136645.487
20180116,772.94,780.48,788.61,768.0,-12.43,-1.58,65428.33,5084966.063
20180117,747.93,770.0,774.0,738.51,-25.01,-3.24,90709.54,6835580.477
20180118,750.74,747.93,765.0,744.09,2.81,0.38,58978.51,4443031.234
20180119,750.18,752.9,758.9,739.02,-0.56,-0.07,50925.56,3818021.99
20180122,773.64,751.81,774.0,751.81,23.46,3.13,67126.75,5129674.653
20180123,773.78,777.81,780.0,768.6,0.14,0.02,49549.18,3836387.69
20180124,764.46,776.44,776.46,758.6,-9.32,-1.2,43298.81,3311348.774
20180125,769.16,761.0,776.0,751.0,4.7,0.61,50040.72,3821875.04
20180126,777.22,767.24,777.4,764.0,8.06,1.05,43978.33,3389953.777
20180129,736.32,778.76,779.67,735.0,-40.9,-5.26,74535.51,5637041.971
20180130,742.08,736.0,748.77,730.02,5.76,0.78,51911.03,3852705.098
20180131,764.54,739.0,771.71,739.0,22.46,3.03,60402.41,4601994.781
20180201,757.73,767.0,767.3,752.92,-6.81,-0.89,50582.61,3846421.613
20180202,740.4,752.22,753.23,725.0,-17.33,-2.29,75420.82,5583742.782
20180205,718.23,727.22,729.96,705.6,-22.17,-2.99,98995.85,7104095.616
20180206,708.86,703.0,722.6,703.0,-9.37,-1.3,88168.71,6270888.575
20180207,683.43,720.0,723.88,682.01,-25.43,-3.59,88289.98,6231141.116
20180208,700.99,682.2,718.0,682.2,17.56,2.57,83409.43,5860233.484
20180209,683.43,680.0,689.89,658.0,-17.56,-2.51,105578.26,7160206.33
20180212,697.48,691.0,705.5,685.2,14.05,2.06,64179.55,4466343.242
20180213,711.98,705.02,714.82,704.5,14.5,2.08,53389.18,3793782.378
20180214,718.45,720.0,720.0,712.22,6.47,0.91,30652.6,2198728.707
20180222,742.45,727.3,744.0,723.24,24.0,3.34,50764.69,3717469.267
20180223,742.48,747.0,756.56,737.0,0.03,0.0,38158.77,2844936.758
20180226,743.51,746.88,752.05,733.02,1.03,0.14,43658.24,3243216.345
20180227,737.98,749.0,756.0,737.22,-5.53,-0.74,42601.54,3181778.842
20180228,725.62,732.0,742.3,719.0,-12.36,-1.67,48330.67,3522004.686
20180301,741.97,728.0,746.85,723.77,16.35,2.25,44794.65,3303604.159
20180302,736.41,738.0,743.56,730.0,-5.56,-0.75,25991.9,1912613.83
20180305,720.11,738.18,742.0,717.03,-16.3,-2.21,37234.7,2703926.955
20180306,718.26,725.0,727.6,697.13,-1.85,-0.26,64570.36,4581658.583
20180307,710.04,715.0,724.0,708.99,-8.22,-1.14,34595.94,2480929.043
20180308,722.76,714.0,724.0,708.0,12.72,1.79,35349.3,2540452.0
20180309,728.2,727.55,732.57,723.5,5.44,0.75,30171.0,2199081.672
20180312,723.95,729.55,733.92,722.77,-4.25,-0.58,39888.41,2900950.557
20180313,710.35,723.0,726.6,710.0,-13.6,-1.88,38577.09,2764426.996
20180314,726.88,709.67,728.08,707.22,16.53,2.33,37355.76,2683830.11
20180315,746.47,728.02,747.0,728.02,19.59,2.7,56148.79,4161645.76
20180316,739.85,747.6,753.98,738.88,-6.62,-0.89,35855.52,2676682.524
20180319,753.48,743.97,753.99,739.0,13.63,1.84,38666.58,2897348.542
20180320,747.73,750.0,752.0,740.0,-5.75,-0.76,28877.2,2154897.794
20180321,742.0,750.11,753.11,740.0,-5.73,-0.77,26742.71,1996584.261
20180322,726.08,744.0,748.0,724.01,-15.92,-2.15,37486.97,2748721.669
20180323,711.06,701.0,723.49,700.08,-15.02,-2.07,52546.77,3727044.98
20180326,713.49,708.0,715.06,701.88,2.43,0.34,46256.11,3276880.07
20180327,714.74,723.0,725.88,704.0,1.25,0.18,47548.44,3399900.239
20180328,682.05,699.97,703.0,669.0,-32.69,-4.57,113539.72,7786098.263
20180329,689.1,682.2,697.85,658.41,7.05,1.03,79081.96,5362890.034
20180330,683.62,686.0,693.5,679.88,-5.48,-0.8,36540.28,2502696.336
20180402,680.06,680.0,691.0,674.11,-3.56,-0.52,32039.08,2185060.765
20180403,677.91,678.0,687.0,675.39,-2.15,-0.32,40235.58,2737509.485
20180404,694.01,682.0,700.43,680.38,16.1,2.37,56891.31,3948712.791
20180409,698.3,697.1,705.43,690.15,4.29,0.62,30833.05,2149178.951
20180410,708.02,704.8,708.5,698.46,9.72,1.39,32043.25,2252069.676
20180411,705.36,710.0,714.78,703.02,-2.66,-0.38,25723.18,1822237.882
20180412,694.2,704.0,706.88,692.22,-11.16,-1.58,30713.61,2139139.504
20180413,686.86,698.5,701.0,685.08,-7.34,-1.06,27549.52,1904051.062
20180416,681.38,680.58,686.85,677.0,-5.48,-0.8,32939.67,2241463.093
20180417,666.2,685.0,685.38,665.6,-15.18,-2.23,35172.76,2377407.817
20180418,655.64,671.0,671.0,645.0,-10.56,-1.59,62616.6,4104175.827
20180419,679.96,659.85,680.0,656.66,24.32,3.71,44207.57,2976468.492
20180420,670.26,681.0,694.0,668.23,-9.7,-1.43,41511.68,2831559.751
20180423,674.01,666.01,680.33,666.01,3.75,0.56,32659.2,2196761.047
20180424,689.88,676.0,693.5,675.0,15.87,2.35,47282.56,3252280.969
20180425,690.97,689.0,692.0,683.02,1.09,0.16,25252.22,1738767.067
20180426,678.23,692.0,692.28,673.0,-12.74,-1.84,35047.9,2378744.475
20180427,662.53,685.25,688.36,655.0,-15.7,-2.31,57915.21,3866680.412
20180502,667.83,660.0,668.99,645.06,5.3,0.8,70259.11,4589885.607
20180503,670.88,666.0,673.68,658.0,3.05,0.46,36326.53,2426248.236
20180504,662.87,670.98,674.83,660.57,-8.01,-1.19,37375.84,2492610.223
20180507,698.17,659.95,701.88,657.77,35.3,5.33,85591.43,5858519.223
20180508,708.83,698.03,712.13,698.03,10.66,1.53,62497.83,4414037.853
20180509,701.95,709.08,712.3,697.12,-6.88,-0.97,32331.06,2267880.036
20180510,714.19,703.5,716.0,703.5,12.24,1.74,39293.8,2794919.589
20180511,718.02,718.69,730.5,715.7,3.83,0.54,39141.65,2826877.192
20180514,742.41,724.0,743.0,724.0,24.39,3.4,51014.71,3753818.029
20180515,743.06,746.0,746.44,734.0,0.65,0.09,38055.8,2811622.722
20180516,734.52,740.0,745.66,733.28,-8.54,-1.15,30795.2,2275092.45
20180517,727.38,735.12,737.5,724.0,-7.14,-0.97,28517.93,2077476.64
20180518,739.32,723.99,741.0,721.19,11.94,1.64,29255.17,2140724.039
20180521,734.82,744.0,747.3,732.48,-4.5,-0.61,29059.58,2150582.003
20180522,739.57,735.22,739.84,730.02,4.75,0.65,16998.96,1250693.946
20180523,723.78,740.0,740.0,723.58,-15.79,-2.14,28268.71,2061375.201
20180524,715.4,720.0,728.66,713.0,-8.38,-1.16,30416.34,2191695.815
20180525,716.86,712.0,727.0,712.0,1.46,0.2,26511.46,1908701.139
20180528,740.4,718.0,740.66,715.12,23.54,3.28,42805.23,3129960.293
20180529,731.43,738.8,750.0,731.28,-8.97,-1.21,40820.27,3029700.817
20180530,725.87,727.22,737.3,720.05,-5.56,-0.76,37147.1,2706486.799
20180531,751.13,730.25,751.62,730.24,25.26,3.48,71852.87,5356222.572
20180601,745.11,751.13,754.98,738.76,-6.02,-0.8,36177.63,2694415.012
20180604,781.97,752.35,782.9,745.88,36.86,4.95,73805.97,5697540.359
20180605,788.05,786.5,794.7,777.23,6.08,0.78,52629.67,4136578.583
20180606,785.75,788.0,800.95,782.3,-2.3,-0.29,48969.48,3870616.725
20180607,780.97,789.98,795.55,778.9,-4.78,-0.61,39167.78,3078137.471
20180608,777.95,780.0,785.9,770.0,-3.02,-0.39,34958.46,2712363.711
20180611,775.73,776.05,786.0,768.33,-2.22,-0.29,36547.55,2837404.005
20180612,799.19,778.0,803.5,776.5,23.46,3.02,55287.08,4385043.27
20180613,790.33,800.0,802.62,788.88,-8.86,-1.11,35244.37,2803441.679
20180614,786.13,790.0,793.8,775.18,-4.2,-0.53,36159.61,2830514.231
20180615,773.33,773.2,778.58,769.1,-1.8,-0.23,31707.73,2455441.877
20180619,738.0,769.0,769.0,737.0,-35.33,-4.57,60195.87,4535664.03
20180620,763.59,741.0,765.0,741.0,25.59,3.47,45838.02,3454583.693
20180621,759.32,765.22,778.89,758.77,-4.27,-0.56,39182.55,3013867.644
20180622,766.53,754.0,767.0,750.0,7.21,0.95,28854.81,2190055.865
20180625,765.56,766.0,778.97,764.9,-0.97,-0.13,32934.16,2543272.262
20180626,754.8,765.31,769.88,747.0,-10.76,-1.41,46577.98,3516945.435
20180627,722.44,752.0,757.0,721.0,-32.36,-4.29,57298.01,4194739.085
20180628,710.93,714.0,719.0,697.0,-11.51,-1.59,50833.94,3610842.734
20180629,731.46,712.3,732.3,705.0,20.53,2.89,32929.27,2378884.218
20180702,711.55,734.52,739.33,703.0,-19.91,-2.72,37558.11,2709882.026
20180703,694.92,709.76,715.78,678.23,-16.63,-2.34,82837.1,5743330.241
20180704,690.91,692.0,700.0,688.0,-4.01,-0.58,37990.75,2637494.71
20180705,702.39,700.0,716.2,700.0,11.48,1.66,47123.8,3333680.083
20180706,714.12,707.0,720.93,699.26,11.73,1.67,44156.61,3140922.35
20180709,727.24,720.03,729.86,719.73,13.12,1.84,40572.66,2944655.287
20180710,725.76,729.0,731.5,713.33,-1.48,-0.2,29010.47,2096683.487
20180711,719.58,710.0,724.0,702.22,-6.18,-0.85,24278.45,1736875.98
20180712,737.54,718.0,741.17,718.0,17.96,2.5,40170.04,2947129.14
20180713,746.99,742.3,748.1,735.12,9.45,1.28,28907.04,2152944.602
20180716,754.68,752.3,764.11,751.03,7.69,1.03,32474.87,2454501.604
20180717,742.43,757.0,757.0,736.02,-12.25,-1.62,27806.03,2064190.615
20180718,737.44,742.43,749.69,735.0,-4.99,-0.67,24521.71,1818760.392
20180719,740.95,739.0,743.95,735.02,3.51,0.48,18078.5,1337080.011
20180720,741.13,741.5,743.13,728.0,0.18,0.0243,30548.5,2249792.135
20180723,732.07,736.0,741.15,720.01,-9.06,-1.2225,35969.89,2621763.717
20180724,745.4,732.68,747.3,723.0,13.33,1.8209,41808.6,3091209.135
20180725,743.81,746.95,749.88,740.01,-1.59,-0.2133,21743.88,1618737.612
20180726,735.62,748.9,748.9,734.23,-8.19,-1.1011,23067.26,1707662.628
20180727,738.56,736.0,744.3,730.0,2.94,0.3997,20913.6,1546655.26
20180730,719.21,738.9,740.66,715.0,-19.35,-2.62,42171.66,3058614.52
20180731,726.44,720.3,727.88,719.21,7.23,1.0053,20683.46,1499353.469
20180801,714.94,731.4,732.3,714.11,-11.5,-1.5831,25237.88,1821933.661
20180802,695.84,715.97,715.97,687.88,-19.1,-2.6716,55001.43,3840134.516
20180803,678.99,695.0,695.0,676.2,-16.85,-2.4215,47336.99,3230239.085
20180806,669.68,677.0,684.0,662.25,-9.31,-1.3712,45248.12,3039091.096
20180807,686.28,672.3,687.83,662.02,16.6,2.4788,39085.59,2645263.31
20180808,676.22,687.02,689.0,671.87,-10.06,-1.4659,29685.44,2016438.669
20180809,691.88,671.0,694.5,670.12,15.66,2.3158,34485.75,2368461.339
20180810,687.18,691.88,694.77,684.2,-4.7,-0.6793,23817.67,1643993.563
20180813,679.22,683.0,683.0,666.68,-7.96,-1.1584,34570.41,2329262.063
20180814,680.13,679.22,684.5,673.51,0.91,0.134,21696.83,1474124.248
20180815,662.8,679.8,680.0,661.0,-17.33,-2.548,34997.09,2336994.709
20180816,648.44,652.0,668.5,640.0,-14.36,-2.1666,59939.85,3908421.566
20180817,634.86,657.5,657.5,630.01,-13.58,-2.0943,46574.57,3001465.861
20180820,644.79,632.45,645.55,616.86,9.93,1.5641,48852.34,3081035.729
20180821,671.49,647.0,672.3,647.0,26.7,4.1409,52249.02,3460897.975
20180822,667.7,671.0,673.2,663.0,-3.79,-0.5644,20675.51,1381418.422
20180823,670.21,671.7,678.5,665.18,2.51,0.3759,27357.27,1836880.236
20180824,660.3,669.0,669.0,656.46,-9.91,-1.4786,26090.26,1725516.32
20180827,687.3,662.0,687.3,662.0,27.0,4.0891,48016.92,3261483.99
20180828,681.0,693.0,693.78,678.55,-6.3,-0.9166,32488.9,2222697.903
20180829,685.85,682.0,688.88,679.1,4.85,0.7122,27404.03,1877474.37
20180830,680.4,688.21,692.6,679.01,-5.45,-0.7946,33788.33,2312993.223
20180831,659.19,676.25,677.0,656.5,-21.21,-3.1173,58980.93,3911486.18
20180903,666.21,652.0,667.67,650.8,7.02,1.0649,30179.84,1992654.934
20180904,675.04,666.8,676.0,661.6,8.83,1.3254,21540.48,1441658.194
20180905,657.79,675.0,676.99,657.0,-17.25,-2.5554,28983.42,1927600.143
20180906,644.0,652.0,659.26,640.0,-13.79,-2.0964,42370.58,2744204.071
20180907,650.97,645.5,658.03,645.14,6.97,1.0823,29240.06,1903829.724
20180910,644.8,652.2,653.81,640.7,-6.17,-0.9478,21202.2,1369296.442
20180911,646.0,645.57,650.97,640.63,1.2,0.1861,19496.87,1258466.309
20180912,630.0,643.0,644.87,628.01,-16.0,-2.4768,41157.37,2612360.007
20180913,631.98,638.0,642.0,620.0,1.98,0.3143,47713.16,3004019.091
20180914,642.9,633.98,649.78,628.53,10.92,1.7279,40900.19,2617626.839
20180917,645.81,645.0,652.96,641.06,2.91,0.4526,29112.95,1884188.491
20180918,666.7,643.0,668.0,642.22,20.89,3.2347,37858.68,2480477.388
20180919,681.42,666.58,686.0,666.0,14.72,2.2079,48221.84,3277470.608
20180920,678.55,685.2,686.9,677.36,-2.87,-0.4212,27519.48,1878075.359
20180921,700.01,682.0,700.01,680.01,21.46,3.1626,42617.2,2945196.257
20180925,697.02,695.0,705.77,693.26,-2.99,-0.4271,30639.91,2142679.11
20180926,724.93,702.1,732.68,701.99,27.91,4.0042,72287.77,5200777.033
20180927,724.0,727.5,728.0,715.4,-0.93,-0.1283,40508.53,2918965.007
20180928,730.0,726.7,733.2,718.88,6.0,0.8287,35089.8,2551115.844
20181008,686.15,715.41,719.0,686.15,-43.85,-6.0068,82745.02,5798721.501
20181009,695.0,686.9,698.71,685.9,8.85,1.2898,40222.83,2785526.957
20181010,670.92,697.26,698.0,669.69,-24.08,-3.4647,63098.2,4288785.948
20181011,644.99,635.01,668.94,635.01,-25.93,-3.8648,91581.96,5953169.079
20181012,668.0,651.0,672.68,650.58,23.01,3.5675,54472.56,3599837.217
20181015,666.9,669.49,671.95,660.03,-1.1,-0.1647,35607.3,2372056.68
20181016,667.14,665.98,679.53,662.01,0.24,0.036,26393.6,1766613.793
20181017,665.72,675.0,677.3,649.9,-1.42,-0.2128,43077.07,2846537.063
20181018,645.94,660.0,660.0,644.97,-19.78,-2.9712,52156.07,3394332.712
20181019,670.0,638.0,675.0,635.08,24.06,3.7248,76199.38,4973381.203
20181022,693.0,675.0,702.02,675.0,23.0,3.4328,73108.57,5036971.569
20181023,641.74,689.0,689.0,635.0,-51.26,-7.3968,123112.73,8076618.589
20181024,636.99,628.11,650.0,620.0,-4.75,-0.7402,76112.82,4818473.584
20181025,619.0,620.0,622.5,608.58,-17.99,-2.8242,75568.38,4657019.123
20181026,610.1,619.0,625.0,607.98,-8.9,-1.4378,55327.38,3388947.805
20181029,549.09,549.09,549.09,549.09,-61.01,-10.0,49076.0,2694714.084
20181030,524.0,510.0,543.0,509.02,-25.09,-4.5694,204396.67,10663392.394
20181031,548.9,527.0,555.0,522.0,24.9,4.7519,96884.82,5239853.122
20181101,563.0,555.0,585.5,551.25,14.1,2.5688,98106.72,5581027.253
20181102,599.9,585.0,600.0,572.24,36.9,6.5542,89156.96,5227695.093
20181105,575.8,593.0,593.0,571.77,-24.1,-4.0173,75517.08,4373994.135
20181106,566.0,574.0,574.16,558.01,-9.8,-1.702,45566.14,2572068.93
20181107,566.4,569.0,574.95,562.01,0.4,0.0707,38107.78,2165679.706
20181108,570.34,574.0,577.0,568.0,3.94,0.6956,33763.74,1933594.956
20181109,562.0,567.22,569.0,562.0,-8.34,-1.4623,24336.82,1374731.688
20181112,552.0,553.0,554.2,536.8,-10.0,-1.7794,67824.22,3709848.786
20181113,570.0,546.12,570.0,543.0,18.0,3.2609,66429.05,3695850.099
20181114,555.1,569.96,569.96,552.55,-14.9,-2.614,41766.83,2331999.884
20181115,559.7,558.8,564.8,555.5,4.6,0.8287,30833.4,1728199.015
20181116,560.0,561.0,566.0,558.03,0.3,0.0536,28938.79,1625453.517
20181119,569.02,560.3,572.0,559.11,9.02,1.6107,36179.25,2052509.531
20181120,561.6,565.0,568.0,560.0,-7.42,-1.304,26943.26,1514353.125
20181121,564.7,554.0,568.9,553.68,3.1,0.552,27107.3,1527915.052
20181122,564.5,565.15,567.33,558.0,-0.2,-0.0354,21213.33,1193347.565
20181123,556.9,564.0,567.3,556.9,-7.6,-1.3463,20126.21,1126652.921
20181126,552.11,558.0,560.2,552.0,-4.79,-0.8601,19120.19,1063536.979
20181127,548.1,552.0,554.99,546.5,-4.01,-0.7263,20233.82,1112920.631
20181128,557.0,550.85,559.19,545.5,8.9,1.6238,27737.93,1535544.366
20181129,551.6,566.03,569.8,549.01,-5.4,-0.9695,45069.45,2524752.31
20181130,565.0,557.0,568.89,553.0,13.4,2.4293,49010.46,2762808.219
20181203,601.2,589.0,605.0,584.77,36.2,6.4071,83414.68,4964130.146
20181204,602.23,602.99,604.26,595.0,1.03,0.1713,31473.88,1888148.735
20181205,610.1,597.5,616.5,595.0,7.87,1.3068,41588.19,2523641.849
20181206,591.8,600.0,605.98,590.36,-18.3,-2.9995,37758.07,2250440.655
20181207,587.0,595.6,598.86,584.7,-4.8,-0.8111,26841.67,1583970.32
20181210,577.23,576.0,587.5,574.18,-9.77,-1.6644,24640.68,1427993.218
20181211,582.99,577.0,586.55,577.0,5.76,0.9979,16316.6,949962.155
20181212,589.0,588.79,589.2,582.8,6.01,1.0309,19921.54,1168089.518
20181213,601.75,590.0,606.88,589.6,12.75,2.1647,40399.41,2427823.194
20181214,592.96,598.01,599.8,592.0,-8.79,-1.4607,24554.48,1461585.126
20181217,590.52,592.57,595.97,585.01,-2.44,-0.4115,24895.85,1466942.952
20181218,590.94,585.88,591.54,585.0,0.42,0.0711,19222.18,1130221.286
20181219,577.8,589.0,590.99,576.03,-13.14,-2.2236,25715.96,1501321.336
20181220,574.5,576.22,581.5,568.89,-3.3,-0.5711,26940.98,1549600.76
20181221,567.41,571.0,573.45,562.21,-7.09,-1.2341,30640.43,1736537.277
20181224,568.0,563.5,570.91,558.0,0.59,0.104,19109.86,1080787.424
20181225,565.79,562.22,567.5,553.61,-2.21,-0.3891,26592.86,1490157.587
20181226,560.08,563.81,568.4,558.0,-5.71,-1.0092,17866.2,1005617.678
20181227,563.0,570.0,571.85,562.22,2.92,0.5214,29493.57,1670211.285
20181228,590.01,563.3,596.4,560.0,27.01,4.7975,63678.37,3705150.49
20190102,598.98,609.98,612.0,595.01,8.97,1.5203,62286.49,3754387.984
20190103,590.0,599.97,601.66,585.8,-8.98,-1.4992,30977.35,1838179.174
20190104,602.0,587.28,607.67,582.02,12.0,2.0339,37683.47,2258501.484
20190107,605.49,608.0,612.0,602.22,3.49,0.5797,34750.13,2105981.461
20190108,604.79,605.5,612.0,600.28,-0.7,-0.1156,28838.13,1750413.219
20190109,616.12,609.99,626.16,609.04,11.33,1.8734,49892.27,3084214.779
20190110,618.77,617.13,624.88,610.25,2.65,0.4301,29043.9,1797683.134
20190111,635.88,625.0,637.0,618.75,17.11,2.7652,38884.21,2445929.483
20190114,624.6,633.0,635.89,621.55,-11.28,-1.7739,25648.9,1606308.126
20190115,659.98,627.86,661.5,625.0,35.38,5.6644,55764.85,3613919.068
20190116,661.1,658.0,665.65,653.6,1.12,0.1697,42083.64,2775103.93
20190117,659.25,663.0,669.7,655.8,-1.85,-0.2798,30284.76,2004454.115
20190118,683.61,665.0,690.2,661.5,24.36,3.6951,68609.18,4647515.824
20190121,686.98,690.0,698.88,681.88,3.37,0.493,47051.93,3242615.722
20190122,671.0,686.0,686.0,665.22,-15.98,-2.3261,42122.21,2834735.031
20190123,665.66,667.22,674.5,663.13,-5.34,-0.7958,33624.81,2247371.221
20190124,672.5,670.3,677.83,664.68,6.84,1.0276,29155.27,1960227.058
20190125,679.7,675.88,684.9,669.93,7.2,1.0706,28986.35,1966232.09
20190128,677.0,684.0,693.98,676.03,-2.7,-0.3972,36102.87,2476277.972
20190129,685.0,677.5,688.0,668.0,8.0,1.1817,30342.59,2069407.513
20190130,676.0,684.99,686.22,676.0,-9.0,-1.3139,22699.96,1545353.573
20190131,689.6,680.0,689.6,677.56,13.6,2.0118,36696.57,2515374.97
20190201,692.67,697.04,699.0,689.61,3.07,0.4452,30520.62,2121326.14
20190211,725.3,695.0,729.5,688.18,32.63,4.7108,58140.75,4143849.806
20190212,717.92,723.0,725.49,715.2,-7.38,-1.0175,35091.43,2521840.124
20190213,735.25,723.0,736.16,717.22,17.33,2.4139,35677.06,2589623.528
20190214,737.16,731.2,743.66,730.14,1.91,0.2598,32258.13,2375987.077
20190215,724.78,734.88,734.88,723.02,-12.38,-1.6794,23237.98,1691515.518
20190218,740.0,731.0,744.95,731.0,15.22,2.0999,37745.89,2787522.993
20190219,730.76,740.96,742.5,726.66,-9.24,-1.2486,29501.5,2164408.781
20190220,722.0,735.0,735.0,716.06,-8.76,-1.1988,37882.37,2742919.644
20190221,720.25,720.0,730.48,717.0,-1.75,-0.2424,29850.4,2163554.333
20190222,726.01,717.0,728.49,714.1,5.76,0.7997,25908.77,1867253.93
20190225,742.33,730.75,744.44,717.99,16.32,2.2479,82622.59,6034261.367
20190226,727.35,747.8,749.18,726.0,-14.98,-2.018,57964.66,4265279.124
20190227,740.7,733.0,758.02,731.0,13.35,1.8354,65942.27,4908445.127
20190228,755.01,737.9,763.42,736.95,14.31,1.932,56986.25,4289145.218
20190301,789.3,761.5,790.0,761.0,34.29,4.5417,63840.23,4952509.171
20190304,781.86,795.0,798.33,777.22,-7.44,-0.9426,84585.96,6661386.571
20190305,779.78,785.0,789.55,775.88,-2.08,-0.266,44830.56,3501155.936
20190306,768.0,775.0,779.5,765.88,-11.78,-1.5107,46731.37,3602140.487
20190307,748.6,762.22,762.22,745.56,-19.4,-2.526,60180.53,4526351.877
20190308,737.5,737.9,746.83,733.65,-11.1,-1.4828,52275.25,3868415.483
20190311,758.54,740.04,766.95,740.04,21.04,2.8529,53057.24,4001728.73
20190312,745.01,763.82,763.83,739.0,-13.53,-1.7837,52510.01,3946382.127
20190313,754.0,745.5,760.75,745.5,8.99,1.2067,40561.36,3058080.906
20190314,778.0,757.0,785.0,754.0,24.0,3.183,62172.56,4808607.656
20190315,777.3,776.0,787.5,764.85,-0.7,-0.09,52400.71,4084798.328
20190318,810.09,778.8,814.53,777.0,32.79,4.2184,81318.8,6499566.987
20190319,792.61,803.0,807.92,792.3,-17.48,-2.1578,40634.93,3244967.39
20190320,792.8,790.0,802.3,785.0,0.19,0.024,31117.52,2470811.128
20190321,785.75,788.0,792.8,781.5,-7.05,-0.8893,32573.28,2558222.913
20190322,794.0,788.22,799.98,785.0,8.25,1.05,30517.5,2420497.823
20190325,775.6,786.0,788.0,773.3,-18.4,-2.3174,37270.46,2903744.159
20190326,773.0,780.0,785.94,764.1,-2.6,-0.3352,37595.69,2914112.997
20190327,788.5,781.0,793.88,775.0,15.5,2.0052,42807.39,3366132.247
20190328,806.8,793.43,814.48,785.68,18.3,2.3209,57566.76,4615969.704
20190329,853.99,835.0,866.68,830.17,47.19,5.849,90933.96,7702154.797
20190401,859.0,860.0,868.95,851.0,5.01,0.5867,60934.61,5228521.999
20190402,850.0,859.99,859.99,836.06,-9.0,-1.0477,53227.05,4496538.849
20190403,844.5,840.12,851.74,834.21,-5.5,-0.6471,43056.8,3629854.319
20190404,865.0,840.0,865.8,836.2,20.5,2.4275,55772.36,4763897.857
20190408,900.2,900.0,908.0,890.12,35.2,4.0694,66251.93,5944780.639
20190409,905.0,903.0,908.2,892.51,4.8,0.5332,47989.8,4308645.696
20190410,947.99,903.0,951.9,900.0,42.99,4.7503,67814.38,6331858.748
20190411,925.2,948.0,950.0,905.55,-22.79,-2.404,61102.54,5643817.564
20190412,914.0,909.0,919.99,900.01,-11.2,-1.2105,48612.17,4419349.981
20190415,907.0,931.0,939.0,907.0,-7.0,-0.7659,45522.64,4205548.308
20190416,939.9,904.9,939.9,901.22,32.9,3.6273,46423.44,4297385.218
20190417,952.0,938.0,955.51,925.0,12.1,1.2874,40761.02,3848216.557
20190418,945.5,945.41,954.68,936.22,-6.5,-0.6828,19598.52,1853076.08
20190419,952.56,943.96,960.95,931.31,7.06,0.7467,32379.78,3064971.032
20190422,949.2,959.5,978.89,940.61,-3.36,-0.3527,40627.96,3897168.684
20190423,974.95,951.0,981.22,949.2,25.75,2.7128,48852.05,4725480.295
20190424,970.0,979.88,990.0,951.22,-4.95,-0.5077,45227.0,4383873.128
20190425,952.37,968.79,973.99,951.22,-17.63,-1.8175,39801.34,3822767.525
20190426,945.0,946.3,959.88,945.0,-7.37,-0.7739,43277.68,4119727.292
20190429,971.97,945.0,989.0,935.0,26.97,2.854,52572.3,5086408.528
20190430,974.0,968.0,984.96,963.11,2.03,0.2089,35943.18,3503937.512
20190506,906.0,925.5,935.0,893.0,-68.0,-6.9815,135099.68,12299395.806
20190507,890.0,893.28,913.94,870.22,-16.0,-1.766,100837.26,9045117.765
20190508,884.4,860.0,901.8,860.0,-5.6,-0.6292,81882.98,7217709.507
20190509,858.81,875.0,879.87,842.5,-25.59,-2.8935,91545.15,7863312.116
20190510,907.12,875.66,910.78,868.19,48.31,5.6252,79907.38,7121198.718
20190513,892.0,898.86,910.98,884.0,-15.12,-1.6668,46637.18,4179329.433
20190514,886.57,885.0,906.0,873.0,-5.43,-0.6087,59983.12,5349455.647
20190515,927.0,890.24,933.0,890.24,40.43,4.5603,63124.25,5778791.845
20190516,929.91,919.0,932.0,905.0,2.91,0.3139,44540.12,4108281.95
20190517,906.79,927.02,932.3,900.1,-23.12,-2.4863,49841.61,4551116.799
20190520,884.96,900.0,900.0,871.0,-21.83,-2.4074,44407.99,3931645.928
20190521,895.0,885.0,910.0,872.02,10.04,1.1345,42385.65,3791406.204
20190522,888.0,894.98,904.0,880.0,-7.0,-0.7821,32041.58,2853872.828
20190523,861.0,881.0,883.98,856.22,-27.0,-3.0405,58058.63,5062812.286
20190524,878.5,865.0,885.0,864.44,17.5,2.0325,44034.09,3858962.204
20190527,879.0,879.1,882.99,860.05,0.5,0.0569,39161.91,3417213.669
20190528,888.0,877.99,907.49,875.02,9.0,1.0239,74772.77,6670856.081
20190529,911.91,888.01,924.95,888.01,23.91,2.6926,65646.96,5963755.397
20190530,905.3,910.0,919.99,891.22,-6.61,-0.7249,40247.2,3634187.681
20190531,890.0,900.53,906.99,890.0,-15.3,-1.69,35793.8,3211384.923
20190603,892.0,892.0,901.35,886.28,2.0,0.2247,34479.24,3076922.33
20190604,875.3,895.0,895.43,871.0,-16.7,-1.8722,39689.48,3481384.251
20190605,871.6,884.0,886.26,870.0,-3.7,-0.4227,34067.36,2988114.67
20190606,862.13,875.62,875.77,858.0,-9.47,-1.0865,34786.85,3009567.792
20190610,871.08,857.98,878.95,840.0,8.95,1.0381,55502.46,4790052.574
20190611,910.89,876.0,915.61,875.0,39.81,4.5702,80106.44,7209086.88
20190612,906.7,906.22,910.99,894.0,-4.19,-0.46,37747.4,3420899.273
20190613,910.0,910.0,912.3,897.0,3.3,0.364,32917.42,2984741.685
20190614,913.0,911.0,932.3,910.02,3.0,0.3297,42455.04,3905679.105
20190617,911.6,907.0,926.94,906.02,-1.4,-0.1533,32769.03,3001512.189
20190618,917.0,917.0,920.0,902.6,5.4,0.5924,29441.38,2687679.912
20190619,932.01,940.0,946.7,932.01,15.01,1.6369,53726.4,5051192.622
20190620,975.0,932.5,975.5,932.2,42.99,4.6126,67271.97,6468666.073
20190621,976.3,969.97,984.49,964.5,1.3,0.1333,45926.75,4482726.902
20190624,987.1,978.3,999.69,975.0,10.8,1.1062,45779.2,4532526.991
20190625,982.98,992.0,999.0,967.0,-4.12,-0.4174,51295.95,5035624.42
20190626,979.86,985.0,985.0,971.22,-3.12,-0.3174,29588.18,2896585.581
20190627,996.35,985.0,1001.0,981.12,16.49,1.6829,47978.45,4772724.089
20190628,984.0,985.99,988.88,971.33,2.19,0.2231,31088.4,3050739.277
20190701,1031.86,1004.52,1035.6,1000.22,47.86,4.8638,52337.23,5325575.854
20190702,1025.0,1025.0,1029.5,1016.0,-6.86,-0.6648,39061.09,3989722.046
20190703,987.9,1020.0,1023.0,981.5,-37.1,-3.6195,67139.32,6717755.678
20190704,981.2,985.8,990.8,971.22,-6.7,-0.6782,46216.68,4531686.001
20190705,999.82,986.0,1006.0,976.3,18.62,1.8977,50032.71,4968920.475
20190708,984.86,995.05,997.9,975.0,-14.96,-1.4963,33613.52,3313713.091
20190709,976.06,979.3,989.0,968.35,-8.8,-0.8935,31723.32,3103986.405
20190710,982.52,980.93,990.58,977.0,6.46,0.6618,28166.7,2774054.724
20190711,981.5,989.96,998.38,976.0,-1.02,-0.1038,30514.19,3011117.079
20190712,986.09,981.3,991.5,980.01,4.59,0.4677,28173.85,2778937.975
20190715,975.93,967.8,980.1,951.13,-10.16,-1.0303,59870.4,5785726.59
20190716,968.0,975.45,982.3,965.0,-7.93,-0.8126,33245.24,3226755.644
20190717,963.5,968.0,972.99,962.13,-4.5,-0.4649,25468.87,2459954.487
20190718,947.5,961.5,963.0,947.18,-16.0,-1.6606,39252.95,3748507.464
20190719,955.87,955.0,960.8,948.0,8.37,0.8834,28014.81,2679887.449
20190722,957.02,960.0,964.0,950.25,1.15,0.1203,28125.49,2695084.029
20190723,953.98,962.3,962.59,943.86,-3.04,-0.3177,32483.95,3087319.264
20190724,946.36,958.31,959.9,944.69,-7.62,-0.7988,46771.2,4450509.786
20190725,963.0,945.97,963.36,938.15,16.64,1.7583,38255.7,3633246.146
20190726,965.03,961.97,971.0,958.55,2.03,0.2108,26467.59,2556208.822
20190729,976.41,962.03,979.5,960.01,11.38,1.1792,26981.33,2626793.557
20190730,978.93,976.5,983.0,971.0,2.52,0.2581,19537.97,1911965.179
20190731,972.6,975.0,981.77,966.59,-6.33,-0.6466,22526.2,2191909.987
20190801,959.3,976.51,977.0,953.02,-13.3,-1.3675,35089.52,3385045.858
20190802,954.45,944.0,957.98,943.0,-4.85,-0.5056,39719.4,3772328.947
20190805,942.43,945.0,954.0,940.0,-12.02,-1.2594,36774.31,3473341.317
20190806,946.3,931.0,948.0,923.8,3.87,0.4106,43991.16,4121445.01
20190807,945.0,949.5,955.53,945.0,-1.3,-0.1374,26869.98,2553463.419
20190808,971.68,953.5,974.0,952.0,26.68,2.8233,38808.13,3755086.99
20190809,962.03,978.5,980.95,958.99,-9.65,-0.9931,28461.7,2760764.357
20190812,1018.63,1010.31,1020.1,995.01,56.6,5.8834,81498.95,8208540.716
20190813,1017.95,1016.16,1026.0,1010.68,-0.68,-0.0668,30329.7,3088013.76
20190814,1043.33,1030.02,1051.9,1030.02,25.38,2.4932,41410.95,4327071.299
20190815,1044.9,1028.0,1046.48,1028.0,1.57,0.1505,27237.39,2821331.12
20190816,1054.6,1049.84,1075.58,1041.0,9.7,0.9283,36086.73,3822488.363
20190819,1055.88,1061.0,1069.98,1049.05,1.28,0.1214,32867.58,3471558.016
20190820,1070.0,1055.0,1073.68,1050.0,14.12,1.3373,28602.13,3038219.263
20190821,1066.0,1070.1,1076.97,1061.66,-4.0,-0.3738,25066.62,2678841.887
20190822,1104.0,1072.99,1104.0,1070.0,38.0,3.5647,37590.78,4099045.126
20190823,1130.1,1105.0,1133.56,1095.62,26.1,2.3641,40192.3,4495782.91
20190826,1102.95,1113.0,1128.0,1096.68,-27.15,-2.4024,48497.89,5382792.365
20190827,1109.0,1117.0,1131.31,1109.0,6.05,0.5485,52164.21,5830617.878
20190828,1100.11,1109.0,1123.19,1083.01,-8.89,-0.8016,47009.67,5169778.985
20190829,1113.1,1105.0,1118.18,1092.5,12.99,1.1808,29330.42,3247704.307
20190830,1142.0,1125.0,1146.0,1123.0,28.9,2.5964,44890.77,5093877.152
20190902,1138.76,1139.99,1144.98,1129.0,-3.24,-0.2837,28234.33,3210850.606
20190903,1140.0,1140.0,1151.02,1128.56,1.24,0.1089,29485.09,3358578.409
20190904,1125.01,1140.8,1142.91,1120.11,-14.99,-1.3149,33600.22,3785904.728
20190905,1144.0,1129.0,1144.9,1128.0,18.99,1.688,32930.84,3746608.087
20190906,1142.49,1144.5,1146.15,1131.0,-1.51,-0.132,26176.59,2978155.822
20190909,1136.52,1145.0,1148.0,1135.0,-5.97,-0.5225,29379.34,3346080.774
20190910,1123.85,1134.3,1135.0,1120.01,-12.67,-1.1148,26227.07,2952753.655
20190911,1069.52,1119.22,1119.97,1068.0,-54.33,-4.8343,81716.54,8904690.56
20190912,1099.0,1066.0,1109.98,1066.0,29.48,2.7564,41211.33,4498210.332
20190916,1099.0,1083.0,1103.95,1083.0,0.0,0.0,31371.8,3432292.113
20190917,1094.01,1094.0,1106.66,1087.0,-4.99,-0.454,25196.93,2767385.769
20190918,1148.9,1108.5,1150.0,1108.18,54.89,5.0173,69314.47,7899560.194
20190919,1145.0,1148.0,1150.0,1137.1,-3.9,-0.3395,24479.8,2800064.436
20190920,1157.42,1151.0,1160.0,1147.59,12.42,1.0847,37626.66,4346138.244
20190923,1149.0,1157.0,1157.0,1131.0,-8.42,-0.7275,30026.33,3431058.973
20190924,1184.0,1155.0,1184.9,1152.0,35.0,3.0461,36269.13,4259833.998
20190925,1174.0,1180.0,1188.87,1170.5,-10.0,-0.8446,24024.58,2832308.42
20190926,1167.0,1174.94,1183.35,1158.81,-7.0,-0.5963,26081.94,3050478.322
20190927,1174.75,1164.0,1183.0,1153.0,7.75,0.6641,22826.61,2671754.323
20190930,1150.0,1163.0,1169.43,1150.0,-24.75,-2.1068,30825.14,3565988.675
20191008,1167.1,1153.0,1180.0,1152.01,17.1,1.487,31045.27,3631091.491
20191009,1146.81,1166.2,1166.2,1135.05,-20.29,-1.7385,35788.57,4105282.379
20191010,1155.0,1127.0,1158.93,1109.02,8.19,0.7142,41173.7,4685560.483
20191011,1174.6,1157.0,1175.0,1152.21,19.6,1.697,28689.25,3343559.812
20191014,1180.0,1186.0,1187.66,1170.0,5.4,0.4597,27187.51,3209362.988
20191015,1211.0,1180.0,1215.68,1177.03,31.0,2.6271,40034.73,4806856.333
20191016,1170.0,1168.0,1187.5,1160.0,-41.0,-3.3856,59150.59,6935972.684
20191017,1183.33,1176.0,1186.66,1162.5,13.33,1.1393,30508.7,3578144.114
20191018,1175.79,1179.0,1189.99,1171.69,-7.54,-0.6372,28291.61,3335011.086
20191021,1168.5,1171.86,1178.9,1163.3,-7.29,-0.62,25274.67,2955023.935
20191022,1170.8,1178.0,1181.5,1163.89,2.3,0.1968,19309.43,2262188.262
20191023,1158.91,1168.0,1178.0,1156.11,-11.89,-1.0155,23080.21,2684922.174
20191024,1150.27,1164.95,1166.0,1147.16,-8.64,-0.7455,26178.44,3025245.582
20191025,1171.35,1153.3,1172.5,1143.03,21.08,1.8326,25998.45,3015928.985
20191028,1178.29,1166.01,1181.01,1165.0,6.94,0.5925,22485.99,2644563.044
20191029,1193.0,1181.11,1199.96,1177.77,14.71,1.2484,27803.71,3314271.728
20191030,1183.8,1190.0,1192.7,1176.0,-9.2,-0.7712,21254.75,2516524.166
20191031,1180.01,1196.0,1198.0,1176.15,-3.79,-0.3202,25909.27,3068884.874
20191101,1185.0,1181.0,1191.95,1172.5,4.99,0.4229,22811.96,2697638.375
20191104,1199.59,1190.0,1209.99,1189.0,14.59,1.2312,26737.98,3209264.033
20191105,1199.0,1199.5,1205.0,1192.0,-0.59,-0.0492,22254.72,2667596.023
20191106,1193.0,1197.0,1204.0,1188.88,-6.0,-0.5004,19737.51,2362005.422
20191107,1201.37,1196.51,1201.88,1189.0,8.37,0.7016,16167.88,1933203.877
20191108,1205.0,1205.0,1215.65,1201.51,3.63,0.3022,24512.11,2964133.776
20191111,1199.0,1201.5,1206.2,1193.51,-6.0,-0.4979,17342.46,2082060.83
20191112,1201.6,1204.0,1209.6,1198.21,2.6,0.2168,19150.55,2303205.539
20191113,1224.0,1207.0,1227.8,1200.0,22.4,1.8642,31977.04,3890666.569
20191114,1230.0,1227.0,1240.0,1222.0,6.0,0.4902,23521.12,2898399.7
20191115,1224.9,1230.0,1232.91,1221.5,-5.1,-0.4146,16340.72,2003665.313
20191118,1227.28,1225.12,1229.45,1218.0,2.38,0.1943,18037.66,2204546.132
20191119,1232.32,1228.0,1241.61,1225.02,5.04,0.4107,20623.75,2542105.913
20191120,1233.75,1230.0,1239.51,1228.06,1.43,0.116,15280.53,1884957.278
20191121,1231.3,1231.0,1235.51,1221.06,-2.45,-0.1986,19187.39,2356277.766
20191122,1194.0,1223.0,1229.0,1185.0,-37.3,-3.0293,47054.28,5677646.465
20191125,1182.06,1188.05,1194.0,1172.06,-11.94,-1.0,38281.75,4518778.939
20191126,1185.0,1186.68,1198.6,1183.0,2.94,0.2487,40239.61,4794179.893
20191127,1189.95,1192.8,1196.62,1184.51,4.95,0.4177,19848.81,2363839.726
20191128,1175.8,1194.97,1197.51,1169.02,-14.15,-1.1891,28844.99,3405325.549
20191129,1129.0,1165.5,1165.5,1112.89,-46.8,-3.9803,82397.32,9338326.554
20191202,1133.0,1118.2,1140.02,1118.2,4.0,0.3543,30784.41,3479717.421
20191203,1118.0,1133.0,1133.0,1117.74,-15.0,-1.3239,27340.93,3066695.648
20191204,1122.33,1140.0,1144.66,1118.0,4.33,0.3873,35283.08,3980511.004
20191205,1129.8,1125.0,1132.01,1118.0,7.47,0.6656,21338.79,2402503.47
20191206,1170.0,1135.97,1170.0,1130.1,40.2,3.5582,39506.26,4565643.688
20191209,1158.7,1175.0,1176.0,1156.1,-11.3,-0.9658,21824.12,2543532.527
20191210,1164.4,1159.6,1165.0,1151.0,5.7,0.4919,15086.58,1749356.289
20191211,1158.98,1168.0,1170.75,1155.55,-5.42,-0.4655,14567.99,1689987.674
20191212,1137.0,1156.0,1159.94,1130.08,-21.98,-1.8965,29409.16,3362699.683
20191213,1163.0,1146.0,1165.0,1146.0,26.0,2.2867,30000.59,3473927.971
20191216,1147.92,1163.0,1163.0,1137.94,-15.08,-1.2966,30936.42,3554133.64
20191217,1169.98,1149.7,1173.6,1143.03,22.06,1.9217,42616.96,4937041.95
20191218,1168.0,1174.0,1175.2,1164.0,-1.98,-0.1692,19640.09,2295963.803
20191219,1157.4,1163.0,1163.0,1152.0,-10.6,-0.9075,19552.3,2262598.597
20191220,1146.3,1162.18,1162.18,1141.5,-11.1,-0.959,23563.84,2703612.358
20191223,1149.3,1139.0,1162.5,1136.0,3.0,0.2617,25919.18,2981937.538
20191224,1148.0,1153.0,1155.0,1145.0,-1.3,-0.1131,11823.1,1358536.199
20191225,1133.7,1143.0,1143.0,1130.01,-14.3,-1.2456,24305.97,2755735.164
20191226,1135.1,1132.0,1141.98,1119.99,1.4,0.1235,22877.27,2585996.501
20191227,1163.0,1150.0,1172.0,1150.0,27.9,2.4579,47066.28,5486452.901
20191230,1185.8,1170.2,1195.5,1170.2,22.8,1.9604,40760.66,4827682.057
20191231,1183.0,1183.0,1188.0,1176.51,-2.8,-0.2361,22588.81,2666705.1
20200102,1130.0,1128.0,1145.06,1116.0,-53.0,-4.4801,148099.16,16696837.095
20200103,1078.56,1117.0,1117.0,1076.9,-51.44,-4.5522,130318.78,14266380.596
20200106,1077.99,1070.86,1092.9,1067.3,-0.57,-0.0528,63414.78,6853917.601
20200107,1094.53,1077.5,1099.0,1076.4,16.54,1.5343,47853.59,5220697.068
20200108,1088.14,1085.05,1095.5,1082.58,-6.39,-0.5838,25008.25,2720371.915
20200109,1102.7,1094.0,1105.39,1090.0,14.56,1.3381,37405.87,4110949.814
20200110,1112.5,1109.0,1115.99,1102.5,9.8,0.8887,35975.87,3993457.118
20200113,1124.27,1112.5,1129.2,1112.0,11.77,1.058,38515.75,4325687.959
20200114,1107.4,1124.2,1124.89,1103.0,-16.87,-1.5005,35144.65,3916300.79
20200115,1112.13,1109.01,1121.6,1105.0,4.73,0.4271,26029.11,2895603.674
20200116,1107.0,1118.87,1118.87,1102.58,-5.13,-0.4613,23191.65,2571593.141
20200117,1107.5,1110.0,1112.78,1101.01,0.5,0.0452,23472.75,2599645.144
20200120,1091.0,1111.86,1111.86,1082.0,-16.5,-1.4898,35391.3,3858246.844
20200121,1075.3,1081.0,1087.0,1072.3,-15.7,-1.439,32874.05,3542441.308
20200122,1075.51,1070.0,1084.0,1055.38,0.21,0.0195,36200.04,3875275.065
20200123,1052.8,1076.0,1076.0,1037.0,-22.71,-2.1116,53468.43,5638945.742
20200203,1003.92,985.0,1010.68,980.0,-48.88,-4.6429,123442.88,12314991.759
20200204,1038.01,1015.0,1057.0,1011.01,34.09,3.3957,62624.18,6490469.043
20200205,1049.99,1050.0,1054.0,1033.03,11.98,1.1541,47418.24,4956355.235
20200206,1071.0,1059.43,1075.0,1052.02,21.01,2.001,47171.21,5011246.407
20200207,1076.0,1070.01,1077.0,1061.02,5.0,0.4669,31278.71,3348894.576
20200210,1066.49,1062.0,1074.6,1057.2,-9.51,-0.8838,30533.42,3251908.506
20200211,1098.0,1063.0,1099.68,1062.8,31.51,2.9546,47917.93,5222918.915
20200212,1097.27,1089.0,1098.79,1085.88,-0.73,-0.0665,28125.43,3072293.973
20200213,1091.0,1098.0,1113.89,1088.01,-6.27,-0.5714,30357.36,3335277.425
20200214,1088.0,1090.45,1093.51,1083.11,-3.0,-0.275,23287.6,2534568.401
20200217,1093.82,1082.5,1096.19,1082.4,5.82,0.5349,27028.22,2946182.657
20200218,1084.0,1090.01,1096.88,1083.0,-9.82,-0.8978,26664.96,2897729.692
20200219,1096.5,1085.0,1101.5,1078.0,12.5,1.1531,37051.47,4052365.602
20200220,1118.0,1096.7,1124.0,1095.41,21.5,1.9608,46802.62,5220660.94
20200221,1112.88,1111.46,1123.54,1110.01,-5.12,-0.458,28940.08,3225337.16
20200224,1087.18,1105.5,1110.0,1085.5,-25.7,-2.3093,38650.36,4221857.466
20200225,1074.81,1078.0,1082.09,1067.88,-12.37,-1.1378,38385.62,4127432.13
20200226,1073.7,1062.0,1084.0,1055.0,-1.11,-0.1033,43560.97,4663278.433
20200227,1087.39,1076.0,1094.99,1076.0,13.69,1.275,34498.29,3758783.81
20200228,1057.0,1070.3,1082.0,1049.97,-30.39,-2.7948,49946.57,5307929.213
20200302,1086.01,1050.11,1096.55,1050.01,29.01,2.7446,47663.04,5154329.159
20200303,1113.0,1098.0,1118.88,1098.0,26.99,2.4852,50250.15,5585227.657
20200304,1128.92,1125.0,1139.0,1116.24,15.92,1.4304,53792.99,6080149.243
20200305,1171.0,1136.31,1174.99,1130.56,42.08,3.7275,62426.45,7210485.104
20200306,1155.5,1163.0,1176.0,1151.98,-15.5,-1.3237,30641.0,3553622.358
20200309,1114.01,1135.0,1135.0,1111.31,-41.49,-3.5907,43404.09,4865288.5
20200310,1156.0,1113.0,1168.0,1113.0,41.99,3.7693,58062.93,6635936.156
20200311,1158.52,1155.5,1169.58,1141.0,2.52,0.218,35547.57,4124607.952
20200312,1138.5,1141.22,1153.0,1125.1,-20.02,-1.7281,36630.63,4172606.105
20200313,1112.03,1090.0,1128.98,1080.0,-26.47,-2.325,75885.31,8348496.48
20200316,1067.0,1103.98,1107.95,1062.0,-45.03,-4.0494,51232.54,5548946.745
20200317,1045.1,1055.0,1078.0,1011.12,-21.9,-2.0525,79359.12,8277472.787
20200318,1007.99,1040.0,1060.0,1007.99,-37.11,-3.5509,73459.88,7582762.547
20200319,996.0,993.99,1015.0,960.1,-11.99,-1.1895,102265.07,10075880.47
20200320,1035.28,1011.0,1043.0,1011.0,39.28,3.9438,60139.19,6169094.444
20200323,1019.0,1000.0,1035.28,991.52,-16.28,-1.5725,48472.1,4918121.944
20200324,1056.0,1043.0,1058.88,1035.0,37.0,3.631,46650.96,4900364.144
20200325,1080.1,1087.98,1091.36,1074.2,24.1,2.2822,37048.66,4015061.222
20200326,1064.92,1073.33,1091.2,1062.0,-15.18,-1.4054,30048.56,3231754.298
20200327,1075.5,1085.0,1092.0,1075.01,10.58,0.9935,36261.12,3931759.353
20200330,1072.0,1060.25,1077.0,1057.0,-3.5,-0.3254,30687.41,3279823.025
20200331,1111.0,1082.0,1115.0,1081.8,39.0,3.6381,47984.37,5293170.703
20200401,1103.0,1117.0,1129.0,1103.0,-8.0,-0.7201,33205.35,3700184.247
20200402,1145.0,1104.0,1145.0,1103.88,42.0,3.8078,45205.61,5095167.594
20200403,1139.79,1139.03,1147.96,1131.98,-5.21,-0.455,27617.61,3148421.866
20200407,1159.95,1161.95,1166.5,1148.89,20.16,1.7687,43488.0,5041525.481
20200408,1159.76,1152.0,1166.31,1152.0,-0.19,-0.0164,24224.42,2809422.1
20200409,1158.5,1166.0,1169.0,1147.96,-1.26,-0.1086,22816.97,2640230.492
20200410,1165.0,1157.88,1181.5,1153.5,6.5,0.5611,27804.34,3252600.672
20200413,1162.3,1165.0,1169.98,1148.5,-2.7,-0.2318,15981.47,1854563.731
20200414,1185.1,1176.0,1191.55,1166.0,22.8,1.9616,36799.55,4340858.665
20200415,1189.6,1192.0,1203.99,1187.1,4.5,0.3797,29332.29,3501318.26
20200416,1197.1,1192.97,1197.1,1184.1,7.5,0.6305,21727.74,2588431.844
20200417,1226.0,1210.0,1234.56,1205.01,28.9,2.4142,38245.69,4676618.151
20200420,1227.3,1221.0,1231.5,1216.8,1.3,0.106,24238.64,2963483.323
20200421,1200.0,1221.02,1223.99,1193.0,-27.3,-2.2244,29224.22,3517018.487
20200422,1244.5,1206.0,1249.5,1202.22,44.5,3.7083,44034.73,5430377.598
20200423,1252.26,1250.0,1265.68,1247.77,7.76,0.6235,26898.51,3377042.463
20200424,1250.56,1248.0,1259.89,1235.18,-1.7,-0.1358,19122.4,2390444.036
20200427,1276.0,1257.0,1278.17,1250.96,25.44,2.0343,25903.91,3284513.346
20200428,1279.13,1285.31,1299.94,1271.88,3.13,0.2453,34661.9,4458549.425
20200429,1274.9,1277.8,1288.1,1258.0,-4.23,-0.3307,23444.06,2976724.957
20200430,1265.7,1271.0,1285.01,1258.88,-9.2,-0.7216,24660.87,3134408.881
20200506,1300.0,1251.0,1300.0,1250.0,34.3,2.71,35834.81,4598589.768
20200507,1312.0,1299.4,1314.99,1293.0,12.0,0.9231,27934.74,3647628.296
20200508,1314.61,1317.0,1338.0,1308.51,2.61,0.1989,29078.68,3839218.026
20200511,1323.01,1320.0,1335.0,1313.67,8.4,0.639,23671.19,3135990.964
20200512,1333.0,1318.0,1334.99,1316.0,9.99,0.7551,19721.81,2621824.685
20200513,1335.95,1333.0,1337.99,1322.88,2.95,0.2213,22014.31,2931464.95
20200514,1326.59,1330.0,1334.88,1325.11,-9.36,-0.7006,18574.92,2467976.357
20200515,1313.0,1329.0,1333.5,1301.88,-13.59,-1.0244,26398.08,3469736.812
20200518,1346.21,1306.0,1351.5,1305.13,33.21,2.5293,34362.11,4587989.708
20200519,1346.11,1364.0,1364.0,1338.0,-0.1,-0.0074,24787.46,3342210.487
20200520,1351.0,1346.11,1359.18,1336.81,4.89,0.3633,21183.4,2859455.106
20200521,1366.1,1355.0,1371.96,1352.86,15.1,1.1177,23051.58,3147105.462
20200522,1328.2,1366.0,1366.1,1322.88,-37.9,-2.7743,34427.46,4608696.074
20200525,1362.9,1330.0,1366.58,1321.0,34.7,2.6126,31561.0,4260387.678
20200526,1358.0,1369.88,1369.95,1355.0,-4.9,-0.3595,22470.19,3056188.321
20200527,1338.0,1359.0,1360.0,1333.0,-20.0,-1.4728,26777.41,3596654.307
20200528,1344.0,1337.97,1346.94,1321.13,6.0,0.4484,26485.91,3536546.893
20200529,1366.6,1332.1,1369.98,1332.1,22.6,1.6815,30444.35,4144247.222
20200601,1419.5,1381.0,1420.1,1381.0,52.9,3.8709,35479.76,4986178.912
20200602,1410.71,1416.01,1427.9,1406.66,-8.79,-0.6192,25960.1,3679210.598
20200603,1399.3,1415.0,1417.5,1395.77,-11.41,-0.8088,23557.36,3308382.799
20200604,1407.99,1396.0,1411.0,1396.0,8.69,0.621,18037.41,2534459.742
20200605,1425.0,1405.25,1428.88,1401.08,17.01,1.2081,18347.06,2597524.609
20200608,1406.1,1425.0,1435.0,1402.01,-18.9,-1.3263,29300.45,4145298.455
20200609,1416.55,1408.0,1425.0,1400.68,10.45,0.7432,22611.91,3199849.66
20200610,1423.66,1425.0,1433.33,1417.0,7.11,0.5019,22700.74,3234843.851
20200611,1400.46,1411.01,1417.99,1396.99,-23.2,-1.6296,30711.71,4314846.228
20200612,1416.37,1387.17,1416.37,1383.31,15.91,1.1361,28427.42,3992323.389
20200615,1383.0,1402.0,1411.6,1381.0,-33.37,-2.356,34615.41,4819512.189
20200616,1403.88,1398.5,1414.0,1393.13,20.88,1.5098,29206.64,4099718.932
20200617,1405.0,1411.86,1411.9,1395.02,1.12,0.0798,19453.07,2730097.12
20200618,1413.0,1404.9,1413.2,1400.1,8.0,0.5694,21010.41,2956800.081
20200619,1439.84,1420.0,1445.2,1415.1,26.84,1.8995,38958.33,5603232.657
20200622,1439.0,1435.1,1443.89,1433.2,-0.84,-0.0583,23247.0,3343536.637
20200623,1474.5,1435.0,1482.0,1433.52,35.5,2.467,33934.26,4963194.685
20200624,1460.01,1463.6,1465.71,1445.0,2.53,0.1736,25138.99,3663537.115
20200629,1463.17,1448.0,1466.0,1437.01,3.16,0.2164,28080.61,4064048.236
20200630,1462.88,1463.12,1468.98,1455.12,-0.29,-0.0198,22446.14,3281641.199
20200701,1494.27,1468.0,1506.1,1464.02,31.39,2.1458,38682.49,5759640.251
20200702,1544.0,1499.0,1550.9,1495.0,49.73,3.328,45883.72,7014289.615
20200703,1541.79,1550.0,1552.5,1516.88,-2.21,-0.1431,35125.81,5395637.032
20200706,1600.0,1538.0,1616.0,1531.81,58.21,3.7755,51821.96,8228068.998
20200707,1688.0,1603.09,1744.82,1601.0,88.0,5.5,66663.93,11219852.098
20200708,1681.34,1680.0,1719.0,1660.0,-6.66,-0.3945,53169.98,8963189.092
20200709,1706.0,1691.0,1712.0,1682.0,24.66,1.4667,35033.24,5951732.803
20200710,1713.85,1689.0,1736.6,1688.94,7.85,0.4601,37100.44,6352507.468
20200713,1781.99,1714.68,1787.0,1714.68,68.14,3.9758,60727.16,10679460.274
20200714,1762.0,1781.99,1782.03,1748.4,-19.99,-1.1218,46093.51,8135834.91
20200715,1752.53,1744.88,1782.6,1744.71,-9.47,-0.5375,40712.94,7176560.649
20200716,1614.0,1729.91,1729.91,1600.0,-138.53,-7.9046,102242.19,16901373.196
20200717,1648.05,1620.0,1672.59,1620.0,34.05,2.1097,65902.06,10863420.089
20200720,1636.96,1652.5,1663.99,1588.88,-11.09,-0.6729,45280.33,7363822.989
20200721,1668.0,1646.64,1702.8,1630.99,31.04,1.8962,41969.5,7026353.151
20200722,1678.08,1658.0,1710.0,1658.0,10.08,0.6043,39201.21,6637265.372
20200723,1676.0,1672.0,1691.0,1650.0,-2.08,-0.124,34320.52,5739050.333
20200724,1595.3,1654.85,1666.0,1585.0,-80.7,-4.815,78752.01,12705941.887
20200727,1622.55,1616.01,1629.8,1600.0,27.25,1.7081,38788.17,6279664.444
20200728,1670.0,1630.0,1680.0,1630.0,47.45,2.9244,54911.52,9133721.867
20200729,1672.0,1690.0,1690.0,1633.0,2.0,0.1198,50748.43,8411789.967
20200730,1680.0,1671.2,1700.59,1670.5,8.0,0.4785,38373.04,6486855.475
20200731,1678.18,1685.0,1705.0,1646.0,-1.82,-0.1083,40684.74,6846747.33
20200803,1668.0,1686.88,1696.58,1660.0,-10.18,-0.6066,34661.14,5790041.422
20200804,1669.99,1675.0,1682.99,1660.0,1.99,0.1193,31940.51,5337185.768
20200805,1668.0,1662.09,1673.09,1643.31,-1.99,-0.1192,25521.69,4236612.469
20200806,1637.96,1670.0,1674.03,1630.0,-30.04,-1.801,32648.78,5372942.645
20200807,1631.0,1644.77,1649.67,1598.5,-6.96,-0.4249,34242.05,5560065.753
20200810,1633.99,1627.97,1644.96,1608.11,2.99,0.1833,23623.54,3857721.122
20200811,1642.51,1640.0,1666.43,1640.0,8.52,0.5214,35818.18,5936904.876
20200812,1626.95,1633.0,1641.0,1605.25,-15.56,-0.9473,27933.92,4529267.493
20200813,1635.0,1630.0,1638.88,1609.0,8.05,0.4948,20541.34,3341652.186
20200814,1661.0,1639.9,1665.7,1631.0,26.0,1.5902,37653.18,6230475.427
20200817,1690.0,1674.0,1704.35,1670.0,29.0,1.7459,43572.01,7363610.867
20200818,1705.0,1697.38,1720.0,1691.0,15.0,0.8876,30422.81,5192751.797
20200819,1687.0,1700.0,1717.0,1682.99,-18.0,-1.0557,26914.98,4578143.762
20200820,1664.0,1674.0,1679.0,1656.0,-23.0,-1.3634,22382.33,3727183.935
20200821,1676.0,1673.0,1698.0,1671.0,12.0,0.7212,25082.41,4217048.42
20200824,1696.35,1700.0,1708.0,1691.01,20.35,1.2142,30933.44,5260286.523
20200825,1727.0,1704.8,1746.78,1698.63,30.65,1.8068,41872.49,7227309.774
20200826,1727.0,1734.0,1745.0,1715.02,0.0,0.0,26215.73,4530374.186
20200827,1731.0,1731.99,1733.98,1705.0,4.0,0.2316,22635.53,3896759.446
20200828,1757.0,1731.0,1764.0,1721.5,26.0,1.502,42299.62,7389242.302
20200831,1786.5,1770.58,1816.0,1770.58,29.5,1.679,47810.36,8608932.57
20200901,1801.98,1792.0,1802.0,1775.01,15.48,0.8665,31639.92,5661594.315
20200902,1795.0,1825.0,1828.0,1770.0,-6.98,-0.3874,32009.29,5746351.923
20200903,1793.0,1795.0,1812.0,1779.7,-2.0,-0.1114,30437.35,5471333.88
20200904,1770.0,1766.0,1776.99,1746.0,-23.0,-1.2828,30857.96,5433479.408
20200907,1723.5,1760.0,1777.99,1703.97,-46.5,-2.6271,31112.02,5446354.619
20200908,1711.4,1732.0,1737.8,1677.07,-12.1,-0.7021,34472.38,5865962.724
20200909,1688.0,1699.67,1711.0,1680.04,-23.4,-1.3673,25963.55,4401806.095
20200910,1705.8,1703.74,1720.0,1700.0,17.8,1.0545,24778.33,4236694.402
20200911,1733.0,1688.0,1736.0,1688.0,27.2,1.5946,31088.0,5339883.408
20200914,1766.0,1745.0,1769.0,1730.58,33.0,1.9042,31056.01,5448188.995
20200915,1760.0,1769.99,1769.99,1747.75,-6.0,-0.3398,20820.87,3654872.009
20200916,1725.1,1760.0,1764.81,1719.0,-34.9,-1.983,22515.98,3916457.762
20200917,1670.52,1700.0,1700.0,1658.0,-54.58,-3.1639,63679.85,10683350.187
20200918,1695.0,1665.0,1695.0,1635.01,24.48,1.4654,47201.4,7853673.241
20200921,1666.8,1692.76,1692.76,1666.66,-28.2,-1.6637,22444.07,3756765.108
20200922,1665.69,1650.0,1686.98,1650.0,-1.11,-0.0666,23265.47,3890070.212
20200923,1649.98,1635.0,1666.01,1621.02,-15.71,-0.9432,35725.52,5878691.069
20200924,1629.32,1635.97,1658.88,1626.8,-20.66,-1.2521,30050.78,4915392.273
20200925,1635.11,1630.0,1650.0,1625.0,5.79,0.3554,22582.96,3700843.486
20200928,1661.0,1635.19,1668.5,1635.19,25.89,1.5834,24232.22,4019640.15
20200929,1652.3,1669.33,1669.4,1652.3,-8.7,-0.5238,17430.78,2895081.366
20200930,1668.5,1660.0,1691.9,1660.0,16.2,0.9805,27087.81,4536012.54
20201009,1696.0,1692.0,1706.42,1688.0,27.5,1.6482,34239.88,5817280.605
20201012,1750.61,1700.0,1750.61,1700.0,54.61,3.2199,43729.04,7597987.786
20201013,1739.0,1750.62,1750.62,1735.0,-11.61,-0.6632,22943.89,3995560.518
20201014,1729.0,1740.0,1746.98,1726.0,-10.0,-0.575,20481.39,3554316.589
20201015,1725.0,1721.13,1735.0,1721.0,-4.0,-0.2313,16204.36,2801250.556
20201016,1712.0,1725.0,1734.58,1703.0,-13.0,-0.7536,17377.38,2991246.892
20201019,1699.0,1725.0,1733.98,1691.9,-13.0,-0.7593,19226.32,3284383.415
20201020,1734.0,1699.99,1734.97,1695.0,35.0,2.06,27734.93,4787807.536
20201021,1733.33,1734.1,1742.15,1723.0,-0.67,-0.0386,18901.37,3275357.44
20201022,1742.5,1730.0,1745.0,1715.51,9.17,0.529,22480.87,3897729.793
20201023,1715.33,1740.78,1747.59,1714.0,-27.17,-1.5593,19291.69,3339987.454
20201026,1643.0,1619.0,1662.92,1600.0,-72.33,-4.2167,66015.29,10821908.227
20201027,1625.0,1643.0,1644.0,1616.12,-18.0,-1.0956,43944.4,7156688.307
20201028,1664.81,1626.0,1677.0,1625.08,39.81,2.4498,34636.53,5739452.181
20201029,1676.0,1654.84,1708.0,1647.0,11.19,0.6721,39373.76,6633168.613
20201030,1670.02,1678.0,1696.0,1665.0,-5.98,-0.3568,26055.45,4379602.068
20201102,1674.01,1675.0,1695.0,1672.0,3.99,0.2389,21066.43,3544422.245
20201103,1695.0,1684.99,1705.9,1675.5,20.99,1.2539,23497.49,3976621.208
20201104,1699.58,1700.0,1704.0,1685.0,4.58,0.2702,16443.71,2788396.253
20201105,1721.9,1717.0,1732.48,1712.1,22.32,1.3133,23524.14,4053043.271
20201106,1700.62,1730.55,1731.59,1690.0,-21.28,-1.2358,23051.53,3932702.367
20201109,1742.57,1701.38,1750.68,1700.62,41.95,2.4667,41469.7,7198679.683
20201110,1745.0,1752.92,1764.48,1736.0,2.43,0.1394,30189.44,5287968.173
20201111,1731.35,1745.0,1777.5,1731.0,-13.65,-0.7822,34850.73,6122365.404
20201112,1734.79,1730.01,1750.0,1722.27,3.44,0.1987,23473.09,4071729.792
20201113,1705.0,1724.0,1728.88,1691.0,-29.79,-1.7172,28155.48,4791276.459
20201116,1730.05,1711.0,1730.05,1697.26,25.05,1.4692,30613.49,5247897.161
20201117,1715.8,1740.0,1742.35,1701.07,-14.25,-0.8237,25224.03,4355288.047
20201118,1693.65,1715.0,1720.53,1683.16,-22.15,-1.2909,35178.95,5973146.815
20201119,1720.19,1684.5,1725.0,1680.6,26.54,1.567,27815.76,4767508.753
20201120,1719.96,1720.0,1736.0,1712.65,-0.23,-0.0134,21874.66,3771894.859
20201123,1790.21,1771.01,1809.9,1771.01,70.25,4.0844,66637.24,11926870.595
20201124,1763.5,1769.99,1782.5,1751.47,-26.71,-1.492,32465.36,5736960.168
20201125,1726.88,1761.5,1768.88,1724.0,-36.62,-2.0766,28226.32,4910540.741
20201126,1734.39,1726.0,1739.99,1725.18,7.51,0.4349,23228.3,4027749.313
20201127,1737.9,1732.66,1740.03,1718.0,3.51,0.2024,21568.61,3737697.985
20201130,1713.91,1735.0,1738.9,1713.91,-23.99,-1.3804,31940.07,5520322.173
20201201,1737.0,1726.0,1738.99,1720.01,23.09,1.3472,28196.2,4891829.153
20201202,1738.01,1746.0,1749.0,1731.0,1.01,0.0581,23571.69,4101369.306
20201203,1749.0,1738.01,1755.66,1732.1,10.99,0.6323,29505.78,5147357.781
20201204,1793.11,1752.0,1800.1,1752.0,44.11,2.522,62491.19,11176048.847
20201207,1812.4,1802.7,1840.39,1800.55,19.29,1.0758,58331.33,10617305.104
20201208,1850.0,1815.0,1875.0,1813.0,37.6,2.0746,61454.0,11333352.154
20201209,1840.0,1865.95,1866.0,1839.0,-10.0,-0.5405,31152.12,5766037.609
20201210,1832.9,1840.0,1849.77,1828.0,-7.1,-0.3859,32653.54,6009239.911
20201211,1820.0,1834.78,1837.32,1804.81,-12.9,-0.7038,30775.79,5595359.665
20201214,1829.0,1827.77,1829.98,1815.0,9.0,0.4945,33052.0,6026813.428
20201215,1816.01,1833.5,1837.22,1805.0,-12.99,-0.7102,29604.97,5383582.284
20201216,1840.0,1830.5,1845.67,1820.21,23.99,1.321,32150.16,5901298.275
20201217,1865.51,1845.5,1868.0,1840.0,25.51,1.3864,36030.64,6683421.886
20201218,1845.0,1851.81,1869.01,1841.08,-20.51,-1.0994,27076.98,5020968.993
20201221,1842.5,1840.0,1851.23,1837.6,-2.5,-0.1355,30696.72,5663526.809
20201222,1881.0,1849.97,1898.99,1842.51,38.5,2.0896,40650.6,7618583.444
20201223,1841.65,1897.99,1906.2,1821.02,-39.35,-2.092,47706.09,8901002.262
20201224,1830.34,1818.0,1858.88,1795.02,-11.31,-0.6141,37857.14,6921989.374
20201225,1830.0,1802.99,1847.0,1800.0,-0.34,-0.0186,23088.05,4218997.634
20201228,1873.0,1826.6,1888.8,1826.05,43.0,2.3497,30080.37,5616528.738
20201229,1867.0,1873.0,1886.8,1855.0,-6.0,-0.3203,22867.59,4275994.834
20201230,1933.0,1870.0,1933.0,1869.99,66.0,3.5351,34452.1,6604461.376
20201231,1998.0,1941.0,1998.98,1939.0,65.0,3.3626,38860.07,7682300.728
20210104,1997.0,1999.98,2004.99,1983.81,-1.0,-0.0501,43514.0,8686920.261
20210105,2059.45,1990.0,2059.45,1982.46,62.45,3.1272,52116.05,10592557.37
20210106,2100.0,2064.8,2125.0,2036.03,40.55,1.969,47410.2,9882593.867
20210107,2140.0,2097.0,2140.0,2075.0,40.0,1.9048,37931.39,7991178.754
20210108,2090.0,2142.0,2150.88,2063.02,-50.0,-2.3364,53861.64,11345202.869
20210111,2099.73,2090.0,2150.5,2058.6,9.73,0.4656,51079.9,10768565.415
20210112,2160.9,2088.0,2160.9,2085.0,61.17,2.9132,41058.59,8800558.288
20210113,2164.0,2164.0,2173.33,2135.0,3.1,0.1435,34389.93,7418330.854
20210114,2134.0,2156.0,2163.0,2116.11,-30.0,-1.3863,36152.2,7722089.684
20210115,2082.0,2115.0,2134.35,2029.0,-52.0,-2.4367,59509.39,12372103.227
20210118,2063.0,2061.06,2091.48,2040.27,-19.0,-0.9126,39144.04,8076715.79
20210119,2009.41,2073.11,2096.3,2006.85,-53.59,-2.5977,46345.19,9479278.513
20210120,2040.63,2008.0,2055.49,1982.5,31.22,1.5537,45082.42,9126453.277
20210121,2070.0,2048.0,2090.02,2041.0,29.37,1.4393,38310.17,7953455.967
20210122,2079.95,2069.0,2100.0,2060.1,9.95,0.4807,29247.61,6090260.364
20210125,2175.0,2083.0,2179.5,2083.0,95.05,4.5698,55957.16,12029474.558
20210126,2141.89,2185.0,2187.0,2125.11,-33.11,-1.5223,31747.46,6820173.362
20210127,2089.0,2141.89,2141.89,2085.0,-52.89,-2.4693,37120.17,7809446.387
20210128,2088.0,2080.0,2109.66,2060.02,-1.0,-0.0479,35128.64,7337084.455
20210129,2116.18,2101.19,2149.48,2090.22,28.18,1.3496,33701.33,7166179.277
20210201,2109.32,2130.0,2160.0,2095.0,-6.86,-0.3242,29340.59,6219639.111
20210202,2145.0,2112.22,2149.99,2102.1,35.68,1.6915,34582.25,7372233.582
20210203,2189.91,2150.0,2198.27,2140.0,44.91,2.0937,38714.15,8384049.314
20210204,2320.85,2191.0,2330.0,2191.0,130.94,5.9792,63851.01,14596930.188
20210205,2313.0,2325.0,2364.6,2291.0,-7.85,-0.3382,39729.06,9253566.205
20210208,2368.8,2337.0,2378.88,2313.0,55.8,2.4125,35785.73,8420758.625
20210209,2456.43,2368.8,2456.43,2350.0,87.63,3.6993,33296.55,7972930.045
20210210,2601.0,2485.0,2601.2,2485.0,144.57,5.8854,61370.57,15675929.714
20210218,2471.0,2587.98,2627.88,2465.0,-130.0,-4.9981,65912.32,16704135.269
20210219,2460.0,2451.16,2496.66,2381.6,-11.0,-0.4452,59385.46,14525164.525
20210222,2288.02,2455.0,2455.0,2278.22,-171.98,-6.9911,78935.47,18498777.223
20210223,2307.0,2265.14,2344.89,2265.0,18.98,0.8295,57454.6,13316110.795
20210224,2189.0,2307.99,2318.0,2160.5,-118.0,-5.1149,82115.78,18195034.445
20210225,2150.0,2209.0,2224.5,2121.21,-39.0,-1.7816,59726.43,12982145.755
20210226,2122.78,2100.0,2179.95,2067.3,-27.22,-1.266,66525.06,14097015.494
20210301,2158.0,2179.0,2179.0,2120.0,35.22,1.6591,44916.26,9686945.529
20210302,2058.0,2180.0,2180.0,2033.0,-100.0,-4.6339,70764.5,14796698.646
20210303,2140.0,2040.0,2149.77,2033.0,82.0,3.9845,54215.46,11366685.429
20210304,2033.0,2095.0,2096.0,2010.1,-107.0,-5.0,65088.29,13297304.316
20210305,2060.11,2000.0,2095.0,1988.0,27.11,1.3335,63779.2,13100315.985
20210308,1960.0,2074.96,2085.0,1960.0,-100.11,-4.8594,63099.59,12724245.99
20210309,1936.99,1955.0,2000.0,1900.18,-23.01,-1.174,82265.81,16100769.579
20210310,1970.01,1977.0,1999.87,1967.0,33.02,1.7047,51171.74,10136910.284
20210311,2048.0,1975.0,2079.99,1961.48,77.99,3.9589,56768.97,11521736.384
20210312,2026.0,2070.0,2077.0,2002.01,-22.0,-1.0742,40322.51,8181594.631
20210315,1975.45,2050.0,2069.8,1951.15,-50.55,-2.4951,62484.87,12459955.712
20210316,2010.5,1974.93,2019.99,1965.0,35.05,1.7743,34648.5,6918600.717
20210317,2030.36,2000.0,2050.0,1976.01,19.86,0.9878,31374.91,6352656.523
20210318,2069.7,2035.0,2086.36,2035.0,39.34,1.9376,33864.88,6997030.294
20210319,2010.0,2035.0,2043.0,1992.23,-59.7,-2.8845,35780.77,7211521.835
20210322,1989.99,2000.1,2026.09,1955.55,-20.01,-0.9955,36914.07,7323391.311
20210323,1996.0,1998.88,2008.8,1970.0,6.01,0.302,27446.19,5459520.703
20210324,1989.0,1981.0,2013.0,1981.0,-7.0,-0.3507,29357.39,5857848.16
20210325,1971.0,1970.01,1988.88,1946.8,-18.0,-0.905,31575.23,6216733.244
20210326,2013.0,1985.0,2022.0,1958.0,42.0,2.1309,50016.42,9987629.444
20210329,2034.1,2043.2,2096.35,2026.15,21.1,1.0482,56992.2,11740129.413
20210330,2056.05,2040.0,2086.0,2035.08,21.95,1.0791,32626.97,6717493.35
20210331,2009.0,2045.1,2046.02,2000.0,-47.05,-2.2884,37154.41,7489086.233
20210401,2044.5,2021.0,2046.8,2001.22,35.5,1.767,26587.63,5379775.87
20210402,2162.0,2056.0,2165.0,2056.0,117.5,5.7471,52027.57,10981752.658
20210406,2126.03,2161.0,2161.98,2102.3,-35.97,-1.6637,32741.77,6967525.037
20210407,2061.0,2104.06,2117.3,2050.0,-65.03,-3.0588,40200.97,8317799.925
20210408,2070.0,2047.03,2079.0,2044.0,9.0,0.4367,28547.62,5893307.514
20210409,2020.0,2042.0,2054.0,2005.01,-50.0,-2.4155,28808.86,5832453.812
20210412,2008.89,2011.0,2030.0,1991.7,-11.11,-0.55,31943.07,6409917.318
20210413,2021.0,2020.0,2049.8,2009.0,12.11,0.6028,28992.15,5883787.293
20210414,2047.0,2035.0,2048.0,2016.0,26.0,1.2865,24114.65,4908790.023
20210415,2015.6,2030.9,2046.9,1990.0,-31.4,-1.534,34366.21,6903769.49
20210416,2054.98,2025.08,2068.0,2012.0,39.38,1.9538,30293.7,6183895.054
20210419,2088.0,2055.0,2098.36,2033.0,33.02,1.6068,31753.91,6610577.917
20210420,2094.8,2071.1,2129.0,2070.0,6.8,0.3257,28290.37,5949669.953
20210421,2080.0,2076.0,2097.8,2065.1,-14.8,-0.7065,26149.75,5446145.952
20210422,2055.5,2089.9,2099.0,2051.5,-24.5,-1.1779,26850.02,5539295.656
20210423,2108.94,2055.97,2119.88,2052.5,53.44,2.5999,33462.77,7002695.288
20210426,2077.82,2132.0,2135.0,2073.6,-31.12,-1.4756,34045.11,7160836.874
20210427,2094.44,2087.08,2095.25,2065.09,16.62,0.7999,22107.85,4607779.002
20210428,2042.0,2010.0,2047.5,2003.0,-52.44,-2.5038,81342.95,16463574.637
20210429,2026.36,2047.04,2049.94,2014.0,-15.64,-0.7659,41283.78,8370431.228
20210430,2006.78,2026.0,2036.0,2003.71,-19.58,-0.9663,38401.37,7723747.038
20210506,1959.0,2000.0,2006.84,1953.0,-47.78,-2.3809,53546.14,10584968.907
20210507,1903.0,1965.0,1967.98,1901.0,-56.0,-2.8586,52493.39,10101703.446
20210510,1879.03,1900.0,1909.0,1866.01,-23.97,-1.2596,46003.18,8677753.608
20210511,1959.0,1876.0,1966.0,1873.3,79.97,4.2559,42494.12,8209251.914
20210512,1984.0,1949.08,1999.0,1949.0,25.0,1.2762,32698.87,6473203.286
20210513,1971.5,1965.75,1985.05,1953.0,-12.5,-0.63,25077.51,4934954.969
20210514,2009.85,1982.0,2030.5,1976.0,38.35,1.9452,35611.29,7150302.044
20210517,2057.96,2025.1,2085.2,2025.1,48.11,2.3937,44524.0,9178509.985
20210518,2059.31,2065.0,2077.0,2045.06,1.35,0.0656,17504.28,3595891.742
20210519,2049.0,2059.0,2074.81,2040.0,-10.31,-0.5007,22409.72,4606452.358
20210520,2058.88,2074.0,2074.1,2045.36,9.88,0.4822,21857.16,4500663.211
20210521,2042.1,2055.08,2079.88,2037.02,-16.78,-0.815,24248.23,4976601.458
20210524,2071.29,2051.0,2080.06,2031.0,29.19,1.4294,32548.08,6705879.397
20210525,2194.5,2085.0,2200.1,2085.0,123.21,5.9485,67756.95,14636718.75
20210526,2220.0,2207.98,2241.8,2193.08,25.5,1.162,38604.2,8558038.174
20210527,2245.0,2211.02,2320.0,2201.1,25.0,1.1261,45373.38,10240368.98
20210528,2230.0,2240.97,2250.0,2205.51,-15.0,-0.6682,25807.31,5741331.986
20210531,2218.0,2215.5,2218.35,2172.0,-12.0,-0.5381,31739.0,6960864.26
20210601,2240.95,2222.0,2248.95,2206.0,22.95,1.0347,30616.34,6832594.466
20210602,2222.0,2250.0,2264.0,2208.18,-18.95,-0.8456,22862.77,5088908.384
20210603,2222.22,2220.0,2260.34,2210.08,0.22,0.0099,23450.31,5242453.019
20210604,2251.5,2215.0,2288.0,2214.04,29.28,1.3176,31422.19,7058715.115
20210607,2271.0,2265.0,2279.0,2240.01,19.5,0.8661,25466.27,5756592.694
20210608,2191.0,2260.0,2279.99,2161.15,-80.0,-3.5227,47313.63,10479943.156
20210609,2199.5,2192.0,2214.0,2160.11,8.5,0.388,25502.35,5591378.817
20210610,2238.48,2195.0,2251.37,2190.08,38.98,1.7722,25566.63,5707338.424
20210611,2178.81,2239.0,2244.0,2178.81,-59.67,-2.6656,33970.66,7513797.036
20210615,2193.0,2195.1,2208.88,2148.0,14.19,0.6513,29361.3,6412821.567
20210616,2158.0,2192.0,2195.0,2148.0,-35.0,-1.596,27593.15,5978924.528
20210617,2156.91,2155.65,2188.0,2144.36,-1.09,-0.0505,21067.53,4558702.643
20210618,2090.94,2147.0,2156.5,2065.0,-65.97,-3.0585,54028.21,11329180.836
20210621,2081.64,2085.0,2099.69,2050.0,-9.3,-0.4448,35488.26,7367986.471
20210622,2074.97,2092.0,2098.0,2053.89,-6.67,-0.3204,33228.18,6900830.616
20210623,2038.0,2080.0,2083.0,2034.15,-36.97,-1.7817,37079.01,7596735.684
20210624,2068.05,2040.01,2080.0,2021.0,30.05,1.4745,31473.7,6452557.073
20210625,2092.0,2049.96,2109.0,2042.6,43.24,2.1105,35875.43,7459680.452
20210628,2103.01,2100.0,2118.0,2073.0,11.01,0.5263,27452.42,5750241.214
20210629,2062.0,2108.0,2115.0,2051.0,-41.01,-1.9501,33030.63,6835635.172
20210630,2056.7,2065.0,2074.0,2046.3,-5.3,-0.257,21915.66,4511484.217
20210701,2105.0,2059.97,2110.0,2031.6,48.3,2.3484,33701.24,6970730.878
20210702,2013.0,2075.0,2075.0,2011.5,-92.0,-4.3705,46275.31,9388640.194
20210705,1994.0,2000.0,2019.88,1985.0,-19.0,-0.9439,34420.95,6872797.768
20210706,2012.9,1995.0,2014.0,1960.01,18.9,0.9478,35282.51,7015883.091
20210707,2004.0,2010.0,2028.88,1999.01,-8.9,-0.4421,28122.12,5658210.73
20210708,1985.0,2000.1,2004.0,1968.0,-19.0,-0.9481,35516.69,7027713.78
20210709,1972.11,1964.52,1985.91,1945.0,-12.89,-0.6494,30907.9,6072340.993
20210712,1961.0,1975.55,1998.78,1940.5,-11.11,-0.5634,39010.24,7658786.228
20210713,1982.9,1968.0,2005.5,1965.0,21.9,1.1168,29924.71,5946287.259
20210714,1962.0,1974.0,1974.5,1945.0,-20.9,-1.054,30770.69,6011814.88
20210715,1997.99,1955.02,2013.0,1950.6,35.99,1.8344,42190.05,8391506.229
20210716,1955.9,1980.0,1996.6,1950.0,-42.09,-2.1066,35407.64,6958296.859
20210719,1975.0,1955.89,1986.0,1941.0,19.1,0.9765,30052.34,5900348.21
20210720,1980.0,1975.0,1988.93,1961.41,5.0,0.2532,23475.21,4639300.956
20210721,1969.0,1989.0,2006.0,1962.01,-11.0,-0.5556,29780.13,5902656.221
20210722,1940.01,1960.0,1973.9,1938.96,-28.99,-1.4723,39090.47,7619076.855
20210723,1900.0,1937.82,1937.82,1895.09,-40.01,-2.0624,47585.47,9057761.876
20210726,1804.11,1879.0,1879.0,1780.0,-95.89,-5.0468,98619.48,17894360.803
20210727,1712.89,1803.0,1810.0,1703.0,-91.22,-5.0562,86576.99,15230805.685
20210728,1768.9,1703.0,1788.2,1682.12,56.01,3.2699,85368.84,14792470.948
20210729,1749.79,1810.01,1823.0,1734.34,-19.11,-1.0803,63863.85,11299569.857
20210730,1678.99,1725.0,1725.0,1657.76,-70.8,-4.0462,77735.89,13109725.032
20210802,1755.0,1664.0,1755.98,1620.72,76.01,4.5271,97400.65,16515259.089
20210803,1749.3,1730.0,1768.99,1688.8,-5.7,-0.3248,54374.75,9447823.227
20210804,1724.0,1734.06,1760.0,1718.0,-25.3,-1.4463,38175.49,6614683.378
20210805,1699.0,1692.88,1745.0,1676.36,-25.0,-1.4501,48059.69,8177369.851
20210806,1671.0,1689.0,1694.01,1646.6,-28.0,-1.648,45686.1,7616109.615
20210809,1693.8,1651.0,1709.0,1650.0,22.8,1.3645,47697.75,8028155.49
20210810,1799.0,1700.0,1802.88,1675.0,105.2,6.2109,83285.05,14549496.463
20210811,1750.5,1780.01,1785.01,1750.01,-48.5,-2.6959,38662.59,6821292.779
20210812,1690.0,1732.0,1749.0,1686.19,-60.5,-3.4562,47550.97,8130692.626
20210813,1700.04,1690.0,1713.0,1679.0,10.04,0.5941,37904.52,6418412.544
20210816,1699.2,1696.0,1713.6,1685.08,-0.84,-0.0494,28056.97,4773049.794
20210817,1635.0,1700.0,1700.0,1628.88,-64.2,-3.7782,61200.77,10140291.982
20210818,1620.0,1624.66,1642.99,1600.0,-15.0,-0.9174,59970.26,9701556.273
20210819,1619.97,1622.22,1643.2,1600.0,-0.03,-0.0019,41291.95,6682355.678
20210820,1548.0,1555.17,1597.55,1525.5,-71.97,-4.4427,114544.54,17825198.286
20210823,1570.19,1537.88,1599.0,1536.77,22.19,1.4335,71597.2,11218832.883
20210824,1625.18,1575.0,1642.55,1565.77,54.99,3.5021,72594.47,11703813.764
20210825,1665.02,1647.64,1680.87,1643.0,39.84,2.4514,54238.9,9037626.406
20210826,1595.0,1664.99,1664.99,1594.72,-70.02,-4.2054,54020.37,8722233.201
20210827,1596.03,1589.0,1625.0,1584.1,1.03,0.0646,36095.45,5791426.192
20210830,1586.0,1605.0,1613.0,1545.95,-10.03,-0.6284,51587.7,8098190.333
20210831,1558.0,1589.8,1616.35,1555.1,-28.0,-1.7654,43677.09,6888080.927
20210901,1622.01,1559.0,1634.99,1531.1,64.01,4.1085,77316.1,12370243.405
20210902,1618.8,1632.99,1643.0,1600.89,-3.21,-0.1979,42836.79,6939707.277
20210903,1658.22,1610.02,1659.79,1582.0,39.42,2.4351,52835.18,8631165.696
20210906,1670.67,1649.0,1708.16,1626.15,12.45,0.7508,55338.06,9306030.671
20210907,1669.0,1661.03,1684.48,1651.0,-1.67,-0.1,31211.22,5204051.657
20210908,1633.1,1660.0,1671.18,1628.08,-35.9,-2.151,33063.67,5428265.636
20210909,1634.08,1626.0,1645.0,1624.01,0.98,0.06,19950.13,3257785.762
20210910,1662.58,1634.08,1668.8,1633.0,28.5,1.7441,33388.11,5528034.093
20210913,1654.0,1665.0,1684.0,1640.1,-8.58,-0.5161,27720.02,4605031.711
20210914,1657.0,1659.0,1683.0,1653.0,3.0,0.1814,33760.61,5638962.654
20210915,1615.74,1650.0,1660.0,1610.0,-41.26,-2.49,41570.05,6781755.393
20210916,1638.07,1603.0,1644.0,1585.0,22.33,1.382,45968.02,7458455.126
20210917,1686.0,1620.0,1705.6,1620.0,47.93,2.926,55130.25,9242101.552
20210922,1637.69,1658.83,1688.0,1635.0,-48.31,-2.8654,31743.0,5227723.003
20210923,1635.0,1638.0,1655.88,1625.08,-2.69,-0.1643,30341.81,4964210.091
20210924,1694.0,1628.0,1719.98,1628.0,59.0,3.6086,69536.6,11756596.091
20210927,1855.0,1750.0,1863.4,1750.0,161.0,9.5041,126868.92,23270689.695
20210928,1822.06,1848.0,1860.0,1795.0,-32.94,-1.7757,49221.05,8973408.813
20210929,1820.0,1809.0,1845.01,1785.9,-2.06,-0.1131,43290.65,7870151.768
20210930,1830.0,1818.18,1850.22,1803.4,10.0,0.5495,40539.29,7411735.79
20211008,1839.6,1822.42,1878.0,1807.23,9.6,0.5246,47451.96,8780381.118
20211011,1867.12,1839.51,1889.9,1831.01,27.52,1.496,37675.57,7040475.327
20211012,1870.99,1866.0,1877.0,1842.42,3.87,0.2073,30606.42,5688160.837
20211013,1929.9,1870.0,1949.95,1862.0,58.91,3.1486,50142.61,9625769.127
20211014,1911.0,1928.93,1941.8,1896.0,-18.9,-0.9793,26622.55,5097602.232
20211015,1916.97,1890.1,1929.99,1890.1,5.97,0.3124,28560.78,5452953.879
20211018,1800.0,1888.0,1888.0,1787.0,-116.97,-6.1018,69652.02,12651498.607
20211019,1812.18,1800.0,1838.8,1799.88,12.18,0.6767,40314.56,7330114.082
20211020,1841.0,1833.0,1849.8,1806.01,28.82,1.5903,28663.39,5246404.615
20211021,1844.0,1841.1,1860.0,1829.0,3.0,0.163,23018.7,4238584.294
20211022,1901.0,1855.0,1921.01,1854.0,57.0,3.0911,35962.6,6794850.056
20211025,1873.03,1880.0,1885.01,1858.0,-27.97,-1.4713,32461.33,6076219.948
20211026,1861.05,1864.03,1878.99,1844.0,-11.98,-0.6396,21130.26,3934223.714
20211027,1819.0,1852.3,1858.3,1800.1,-42.05,-2.2595,34647.29,6302270.905
20211028,1825.49,1825.2,1843.78,1802.0,6.49,0.3568,29490.93,5383196.101
20211029,1826.08,1825.0,1848.0,1813.0,0.59,0.0323,28775.86,5266898.95
20211101,1803.0,1780.0,1826.3,1760.0,-23.08,-1.2639,41689.98,7486936.394
20211102,1804.64,1796.7,1844.22,1788.0,1.64,0.091,32500.24,5875341.369
20211103,1765.0,1800.0,1809.98,1761.19,-39.64,-2.1966,27829.31,4958314.535
20211104,1804.2,1777.94,1816.0,1769.42,39.2,2.221,31130.43,5592211.731
20211105,1819.94,1804.21,1844.99,1804.21,15.74,0.8724,27077.23,4956331.383
20211108,1820.1,1820.0,1830.8,1802.05,0.16,0.0088,17705.72,3220439.334
20211109,1790.01,1819.98,1827.87,1782.0,-30.09,-1.6532,27351.92,4915170.028
20211110,1753.99,1790.01,1795.0,1735.0,-36.02,-2.0123,35348.77,6204803.25
20211111,1769.6,1752.93,1769.6,1741.5,15.61,0.89,22651.87,3987243.285
20211112,1773.78,1778.0,1785.05,1766.66,4.18,0.2362,17606.63,3124400.972
20211115,1761.14,1773.68,1784.0,1750.0,-12.64,-0.7126,24947.35,4410975.373
20211116,1808.0,1768.0,1818.0,1765.0,46.86,2.6608,33526.24,6033536.262
20211117,1795.0,1805.0,1820.5,1790.01,-13.0,-0.719,24505.46,4411450.908
20211118,1792.0,1781.22,1807.0,1770.0,-3.0,-0.1671,19520.89,3485674.964
20211119,1828.41,1794.19,1849.0,1788.2,36.41,2.0318,31155.59,5699883.8
20211122,1854.27,1849.0,1909.0,1848.0,25.86,1.4143,42572.68,7994018.41
20211123,1896.43,1852.0,1917.0,1852.0,42.16,2.2737,45782.2,8676297.616
20211124,1941.0,1900.0,1966.0,1897.0,44.57,2.3502,54512.35,10555736.753
20211125,1956.03,1953.0,1986.2,1946.25,15.03,0.7743,39752.88,7803035.266
20211126,1941.01,1964.83,1967.0,1925.0,-15.02,-0.7679,32655.57,6337346.211
20211129,1985.0,1960.0,1990.0,1951.08,43.99,2.2663,42399.34,8372476.083
20211130,1930.77,1985.4,1989.9,1927.5,-54.23,-2.732,36924.87,7192172.533
20211201,1932.99,1950.0,1959.95,1919.02,2.22,0.115,26254.4,5071457.098
20211202,1934.0,1940.0,1942.15,1919.6,1.01,0.0523,20421.82,3939731.543
20211203,1971.88,1932.0,1988.62,1931.05,37.88,1.9586,35818.39,7045848.18
20211206,1967.3,1983.0,1990.0,1950.0,-4.58,-0.2323,31063.88,6122543.819
20211207,1955.87,1980.74,1987.87,1946.73,-11.43,-0.581,36979.89,7286659.622
20211208,2043.0,1964.88,2045.0,1950.0,87.13,4.4548,61048.07,12285101.988
20211209,2086.55,2054.94,2116.92,2045.0,43.55,2.1317,64239.18,13404724.467
20211210,2090.0,2060.0,2095.78,2056.0,3.45,0.1653,43148.22,8944582.265
20211213,2118.2,2154.0,2180.0,2118.0,28.2,1.3493,65806.56,14139012.29
20211214,2150.0,2118.2,2167.9,2100.0,31.8,1.5013,40449.41,8673733.691
20211215,2135.0,2142.15,2164.95,2125.02,-15.0,-0.6977,30078.27,6444715.086
20211216,2118.99,2115.0,2144.05,2086.23,-16.01,-0.7499,37211.36,7865499.278
20211217,2050.7,2100.5,2108.0,2036.0,-68.29,-3.2228,48403.18,9988869.785
20211220,2058.96,2050.7,2085.66,2041.0,8.26,0.4028,32257.69,6654596.508
20211221,2038.2,2045.0,2069.13,2012.83,-20.76,-1.0083,26285.89,5354186.59
20211222,2048.0,2040.0,2063.0,2040.0,9.8,0.4808,17430.79,3570928.372
20211223,2120.0,2053.0,2120.0,2025.0,72.0,3.5156,39098.54,8126298.013
20211224,2194.09,2148.88,2216.96,2148.88,74.09,3.4948,56129.59,12295953.4
20211227,2131.82,2168.0,2168.0,2112.0,-62.27,-2.8381,37555.9,8020677.686
20211228,2138.18,2133.0,2155.5,2116.6,6.36,0.2983,27650.7,5901940.633
20211229,2041.0,2150.0,2154.25,2041.0,-97.18,-4.545,54049.02,11195625.154
20211230,2075.0,2041.0,2088.98,2028.0,34.0,1.6659,35261.36,7272866.657
20211231,2050.0,2070.0,2072.98,2028.0,-25.0,-1.2048,29664.91,6061415.344
20220104,2051.23,2055.0,2068.95,2014.0,1.23,0.06,33842.62,6913653.122
20220105,2024.0,2045.0,2065.0,2018.0,-27.23,-1.3275,28395.51,5774992.117
20220106,1982.22,2022.01,2036.0,1938.51,-41.78,-2.0642,51794.75,10226933.847
20220107,1942.0,1975.0,1988.88,1939.32,-40.22,-2.029,29816.69,5831695.311
20220110,1966.0,1928.01,1977.0,1917.55,24.0,1.2358,29626.7,5792738.145
20220111,1940.55,1948.0,1965.0,1931.17,-25.45,-1.2945,22276.64,4332180.604
20220112,1967.0,1948.0,1978.8,1948.0,26.45,1.363,27474.1,5384359.628
20220113,1877.39,1964.82,1967.99,1865.56,-89.61,-4.5557,56747.35,10781720.544
20220114,1867.0,1877.39,1893.0,1863.0,-10.39,-0.5534,29321.64,5506186.026
20220117,1861.61,1868.0,1878.3,1835.34,-5.39,-0.2887,27353.82,5074077.665
20220118,1892.27,1861.68,1908.85,1852.0,30.66,1.647,31215.77,5906705.861
20220119,1912.0,1919.0,1919.0,1888.88,19.73,1.0427,26370.94,5026993.463
20220120,1969.52,1916.0,1979.99,1916.0,57.52,3.0084,34013.91,6665294.954
20220121,1984.99,1960.0,1993.49,1951.01,15.47,0.7855,30812.58,6091427.695
20220124,1950.2,1955.0,1984.0,1931.44,-34.79,-1.7527,23985.8,4685441.775
20220125,1943.0,1943.0,1966.0,1931.0,-7.2,-0.3692,25510.12,4971078.498
20220126,1955.0,1942.04,1969.0,1919.0,12.0,0.6176,23905.13,4655706.528
20220127,1965.0,2001.01,2010.82,1952.0,10.0,0.5115,42665.16,8450329.058
20220128,1887.0,1955.0,1968.0,1880.01,-78.0,-3.9695,41020.11,7889492.895
20220207,1867.96,1900.99,1913.56,1850.0,-19.04,-1.009,35150.42,6601799.703
20220208,1839.0,1868.88,1872.87,1790.0,-28.96,-1.5504,41713.06,7585130.459
20220209,1895.98,1839.09,1908.0,1826.97,56.98,3.0984,33884.79,6346699.784
20220210,1873.0,1900.0,1905.9,1857.39,-22.98,-1.212,23031.83,4315456.868
20220211,1849.97,1857.0,1900.79,1841.0,-23.03,-1.2296,33746.49,6296909.575
20220214,1868.67,1840.0,1877.0,1837.31,18.7,1.0108,20195.87,3762313.349
20220215,1890.62,1868.8,1911.0,1859.0,21.95,1.1746,27105.86,5131842.112
20220216,1892.55,1900.0,1907.0,1888.0,1.93,0.1021,14586.85,2769034.316
20220217,1886.99,1900.61,1911.48,1881.0,-5.56,-0.2938,18213.66,3450265.032
20220218,1907.0,1877.63,1907.98,1865.66,20.01,1.0604,19385.49,3670339.742
20220221,1876.99,1900.0,1906.9,1868.95,-30.01,-1.5737,20815.73,3920377.358
20220222,1807.87,1860.01,1861.0,1800.02,-69.12,-3.6825,52298.81,9473992.638
20220223,1827.01,1811.41,1834.0,1800.08,19.14,1.0587,28111.61,5118197.82
20220224,1764.11,1808.0,1813.99,1748.1,-62.9,-3.4428,65359.25,11578557.075
20220225,1799.06,1775.0,1808.28,1775.0,34.95,1.9812,38979.13,6999524.161
20220228,1790.4,1787.06,1797.0,1767.0,-8.66,-0.4814,28923.03,5158148.387
20220301,1858.48,1802.0,1863.57,1802.0,68.08,3.8025,47379.3,8721229.267
20220302,1844.88,1840.0,1850.99,1825.0,-13.6,-0.7318,20074.48,3690612.341
20220303,1800.0,1845.8,1850.25,1794.0,-44.88,-2.4327,31546.93,5703580.558
20220304,1780.5,1772.0,1792.89,1755.1,-19.5,-1.0833,31047.03,5509157.654
20220307,1707.0,1760.2,1768.0,1703.8,-73.5,-4.1281,49155.81,8487507.372
20220308,1753.2,1759.98,1786.66,1732.0,46.2,2.7065,57215.46,10087484.369
20220309,1779.18,1764.1,1805.0,1721.11,25.98,1.4819,56434.42,10018590.069
20220310,1794.43,1808.0,1821.0,1791.0,15.25,0.8571,36461.78,6587438.866
20220311,1769.01,1766.0,1777.0,1718.08,-25.42,-1.4166,47726.77,8335618.341
20220314,1700.0,1730.0,1750.0,1700.0,-69.01,-3.9011,49006.61,8416841.92
20220315,1603.0,1650.0,1685.0,1603.0,-97.0,-5.7059,89055.87,14567142.622
20220316,1674.95,1634.0,1683.9,1593.0,71.95,4.4885,77592.81,12753010.156
20220317,1720.15,1720.0,1755.0,1711.66,45.2,2.6986,68351.96,11843531.813
20220318,1707.79,1718.0,1745.0,1692.28,-12.36,-0.7185,38348.68,6564085.394
20220321,1704.3,1724.0,1725.65,1695.01,-3.49,-0.2044,27877.16,4763083.283
20220322,1695.0,1723.88,1723.88,1686.33,-9.3,-0.5457,21054.04,3578291.198
20220323,1752.19,1705.0,1770.0,1697.0,57.19,3.374,58067.39,10096341.448
20220324,1720.93,1738.0,1740.0,1717.35,-31.26,-1.7841,25815.32,4457504.43
20220325,1690.0,1712.0,1734.0,1685.0,-30.93,-1.7973,29708.66,5054831.352
20220328,1660.8,1625.0,1664.8,1604.0,-29.2,-1.7278,57541.64,9392008.017
20220329,1667.0,1661.5,1691.5,1661.5,6.2,0.3733,25934.98,4343365.464
20220330,1730.1,1698.0,1730.1,1695.0,63.1,3.7852,42433.43,7276379.091
20220331,1719.0,1720.0,1738.6,1708.8,-11.1,-0.6416,25173.86,4338022.922
20220401,1780.01,1729.94,1793.0,1721.69,61.01,3.5492,44861.91,7936957.252
20220406,1765.0,1753.0,1788.73,1753.0,-15.01,-0.8433,27819.77,4910792.426
20220407,1765.0,1758.0,1785.0,1750.1,0.0,0.0,20195.71,3568182.341
20220408,1784.0,1768.0,1788.7,1766.54,19.0,1.0765,22941.32,4081618.543
20220411,1720.0,1770.0,1770.0,1706.03,-64.0,-3.5874,43863.59,7568782.591
20220412,1782.0,1729.0,1787.97,1708.0,62.0,3.6047,41629.56,7284546.261
20220413,1769.0,1767.0,1795.0,1751.08,-13.0,-0.7295,31147.66,5534915.753
20220414,1809.0,1788.0,1835.9,1780.2,40.0,2.2612,37649.86,6834657.201
20220415,1805.99,1802.2,1818.0,1795.89,-3.01,-0.1664,21041.13,3800797.635
20220418,1790.82,1781.13,1798.0,1768.0,-15.17,-0.84,19793.15,3525102.977
20220419,1790.3,1800.0,1832.99,1775.5,-0.52,-0.029,24204.76,4359851.98
20220420,1797.0,1801.69,1820.0,1768.68,6.7,0.3742,24155.72,4342043.328
20220421,1779.98,1790.2,1806.0,1770.0,-17.02,-0.9471,28952.61,5160788.004
20220422,1773.0,1763.0,1787.88,1760.18,-6.98,-0.3921,27899.75,4955360.846
20220425,1708.0,1750.0,1776.5,1702.0,-65.0,-3.6661,53658.02,9352986.852
20220426,1732.48,1703.33,1748.98,1700.0,24.48,1.4333,44563.96,7692845.226
20220427,1794.92,1767.12,1810.0,1767.12,62.44,3.6041,57402.44,10289893.014
20220428,1835.0,1793.0,1845.0,1786.5,40.08,2.233,44010.06,8038681.95
20220429,1828.38,1836.0,1849.0,1810.98,-6.62,-0.3608,34885.27,6384066.537
20220505,1837.0,1830.0,1870.0,1828.98,8.62,0.4715,33660.94,6235017.58
20220506,1793.0,1814.99,1819.0,1781.0,-44.0,-2.3952,28596.18,5138176.68
20220509,1752.0,1780.0,1780.0,1738.0,-41.0,-2.2867,30351.82,5324616.273
20220510,1766.19,1720.0,1784.96,1705.01,14.19,0.8099,40119.19,7018451.097
20220511,1768.0,1755.0,1788.48,1752.0,1.81,0.1025,30312.67,5372950.033
20220512,1762.67,1753.0,1778.0,1750.0,-5.33,-0.3015,22038.23,3888480.084
20220513,1778.24,1780.0,1797.94,1766.0,15.57,0.8833,20730.52,3690141.231
20220516,1758.0,1797.0,1797.0,1742.67,-20.24,-1.1382,27765.31,4881208.653
20220517,1768.0,1769.88,1775.0,1755.0,10.0,0.5688,20144.74,3557048.801
20220518,1761.0,1773.66,1773.92,1743.02,-7.0,-0.3959,24850.44,4362486.907
20220519,1756.0,1745.0,1757.0,1739.0,-5.0,-0.2839,19776.26,3459059.182
20220520,1800.01,1759.99,1801.15,1752.0,44.01,2.5063,41949.6,7493460.272
20220523,1781.0,1800.0,1803.89,1772.0,-19.01,-1.0561,22157.13,3950856.594
20220524,1760.0,1786.0,1787.0,1755.5,-21.0,-1.1791,27342.22,4824599.922
20220525,1755.51,1765.27,1772.0,1747.0,-4.49,-0.2551,22388.69,3929477.102
20220526,1742.8,1761.0,1761.0,1730.0,-12.71,-0.724,28053.44,4888109.192
20220527,1755.16,1759.99,1780.0,1753.01,12.36,0.7092,25119.58,4436904.896
20220530,1778.41,1766.0,1790.55,1766.0,23.25,1.3247,34465.69,6135631.304
20220531,1804.03,1774.77,1814.9,1766.98,25.62,1.4406,40750.82,7329201.058
20220601,1788.25,1802.0,1814.78,1779.0,-15.78,-0.8747,21760.01,3897858.999
20220602,1786.0,1787.97,1795.8,1780.0,-2.25,-0.1258,16914.73,3019718.032
20220606,1788.0,1790.0,1795.0,1758.0,2.0,0.112,36741.26,6535329.352
20220607,1817.9,1784.14,1825.0,1770.31,29.9,1.6723,35048.59,6356031.009
20220608,1865.6,1825.0,1882.0,1825.0,47.7,2.6239,44353.81,8236953.846
20220609,1853.0,1872.0,1888.35,1849.0,-12.6,-0.6754,26329.02,4897066.622
20220610,1900.6,1845.01,1907.0,1835.0,47.6,2.5688,47344.62,8882462.598
20220613,1856.0,1890.0,1892.0,1848.08,-44.6,-2.3466,36755.18,6847248.995
20220614,1871.0,1834.0,1875.42,1832.0,15.0,0.8082,29416.23,5467949.348
20220615,1875.1,1870.0,1905.0,1862.99,4.1,0.2191,33663.62,6354869.1
20220616,1877.0,1894.59,1907.63,1875.33,1.9,0.1013,26886.7,5087605.391
20220617,1951.0,1878.09,1952.0,1878.09,74.0,3.9425,50541.61,9749530.916
20220620,1942.02,1950.0,1970.0,1930.0,-8.98,-0.4603,34974.78,6802792.459
20220621,1945.74,1949.0,1966.99,1928.0,3.72,0.1916,23717.02,4617805.127
20220622,1936.0,1955.0,1958.0,1932.0,-9.74,-0.5006,19646.65,3813775.294
20220623,1957.1,1942.7,1965.04,1940.0,21.1,1.0899,26843.52,5239860.443
20220624,2009.01,1970.0,2020.0,1965.0,51.91,2.6524,39634.65,7921199.792
20220627,2010.55,2019.94,2049.94,2000.3,1.54,0.0767,40115.17,8124448.9
20220628,2036.0,2019.74,2041.0,2001.0,25.45,1.2658,25245.71,5112298.787
20220629,2030.0,2028.0,2042.0,2011.01,-6.0,-0.2947,30360.12,6142508.408
20220630,2045.0,2000.0,2077.0,1999.99,36.67,1.8259,38982.43,7984019.438
20220701,2029.05,2055.0,2067.77,2015.21,-15.95,-0.78,21596.45,4385555.299
20220704,2018.0,2020.01,2024.29,2001.01,-11.05,-0.5446,25075.89,5042804.258
20220705,2033.01,2025.28,2054.45,2010.0,15.01,0.7438,26329.4,5345189.852
20220706,2002.0,2032.0,2039.0,1986.0,-31.01,-1.5253,32751.66,6566374.982
20220707,1990.0,2005.0,2009.35,1985.01,-12.0,-0.5994,20931.77,4179088.24
20220708,1999.0,2005.0,2014.89,1996.16,9.0,0.4523,15643.89,3134903.462
20220711,1963.6,1990.2,1994.77,1950.5,-35.4,-1.7709,23949.21,4709248.31
20220712,1948.41,1965.0,1972.8,1930.06,-15.19,-0.7736,23446.86,4562731.381
20220713,1958.89,1945.0,1972.0,1940.67,10.48,0.5379,19853.77,3893406.034
20220714,1953.0,1960.0,1976.8,1941.0,-5.89,-0.3007,20527.24,4014985.518
20220715,1949.5,1945.11,1999.68,1944.51,-3.5,-0.1792,33416.23,6588730.699
20220718,1951.66,1952.36,1959.0,1922.0,2.16,0.1108,24220.72,4701936.868
20220719,1943.1,1945.0,1951.65,1926.0,-8.56,-0.4386,21956.03,4250852.886
20220720,1950.1,1958.75,1970.0,1945.0,7.0,0.3602,18704.61,3659970.961
20220721,1939.0,1943.1,1955.9,1934.51,-11.1,-0.5692,14061.37,2735503.093
20220722,1947.0,1949.22,1962.0,1935.0,8.0,0.4126,25113.57,4894378.605
20220725,1944.65,1949.51,1952.3,1931.0,-2.35,-0.1207,16912.44,3285451.347
20220726,1950.21,1952.99,1964.97,1947.02,5.56,0.2859,20685.1,4041100.077
20220727,1919.6,1942.0,1948.0,1917.0,-30.61,-1.5696,21489.87,4149807.166
20220728,1898.0,1921.1,1938.0,1892.66,-21.6,-1.1252,34869.86,6669448.409
20220729,1898.44,1895.1,1918.99,1878.1,0.44,0.0232,37032.36,7028415.881
20220801,1890.3,1890.01,1908.0,1881.18,-8.14,-0.4288,21037.41,3988198.59
20220802,1879.98,1880.0,1887.98,1858.01,-10.32,-0.5459,28220.88,5284516.568
20220803,1885.0,1889.99,1904.0,1877.0,5.02,0.267,24598.42,4642442.196
20220804,1916.01,1890.0,1923.1,1880.13,31.01,1.6451,30357.14,5797110.733
20220805,1923.96,1927.8,1935.0,1904.9,7.95,0.4149,20085.84,3857406.327
20220808,1911.53,1915.15,1932.88,1907.51,-12.43,-0.6461,16799.01,3220702.892
20220809,1910.0,1911.53,1918.99,1905.0,-1.53,-0.08,13874.61,2651800.008
20220810,1876.0,1909.98,1918.0,1864.58,-34.0,-1.7801,27926.62,5259452.686
20220811,1906.9,1886.0,1907.0,1878.01,30.9,1.6471,26061.49,4940834.195
20220812,1928.0,1906.9,1930.0,1900.0,21.1,1.1065,20259.83,3882570.566
20220815,1919.89,1920.46,1939.5,1915.55,-8.11,-0.4206,19323.14,3717178.491
20220816,1917.84,1923.94,1933.79,1916.0,-2.05,-0.1068,14835.84,2854189.586
20220817,1918.0,1930.0,1930.0,1895.0,0.16,0.0083,18360.63,3508295.541
20220818,1895.5,1908.0,1913.08,1881.07,-22.5,-1.1731,23167.77,4384060.205
20220819,1895.01,1898.0,1908.35,1888.0,-0.49,-0.0259,13544.17,2572000.762
20220822,1893.98,1885.01,1907.0,1881.38,-1.03,-0.0544,15426.67,2925285.473
20220823,1870.01,1898.6,1898.6,1867.0,-23.97,-1.2656,23756.36,4452538.978
20220824,1854.2,1869.99,1875.23,1851.0,-15.81,-0.8455,18727.61,3486382.969
20220825,1885.0,1859.0,1888.0,1854.2,30.8,1.6611,21925.34,4107597.895
20220826,1898.0,1900.0,1912.0,1886.0,13.0,0.6897,23141.95,4397161.135
20220829,1878.82,1883.0,1899.97,1874.0,-19.18,-1.0105,13569.62,2555981.192
20220830,1870.0,1882.35,1885.0,1854.2,-8.82,-0.4694,18235.39,3400091.358
20220831,1924.0,1860.1,1925.56,1860.01,54.0,2.8877,44691.51,8518225.337
20220901,1880.89,1912.15,1916.0,1880.89,-43.11,-2.2406,26845.08,5088658.955
20220902,1875.0,1889.94,1892.96,1866.17,-5.89,-0.3131,19391.32,3635162.804
20220905,1835.0,1862.64,1869.0,1820.0,-40.0,-2.1333,36821.87,6764549.173
20220906,1845.0,1835.36,1848.2,1825.0,10.0,0.545,20830.04,3832086.313
20220907,1818.01,1835.03,1837.66,1811.01,-26.99,-1.4629,28306.16,5151537.33
20220908,1815.0,1820.0,1832.0,1815.0,-3.01,-0.1656,16590.57,3026766.448
20220909,1844.79,1825.0,1852.0,1816.0,29.79,1.6413,27089.86,4991679.523
20220913,1879.0,1880.0,1888.38,1858.23,34.21,1.8544,28693.09,5387987.148
20220914,1869.0,1864.01,1880.0,1863.0,-10.0,-0.5322,16041.57,3002693.247
20220915,1880.0,1870.0,1893.12,1869.96,11.0,0.5886,20810.21,3917954.256
20220916,1859.0,1871.8,1885.6,1855.11,-21.0,-1.117,24121.27,4501527.357
20220919,1871.64,1855.0,1888.59,1852.88,12.64,0.6799,18583.51,3479680.771
20220920,1878.0,1869.98,1884.6,1858.55,6.36,0.3398,14116.3,2645281.859
20220921,1848.0,1876.67,1883.0,1848.0,-30.0,-1.5974,20994.54,3904096.421
20220922,1820.81,1840.0,1841.02,1816.85,-27.19,-1.4713,22704.29,4147900.996
20220923,1834.43,1820.81,1855.0,1820.81,13.62,0.748,28287.69,5191904.76
20220926,1863.0,1820.0,1888.0,1819.98,28.57,1.5574,35134.92,6566771.227
20220927,1888.0,1868.86,1897.0,1851.11,25.0,1.3419,28820.19,5422668.135
20220928,1883.0,1880.5,1899.4,1874.01,-5.0,-0.2648,21445.97,4042506.33
20220929,1880.35,1897.98,1902.18,1871.13,-2.65,-0.1407,21589.66,4075515.187
20220930,1872.5,1898.62,1901.99,1866.0,-7.85,-0.4175,21289.08,4000917.951
20221010,1786.0,1890.0,1891.0,1780.2,-86.5,-4.6195,48584.13,8865386.496
20221011,1779.99,1789.0,1806.0,1760.0,-6.01,-0.3365,32047.19,5712249.507
20221012,1760.0,1773.66,1779.0,1708.0,-19.99,-1.123,48195.0,8372252.823
20221013,1699.99,1720.46,1735.0,1697.0,-60.01,-3.4097,63969.27,10919727.537
20221014,1737.61,1710.0,1755.0,1701.94,37.62,2.213,46519.7,8045032.623
20221017,1718.5,1726.0,1727.99,1697.8,-19.11,-1.0998,33549.51,5740146.639
20221018,1705.83,1725.0,1730.0,1701.0,-12.67,-0.7373,28082.77,4800689.502
20221019,1648.0,1701.98,1701.98,1648.0,-57.83,-3.3901,60120.93,9997656.284
20221020,1643.5,1621.0,1668.43,1611.0,-4.5,-0.2731,42778.07,7020555.512
20221021,1624.0,1640.0,1647.8,1610.0,-19.5,-1.1865,38907.4,6317945.876
20221024,1501.28,1570.0,1589.0,1488.01,-122.72,-7.5567,132098.04,20217576.174
20221025,1479.75,1479.42,1515.0,1472.0,-21.53,-1.4341,81361.56,12136909.034
20221026,1464.08,1488.8,1514.99,1460.0,-15.67,-1.059,81780.83,12120993.864
20221027,1401.0,1480.0,1487.98,1383.85,-63.08,-4.3085,107105.9,15258551.283
20221028,1360.0,1390.77,1406.0,1358.71,-41.0,-2.9265,93142.75,12823821.843
20221031,1350.0,1350.0,1382.01,1333.0,-10.0,-0.7353,71846.65,9758303.071
20221101,1462.01,1359.0,1469.4,1359.0,112.01,8.297,118766.48,16859775.304
20221102,1471.96,1460.0,1506.0,1436.0,9.95,0.6806,79777.15,11717204.099
20221103,1439.5,1443.57,1462.5,1428.1,-32.46,-2.2052,45159.7,6509550.787
20221104,1516.57,1437.96,1527.77,1437.96,77.07,5.3539,80007.95,11996968.945
20221107,1507.11,1494.05,1518.48,1486.59,-9.46,-0.6238,42698.35,6414049.133
20221108,1484.88,1508.0,1517.99,1468.96,-22.23,-1.475,39324.91,5842320.995
20221109,1459.9,1483.95,1488.88,1450.0,-24.98,-1.6823,36090.16,5276777.53
20221110,1475.0,1444.0,1485.0,1435.15,15.1,1.0343,37719.67,5518325.849
20221111,1528.15,1528.0,1544.45,1494.98,53.15,3.6034,73947.15,11252112.275
20221114,1533.0,1543.5,1563.53,1528.0,4.85,0.3174,57370.15,8858049.581
20221115,1588.0,1532.0,1598.97,1521.0,55.0,3.5877,56317.6,8858377.894
20221116,1585.25,1581.0,1598.0,1568.0,-2.75,-0.1732,26847.76,4250886.805
20221117,1567.0,1590.5,1596.3,1552.88,-18.25,-1.1512,30579.88,4793001.162
20221118,1567.13,1576.0,1584.0,1556.0,0.13,0.0083,23608.71,3703793.426
20221121,1519.98,1541.35,1541.35,1498.53,-47.15,-3.0087,39096.0,5917086.07
20221122,1539.95,1517.44,1559.74,1516.11,19.97,1.3138,29900.62,4582790.131
20221123,1549.0,1528.0,1557.0,1521.04,9.05,0.5877,22177.46,3428793.052
20221124,1519.99,1559.0,1568.88,1513.98,-29.01,-1.8728,27687.38,4241974.248
20221125,1522.01,1520.51,1532.0,1510.0,2.02,0.1329,18621.04,2833988.373
20221128,1509.88,1484.78,1515.0,1451.0,-12.13,-0.797,47723.21,7040991.068
20221129,1599.0,1569.56,1600.0,1551.0,89.12,5.9025,73420.13,11587859.176
20221130,1599.0,1587.12,1604.0,1585.0,0.0,0.0,31497.3,5019450.678
20221201,1630.8,1660.0,1680.0,1630.79,31.8,1.9887,51357.68,8480772.923
20221202,1633.88,1635.0,1652.99,1621.2,3.08,0.1889,23883.9,3910860.618
20221205,1664.9,1668.0,1679.0,1649.0,31.02,1.8985,36127.46,6018521.304
20221206,1688.0,1655.0,1726.9,1652.0,23.1,1.3875,44147.48,7477917.194
20221207,1684.0,1677.81,1720.0,1670.03,-4.0,-0.237,35526.26,6012253.045
20221208,1687.02,1682.0,1695.0,1665.0,3.02,0.1793,19729.56,3323420.877
20221209,1730.0,1692.0,1730.0,1682.0,42.98,2.5477,39215.26,6716944.493
20221212,1739.02,1715.86,1766.0,1715.0,9.02,0.5214,34755.17,6063957.619
20221213,1750.0,1737.0,1760.69,1730.0,10.98,0.6314,21385.46,3735089.152
20221214,1770.87,1743.0,1780.8,1743.0,20.87,1.1926,29098.4,5141262.368
20221215,1786.99,1805.0,1816.0,1780.0,16.12,0.9103,30634.44,5497063.39
20221216,1786.87,1773.25,1791.0,1743.0,-0.12,-0.0067,33302.66,5901587.128
20221219,1773.0,1798.8,1798.8,1760.17,-13.87,-0.7762,24987.1,4447236.356
20221220,1715.0,1765.33,1765.33,1682.45,-58.0,-3.2713,46198.4,7944120.661
20221221,1739.0,1724.0,1739.0,1717.65,24.0,1.3994,22816.14,3948926.227
20221222,1768.0,1756.7,1783.0,1745.0,29.0,1.6676,23175.34,4093861.57
20221223,1771.0,1752.4,1782.0,1745.0,3.0,0.1697,17319.21,3063608.409
20221226,1742.06,1771.0,1771.0,1735.02,-28.94,-1.6341,21383.8,3749121.03
20221227,1733.0,1738.0,1747.15,1725.5,12.85,0.747,17905.05,3109270.166
20221228,1733.0,1745.88,1747.0,1708.01,0.0,0.0,21437.9,3699948.995
20221229,1719.0,1717.0,1726.99,1701.05,-14.0,-0.8078,22417.8,3844499.655
20221230,1727.0,1736.0,1752.99,1727.0,8.0,0.4654,25333.12,4409544.297
20230103,1730.01,1731.2,1738.43,1706.01,3.01,0.1743,26033.8,4487760.231
20230104,1725.01,1730.0,1738.7,1716.0,-5.0,-0.289,20415.75,3523582.306
20230105,1801.0,1737.0,1801.0,1733.0,75.99,4.4052,47942.85,8541587.089
20230106,1803.77,1806.12,1811.9,1787.0,2.77,0.1538,24903.75,4480838.898
20230109,1841.2,1835.0,1849.98,1807.82,37.43,2.0751,30977.23,5684181.147
20230110,1854.45,1839.06,1864.5,1830.5,13.25,0.7196,22731.73,4204783.734
20230111,1844.95,1856.0,1860.0,1836.84,-9.5,-0.5123,22720.31,4201487.773
20230112,1834.0,1848.0,1856.0,1833.0,-10.95,-0.5935,17193.17,3162637.136
20230113,1887.0,1844.18,1888.0,1840.0,53.0,2.8899,31939.65,5969876.222
20230116,1912.9,1886.0,1935.0,1881.0,25.9,1.3725,36848.26,7059982.64
20230117,1908.0,1913.16,1923.0,1895.0,-4.9,-0.2562,21299.23,4068321.409
20230118,1893.0,1914.0,1925.3,1890.0,-15.0,-0.7862,21062.93,4008665.438
20230119,1880.21,1892.5,1892.52,1866.0,-12.79,-0.6756,23438.89,4401994.437
20230120,1860.01,1889.19,1898.25,1858.0,-20.2,-1.0743,25608.75,4807356.071
20230130,1888.0,1909.0,1909.0,1880.0,27.99,1.5048,35922.55,6799756.571
20230131,1845.76,1896.5,1899.95,1833.07,-42.24,-2.2373,32990.68,6128311.548
20230201,1844.97,1854.98,1859.0,1811.4,-0.79,-0.0428,33973.89,6244678.925
20230202,1836.11,1848.38,1859.0,1826.0,-8.86,-0.4802,29758.86,5465509.51
20230203,1818.0,1820.0,1826.0,1795.68,-18.11,-0.9863,34944.9,6324635.031
20230206,1795.0,1780.0,1795.0,1760.0,-23.0,-1.2651,42660.95,7595739.044
20230207,1797.0,1808.08,1808.8,1787.73,2.0,0.1114,24321.71,4373671.735
20230208,1784.0,1800.01,1805.97,1775.0,-13.0,-0.7234,16675.77,2980574.806
20230209,1818.0,1778.0,1829.75,1775.01,34.0,1.9058,29753.66,5401399.088
20230210,1810.0,1810.1,1818.49,1801.05,-8.0,-0.44,17984.51,3253859.317
20230213,1856.35,1810.0,1874.5,1810.0,46.35,2.5608,38146.7,7058382.498
20230214,1843.79,1856.46,1857.4,1835.0,-12.56,-0.6766,19565.76,3601769.574
20230215,1841.0,1843.78,1855.3,1835.81,-2.79,-0.1513,18176.91,3351422.211
20230216,1861.82,1841.34,1887.0,1828.0,20.82,1.1309,33245.95,6196915.13
20230217,1820.78,1850.16,1873.0,1820.05,-41.04,-2.2043,26442.83,4880328.952
20230220,1875.0,1821.0,1878.8,1817.2,54.22,2.9778,29668.69,5488800.056
20230221,1867.0,1874.0,1874.0,1851.0,-8.0,-0.4267,18750.52,3491633.51
20230222,1836.0,1855.01,1863.9,1831.8,-31.0,-1.6604,21869.16,4031016.045
20230223,1818.0,1840.0,1848.8,1805.25,-18.0,-0.9804,21880.97,3983991.208
20230224,1788.0,1810.11,1810.19,1782.18,-30.0,-1.6502,24634.61,4415621.498
20230227,1810.41,1778.5,1815.0,1775.02,22.41,1.2534,22064.89,3978128.676
20230228,1813.74,1819.0,1822.01,1783.3,3.33,0.1839,23951.81,4314877.096
20230301,1838.53,1813.0,1848.0,1803.23,24.79,1.3668,24458.1,4475592.195
20230302,1828.0,1829.0,1838.99,1821.1,-10.53,-0.5727,13144.19,2405292.304
20230303,1818.04,1839.77,1841.61,1802.48,-9.96,-0.5449,16198.06,2946842.659
20230306,1807.14,1818.18,1818.5,1796.77,-10.9,-0.5995,20645.86,3730079.522
20230307,1788.3,1805.98,1816.6,1788.0,-18.84,-1.0425,22785.39,4101302.456
20230308,1770.42,1780.02,1785.94,1761.12,-17.88,-0.9998,22763.7,4035787.172
20230309,1770.02,1768.0,1785.0,1740.0,-0.4,-0.0226,27611.5,4881442.71
20230310,1750.0,1751.57,1781.0,1750.0,-20.02,-1.1311,21160.82,3725139.075
20230313,1762.0,1751.0,1775.0,1749.0,12.0,0.6857,20560.43,3626476.291
20230314,1766.0,1763.78,1779.88,1738.5,4.0,0.227,23704.92,4177289.027
20230315,1750.92,1778.37,1784.88,1750.12,-15.08,-0.8539,19212.53,3392698.49
20230316,1751.99,1740.0,1770.0,1739.01,1.07,0.0611,17646.24,3096791.142
20230317,1742.0,1770.0,1775.89,1736.0,-9.99,-0.5702,27022.91,4744249.369
20230320,1729.6,1751.0,1755.0,1728.0,-12.4,-0.7118,20490.93,3557872.017
20230321,1775.0,1735.0,1785.85,1723.97,45.4,2.6249,31141.82,5491052.284
20230322,1773.35,1780.0,1793.0,1765.55,-1.65,-0.093,15330.26,2727648.674
20230323,1774.86,1766.0,1791.11,1765.01,1.51,0.0851,17355.66,3082821.551
20230324,1778.62,1769.08,1783.6,1766.0,3.76,0.2118,12769.96,2269649.179
20230327,1767.79,1778.6,1778.6,1756.0,-10.83,-0.6089,15295.55,2700755.933
20230328,1781.8,1770.0,1790.0,1765.02,14.01,0.7925,17261.35,3073113.077
20230329,1790.0,1799.0,1800.0,1785.07,8.2,0.4602,15392.99,2761909.333
20230330,1800.0,1793.0,1805.0,1779.0,10.0,0.5587,19257.01,3453573.052
20230331,1820.0,1825.0,1848.0,1819.0,20.0,1.1111,27446.33,5024790.356
20230403,1802.07,1825.0,1827.77,1800.08,-17.93,-0.9852,21417.43,3875811.673
20230404,1814.59,1812.0,1815.17,1787.0,12.52,0.6948,20066.26,3614275.263
20230406,1796.96,1805.0,1815.9,1788.22,-17.63,-0.9716,14874.22,2676251.956
20230407,1790.99,1795.0,1806.01,1788.34,-5.97,-0.3322,13524.68,2428160.574
20230410,1771.7,1790.88,1790.88,1744.0,-19.29,-1.0771,29418.22,5171150.567
20230411,1745.5,1793.0,1793.0,1744.0,-26.2,-1.4788,29209.19,5138854.627
20230412,1694.1,1747.26,1750.0,1692.82,-51.4,-2.9447,51104.92,8732657.376
20230413,1723.0,1690.0,1723.59,1684.01,28.9,1.7059,29542.68,5049310.126
20230414,1713.42,1726.0,1733.0,1704.8,-9.58,-0.556,21231.62,3646526.766
20230417,1753.0,1740.0,1753.0,1728.0,39.58,2.31,30467.23,5303401.395
20230418,1758.0,1753.0,1769.0,1746.02,5.0,0.2852,18313.89,3220107.647
20230419,1759.0,1762.0,1765.5,1750.0,1.0,0.0569,14600.56,2568632.845
20230420,1741.88,1760.11,1765.0,1729.0,-17.12,-0.9733,19885.37,3468366.835
20230421,1725.47,1746.0,1748.08,1721.28,-16.41,-0.9421,18517.87,3210937.222
20230424,1705.0,1721.0,1722.0,1701.0,-20.47,-1.1863,20230.91,3456728.718
20230425,1730.38,1706.0,1735.98,1702.0,25.38,1.4886,20582.51,3534989.917
20230426,1743.91,1744.0,1761.0,1720.0,13.53,0.7819,27891.6,4861477.657
20230427,1757.92,1748.0,1770.0,1730.0,14.01,0.8034,25605.04,4489906.864
20230428,1760.52,1763.01,1782.77,1753.97,2.6,0.1479,26224.64,4636084.177
20230504,1749.9,1769.0,1777.67,1736.0,-10.62,-0.6032,27466.42,4818999.65
20230505,1750.0,1766.0,1766.0,1736.39,0.1,0.0057,20714.21,3621305.973
20230508,1720.52,1768.32,1769.0,1717.17,-29.48,-1.6846,33171.26,5742915.994
20230509,1722.0,1715.0,1739.98,1707.07,1.48,0.086,29377.96,5057346.564
20230510,1725.0,1715.19,1736.0,1715.0,3.0,0.1742,20772.6,3588550.877
20230511,1717.07,1731.0,1735.0,1715.0,-7.93,-0.4597,15246.12,2623835.905
20230512,1706.4,1715.0,1729.88,1705.01,-10.67,-0.6214,19460.45,3335038.59
20230515,1716.3,1702.0,1717.0,1691.2,9.9,0.5802,25740.18,4384647.977
20230516,1703.29,1713.99,1719.99,1697.0,-13.01,-0.758,22223.77,3785811.907
20230517,1701.0,1708.0,1713.0,1699.01,-2.29,-0.1344,16776.91,2858697.942
20230518,1691.0,1704.99,1705.4,1690.0,-10.0,-0.5879,19219.28,3260170.684
20230519,1699.5,1671.0,1704.33,1655.55,8.5,0.5027,26741.16,4504022.549
20230522,1746.0,1690.01,1752.0,1690.0,46.5,2.7361,41284.32,7165754.129
20230523,1724.55,1753.99,1754.0,1724.55,-21.45,-1.2285,16894.21,2934118.394
20230524,1710.9,1732.33,1733.55,1710.11,-13.65,-0.7915,18479.27,3182416.491
20230525,1701.0,1705.99,1710.0,1690.0,-9.9,-0.5786,22465.6,3814504.093
20230526,1690.56,1702.0,1705.0,1675.01,-10.44,-0.6138,18291.1,3090691.546
20230529,1689.0,1697.0,1698.35,1678.0,-1.56,-0.0923,17771.41,2998147.159
20230530,1668.29,1689.0,1698.89,1658.56,-20.71,-1.2262,26453.4,4424706.688
20230531,1628.9,1661.01,1665.72,1626.67,-39.39,-2.3611,36956.97,6053737.281
20230601,1635.92,1618.0,1674.99,1618.0,7.02,0.431,28645.25,4708722.933
20230602,1670.6,1645.0,1673.15,1636.11,34.68,2.1199,25058.02,4163116.244
20230605,1665.0,1666.16,1682.88,1663.0,-5.6,-0.3352,16200.5,2704294.313
20230606,1666.99,1670.0,1684.0,1651.55,1.99,0.1195,19913.92,3326778.183
20230607,1650.9,1672.99,1678.8,1650.0,-16.09,-0.9652,17889.64,2971782.064
20230608,1668.0,1655.83,1675.0,1650.01,17.1,1.0358,14702.72,2441569.677
20230609,1666.0,1671.99,1677.97,1666.0,-2.0,-0.1199,17580.41,2938014.322
20230612,1696.0,1666.02,1708.0,1661.52,30.0,1.8007,27029.44,4562308.599
20230613,1699.0,1693.88,1704.61,1685.0,3.0,0.1769,14662.54,2485398.902
20230614,1726.88,1719.0,1734.24,1706.21,27.88,1.641,31505.8,5438040.356
20230615,1755.0,1730.34,1755.65,1723.0,28.12,1.6284,25222.57,4395900.802
20230616,1797.69,1757.0,1800.0,1750.1,42.69,2.4325,37917.89,6742301.361
20230619,1744.0,1790.0,1797.95,1738.0,-53.69,-2.9866,31699.92,5584248.725
20230620,1743.46,1740.0,1765.0,1735.0,-0.54,-0.031,20946.74,3659824.529
20230621,1735.83,1740.0,1756.6,1735.0,-7.63,-0.4376,17720.61,3088635.934
20230626,1709.0,1720.11,1730.0,1695.0,-26.83,-1.5457,23992.68,4098619.51
20230627,1711.05,1709.99,1719.7,1700.09,2.05,0.12,15174.46,2598138.744
20230628,1728.38,1713.18,1734.0,1711.0,17.33,1.0128,18573.56,3199294.221
20230629,1713.71,1731.0,1734.99,1713.01,-14.67,-0.8488,14231.16,2446524.134
20230630,1691.0,1700.0,1708.99,1686.48,3.2,0.1896,20458.69,3472586.73
20230703,1724.1,1699.0,1725.28,1692.0,33.1,1.9574,19139.09,3286737.792
20230704,1730.6,1724.2,1734.44,1718.08,6.5,0.377,12472.38,2155553.635
20230705,1715.38,1730.0,1731.97,1700.0,-15.22,-0.8795,14745.39,2523960.725
20230706,1702.98,1709.16,1733.0,1700.0,-12.4,-0.7229,15140.62,2589459.002
20230707,1690.03,1701.0,1708.99,1690.0,-12.95,-0.7604,15167.42,2571458.553
20230710,1700.9,1705.0,1714.96,1700.0,10.87,0.6432,13477.41,2298241.728
20230711,1710.0,1710.0,1715.17,1702.1,9.1,0.535,12582.7,2151079.27
20230712,1713.8,1713.04,1723.0,1711.33,3.8,0.2222,13284.67,2280785.351
20230713,1738.4,1721.99,1745.41,1719.01,24.6,1.4354,25806.54,4479772.5
20230714,1753.0,1756.0,1758.5,1741.2,14.6,0.8399,18550.3,3245530.255
20230717,1729.97,1751.0,1751.0,1726.6,-23.03,-1.3137,14336.48,2482069.846
20230718,1722.8,1733.58,1734.51,1721.0,-7.17,-0.4145,14737.65,2544005.063
20230719,1723.0,1715.01,1728.0,1713.8,0.2,0.0116,12483.22,2147704.435
20230720,1724.0,1727.99,1748.98,1722.0,1.0,0.058,16692.65,2897176.49
20230721,1771.3,1731.88,1772.5,1726.0,47.3,2.7436,39377.4,6931535.726
20230724,1771.15,1750.52,1771.15,1750.52,-0.15,-0.0085,19713.37,3476648.177
20230725,1828.55,1800.0,1828.88,1799.99,57.4,3.2408,43086.46,7837450.019
20230726,1828.55,1828.55,1835.99,1815.08,0.0,0.0,19611.45,3580171.484
20230727,1838.03,1836.0,1854.79,1828.7,9.48,0.5184,20340.43,3749635.29
20230728,1897.0,1832.0,1900.0,1828.01,58.97,3.2083,39017.92,7330314.112
20230731,1880.58,1908.0,1935.0,1874.0,-16.42,-0.8656,45378.61,8615279.839
20230801,1889.0,1878.01,1906.95,1877.89,8.42,0.4477,19230.62,3635857.283
20230802,1880.0,1883.4,1890.0,1866.8,-9.0,-0.4764,18508.72,3478674.239
20230803,1878.47,1870.0,1890.0,1850.5,-1.53,-0.0814,21543.47,4031087.705
20230804,1893.47,1887.82,1906.52,1882.0,15.0,0.7985,24573.64,4655813.751
20230807,1887.93,1880.95,1898.0,1871.03,-5.54,-0.2926,23892.45,4491893.14
20230808,1890.0,1880.03,1893.71,1864.08,2.07,0.1096,17736.18,3333559.505
20230809,1890.28,1890.0,1905.0,1882.96,0.28,0.0148,18523.46,3506306.394
20230810,1875.0,1882.0,1889.0,1862.3,-15.28,-0.8083,18436.19,3454219.14
20230811,1834.0,1885.0,1885.4,1833.88,-41.0,-2.1867,26786.49,4959166.751
20230814,1803.0,1810.0,1824.98,1796.0,-31.0,-1.6903,23731.19,4285362.053
20230815,1812.98,1809.0,1818.0,1801.01,9.98,0.5535,14817.99,2682125.119
20230816,1820.0,1807.58,1823.35,1806.0,7.02,0.3872,13184.31,2396261.791
20230817,1828.05,1806.08,1834.0,1801.55,8.05,0.4423,17290.37,3141408.018
20230818,1802.59,1831.99,1834.99,1802.59,-25.46,-1.3927,17023.34,3084761.577
20230821,1791.0,1793.0,1813.99,1790.07,-11.59,-0.643,18911.81,3405415.645
20230822,1788.0,1800.99,1802.56,1771.02,-3.0,-0.1675,26650.36,4763131.152
20230823,1774.0,1797.0,1800.0,1770.08,-14.0,-0.783,19912.22,3556178.584
20230824,1816.3,1779.62,1828.0,1775.0,42.3,2.3844,26055.09,4703417.6
20230825,1824.98,1808.79,1837.77,1806.01,8.68,0.4779,18830.86,3433296.756
20230828,1834.97,1898.58,1898.58,1831.88,9.99,0.5474,41052.13,7633221.012
20230829,1851.33,1828.0,1869.08,1828.0,16.36,0.8916,28950.28,5371260.173
20230830,1856.0,1867.9,1868.0,1843.66,4.67,0.2523,19811.81,3672570.26
20230831,1847.0,1860.0,1860.0,1841.01,-9.0,-0.4849,14820.22,2738445.519
20230901,1851.05,1852.83,1865.47,1846.03,4.05,0.2193,13145.19,2438622.738
20230904,1866.0,1862.6,1879.94,1853.53,14.95,0.8076,23871.0,4453823.216
20230905,1858.7,1868.0,1868.0,1856.8,-7.3,-0.3912,15658.74,2915625.961
20230906,1861.0,1858.0,1866.66,1849.01,2.3,0.1237,11121.43,2067605.99
20230907,1838.0,1852.6,1856.89,1831.19,-23.0,-1.2359,16981.57,3128587.116
20230908,1818.5,1834.94,1834.94,1814.95,-19.5,-1.0609,12211.78,2224338.144
20230911,1822.17,1808.0,1840.0,1808.0,3.67,0.2018,15926.0,2902617.736
20230912,1819.96,1826.6,1826.98,1816.02,-2.21,-0.1213,12168.01,2214514.112
20230913,1819.91,1829.92,1829.92,1800.05,-0.05,-0.0027,19501.43,3540583.633
20230914,1818.69,1822.53,1826.98,1806.0,-1.22,-0.067,17504.59,3180447.848
20230915,1781.99,1819.0,1819.78,1781.3,-36.7,-2.0179,28431.46,5105749.077
20230918,1829.2,1776.31,1829.5,1773.0,47.21,2.6493,32558.92,5905121.0
20230919,1826.94,1822.2,1829.0,1808.0,-2.26,-0.1236,14989.5,2727858.953
20230920,1824.0,1822.0,1830.0,1818.05,-2.94,-0.1609,12501.78,2281583.949
20230921,1798.39,1818.01,1822.0,1798.39,-25.61,-1.4041,19489.19,3521486.755
20230922,1849.0,1805.63,1849.96,1792.41,50.61,2.8142,34390.46,6287832.575
20230925,1832.38,1847.5,1848.0,1826.59,-16.62,-0.8989,13979.13,2565773.541
20230926,1816.0,1828.0,1834.88,1813.1,-16.38,-0.8939,15761.96,2870852.363
20230927,1814.0,1815.0,1833.5,1802.8,-2.0,-0.1101,20879.94,3791876.119
20230928,1798.55,1824.98,1824.98,1797.8,-15.45,-0.8517,20537.84,3704812.96
20231009,1777.0,1796.94,1796.94,1764.9,-21.55,-1.1982,29762.68,5279950.406
20231010,1770.0,1782.89,1798.98,1768.0,-7.0,-0.3939,20283.92,3615557.182
20231011,1778.5,1784.65,1784.65,1768.0,8.5,0.4802,21944.86,3896568.648
20231012,1786.0,1797.9,1798.23,1777.2,7.5,0.4217,14865.07,2657095.942
20231013,1751.0,1770.88,1778.01,1738.19,-35.0,-1.9597,25027.88,4387687.934
20231016,1729.9,1750.98,1756.0,1722.45,-21.1,-1.205,20789.65,3603604.61
20231017,1726.0,1739.0,1739.44,1716.0,-3.9,-0.2254,14945.23,2577312.288
20231018,1728.0,1718.8,1742.0,1717.18,2.0,0.1159,20317.5,3511987.514
20231019,1630.0,1700.0,1700.03,1626.03,-98.0,-5.6713,73492.37,12146921.769
20231020,1645.0,1630.0,1655.0,1616.25,15.0,0.9202,45376.01,7421390.806
20231023,1643.98,1629.97,1660.0,1621.6,-1.02,-0.062,25234.23,4138279.588
20231024,1642.95,1648.0,1653.36,1621.21,-1.03,-0.0627,29861.46,4894807.617
20231025,1677.5,1670.11,1698.0,1667.02,34.55,2.1029,36178.98,6075417.064
20231026,1672.23,1667.0,1688.0,1662.01,-5.27,-0.3142,22386.35,3741418.874
20231027,1676.71,1664.0,1691.88,1660.6,4.48,0.2679,34262.39,5754795.486
20231030,1681.0,1669.0,1688.88,1669.0,4.29,0.2559,24086.42,4050573.178
20231031,1684.58,1680.0,1690.0,1667.85,3.58,0.213,19858.77,3335804.699
20231101,1780.99,1850.0,1850.0,1773.79,96.41,5.7231,93143.08,16747292.689
20231102,1779.5,1795.0,1795.0,1776.06,-1.49,-0.0837,27907.64,4982090.753
20231103,1811.24,1780.0,1814.89,1774.0,31.74,1.7836,30176.0,5433116.881
20231106,1812.0,1820.0,1823.79,1801.12,0.76,0.042,25523.92,4624102.375
20231107,1791.17,1805.0,1810.0,1784.08,-20.83,-1.1496,19581.59,3511590.028
20231108,1798.34,1784.05,1803.8,1782.87,7.17,0.4003,14545.67,2610041.959
20231109,1794.11,1790.11,1799.0,1783.0,-4.23,-0.2352,12800.48,2291996.819
20231110,1775.84,1780.55,1788.0,1773.1,-18.27,-1.0183,16465.57,2928380.668
20231113,1764.0,1772.28,1784.88,1756.98,-11.84,-0.6667,18369.95,3244573.621
20231114,1765.27,1764.0,1774.99,1760.01,1.27,0.072,12816.75,2263963.957
20231115,1772.93,1779.0,1782.89,1767.0,7.66,0.4339,18434.86,3271230.275
20231116,1760.05,1774.0,1776.0,1760.05,-12.88,-0.7265,12557.57,2215937.273
20231117,1753.42,1752.0,1759.0,1737.9,-6.63,-0.3767,21713.63,3793781.119
20231120,1762.5,1755.0,1769.5,1736.66,9.08,0.5178,18608.04,3265514.01
20231121,1790.0,1783.42,1798.0,1770.1,27.5,1.5603,30098.45,5383107.81
20231122,1781.51,1783.3,1794.35,1780.54,-8.49,-0.4743,12664.57,2263460.167
20231123,1786.0,1778.3,1788.0,1771.0,4.49,0.252,11549.64,2055272.193
20231124,1777.0,1789.0,1789.0,1775.0,-9.0,-0.5039,13085.4,2329345.658
20231127,1763.0,1773.3,1773.3,1755.0,-14.0,-0.7878,16260.74,2865075.217
20231128,1769.04,1761.0,1773.88,1758.0,6.04,0.3426,14519.76,2562905.659
20231129,1774.71,1768.0,1776.0,1758.0,5.67,0.3205,17149.33,3034175.614
20231130,1791.5,1776.72,1794.76,1771.08,16.79,0.9461,21353.42,3817513.545
20231201,1760.28,1789.31,1789.7,1748.0,-31.22,-1.7427,33051.31,5830850.111
20231204,1750.71,1760.28,1761.83,1745.28,-9.57,-0.5437,18440.47,3233102.118
20231205,1709.0,1748.78,1748.88,1708.02,-41.71,-2.3825,29903.01,5168983.317
20231206,1703.0,1702.63,1719.47,1701.13,-6.0,-0.3511,23851.29,4078003.022
20231207,1700.0,1704.0,1709.08,1687.3,-3.0,-0.1762,25041.5,4249170.906
20231208,1704.92,1700.0,1708.84,1692.22,4.92,0.2894,26288.01,4474160.126
20231211,1698.0,1690.0,1704.0,1657.0,-6.92,-0.4059,36830.98,6172810.248
20231212,1709.99,1687.6,1709.99,1684.0,11.99,0.7061,21010.66,3564305.866
20231213,1660.0,1705.22,1705.72,1657.08,-49.99,-2.9234,38788.7,6480807.5
20231214,1635.9,1665.96,1669.87,1635.02,-24.1,-1.4518,40672.15,6703240.107
20231215,1645.0,1648.23,1677.77,1644.01,9.1,0.5563,37092.51,6140791.726
20231218,1662.0,1640.0,1663.33,1635.0,17.0,1.0334,19897.34,3292194.757
20231219,1675.0,1665.0,1679.87,1645.09,13.0,0.7822,22206.76,3706057.587
20231220,1649.79,1658.0,1660.0,1643.0,-6.1,-0.3684,23092.03,3816133.219
20231221,1670.0,1640.01,1672.32,1640.01,20.21,1.225,29011.68,4827827.888
20231222,1670.65,1669.7,1679.1,1658.01,0.65,0.0389,21666.84,3613238.325
20231225,1672.0,1671.0,1678.6,1668.0,1.35,0.0808,12471.06,2086014.39
20231226,1670.0,1672.5,1674.9,1657.5,-2.0,-0.1196,14771.26,2457177.339
20231227,1667.06,1668.0,1677.15,1661.0,-2.94,-0.176,16055.5,2679221.365
20231228,1724.99,1670.99,1727.99,1667.06,57.93,3.475,38338.06,6537401.38
20231229,1726.0,1720.0,1749.58,1720.0,1.01,0.0586,27538.68,4768857.531
20240102,1685.01,1715.0,1718.19,1678.1,-40.99,-2.3749,32156.44,5440082.548
20240103,1694.0,1681.11,1695.22,1676.33,8.99,0.5335,20229.29,3411400.667
20240104,1669.0,1693.0,1693.0,1662.93,-25.0,-1.4758,21551.07,3603970.147
20240105,1663.36,1661.33,1678.66,1652.11,-5.64,-0.3379,20242.86,3373155.627
20240108,1643.99,1661.0,1662.0,1640.01,-19.37,-1.1645,25586.2,4211918.629
20240109,1641.0,1641.01,1652.32,1635.07,-2.99,-0.1819,24412.04,4009826.496
20240110,1641.5,1641.1,1659.46,1638.0,0.5,0.0305,17350.67,2856120.718
20240111,1646.57,1640.1,1657.94,1638.06,5.07,0.3089,16440.55,2708764.5
20240112,1643.06,1639.97,1651.26,1639.4,-3.51,-0.2132,11603.24,1908084.612
20240115,1640.0,1635.0,1654.97,1634.45,-3.06,-0.1862,17854.03,2931202.343
20240116,1639.43,1638.5,1647.0,1624.94,-0.57,-0.0348,25903.14,4236042.96
20240117,1577.0,1630.0,1635.48,1577.0,-62.43,-3.808,51632.76,8251735.591
20240118,1610.87,1574.0,1612.8,1555.55,33.87,2.1477,60439.81,9566349.514
20240119,1635.0,1608.87,1638.01,1600.88,24.13,1.4979,46378.43,7550144.389
20240122,1642.0,1629.0,1643.0,1618.88,7.0,0.4281,46945.89,7678297.836
20240123,1619.0,1632.01,1639.95,1609.0,-23.0,-1.4007,34834.9,5659457.115
20240124,1626.0,1629.0,1633.84,1603.56,7.0,0.4324,33216.35,5373603.703
20240125,1638.0,1626.82,1641.0,1622.0,12.0,0.738,31205.8,5094508.165
20240126,1637.32,1630.36,1644.1,1623.0,-0.68,-0.0415,26954.75,4402111.882
20240129,1650.0,1640.3,1660.58,1640.29,12.68,0.7744,31420.68,5189014.946
20240130,1613.0,1649.98,1649.98,1610.0,-37.0,-2.2424,30866.33,5010784.454
20240131,1604.91,1613.0,1619.97,1598.13,-8.09,-0.5015,29649.12,4770104.891
20240201,1610.03,1605.5,1623.89,1601.0,5.12,0.319,26485.15,4272298.576
20240202,1596.0,1615.0,1627.78,1581.0,-14.03,-0.8714,39382.02,6336691.194
20240205,1630.01,1596.0,1637.44,1595.25,34.01,2.131,53130.36,8590683.071
20240206,1676.0,1630.01,1685.48,1626.1,45.99,2.8215,52472.04,8740646.588
20240207,1710.99,1681.03,1714.59,1661.61,34.99,2.0877,52601.07,8899606.867
20240208,1706.0,1720.01,1725.0,1685.0,-4.99,-0.2916,46756.54,7953438.044
20240219,1695.43,1737.87,1737.93,1688.0,-10.57,-0.6196,36977.44,6288277.98
20240220,1670.0,1697.36,1697.36,1656.56,-25.43,-1.4999,34470.07,5755266.893
20240221,1717.66,1666.02,1731.0,1662.0,47.66,2.8539,46154.07,7868784.082
20240222,1718.38,1707.5,1723.01,1700.53,0.72,0.0419,22793.61,3905984.695
20240223,1714.09,1711.11,1724.38,1700.02,-4.29,-0.2497,27305.89,4670706.95
20240226,1694.98,1708.0,1708.74,1685.02,-19.11,-1.1149,27318.32,4625594.409
20240227,1689.5,1683.0,1692.92,1678.0,-5.48,-0.3233,22079.85,3718478.358
20240228,1681.55,1688.92,1696.57,1674.01,-7.95,-0.4706,31867.31,5371312.847
20240229,1695.0,1681.55,1696.5,1679.2,13.45,0.7999,24758.33,4184917.973
20240301,1685.06,1690.0,1694.97,1676.68,-9.94,-0.5864,26867.96,4526845.398
20240304,1676.3,1679.0,1680.99,1670.05,-8.76,-0.5199,26484.77,4434401.015
20240305,1695.1,1670.81,1697.0,1666.68,18.8,1.1215,36238.37,6102136.582
20240306,1680.55,1691.0,1695.0,1678.02,-14.55,-0.8584,22142.48,3725582.802
20240307,1683.63,1680.0,1689.8,1678.0,3.08,0.1833,21599.12,3633934.774
20240308,1671.43,1680.56,1686.68,1670.05,-12.2,-0.7246,22156.23,3710678.522
20240311,1694.49,1675.0,1698.88,1673.18,23.06,1.3797,29895.09,5048394.347
20240312,1745.0,1693.94,1749.1,1690.5,50.51,2.9808,54226.54,9393309.052
20240313,1727.45,1739.97,1748.0,1720.1,-17.55,-1.0057,26499.54,4588879.42
20240314,1716.63,1719.0,1734.84,1711.5,-10.82,-0.6264,19404.79,3338768.308
20240315,1717.49,1712.5,1732.4,1712.0,0.86,0.0501,17833.58,3066692.399
20240318,1708.26,1715.0,1719.85,1699.0,-9.23,-0.5374,26055.01,4446059.13
20240319,1708.02,1703.0,1719.94,1693.11,-0.24,-0.014,23947.53,4093701.261
20240320,1709.6,1703.36,1713.68,1700.23,1.58,0.0925,15249.25,2604543.856
20240321,1709.0,1708.1,1719.0,1704.5,-0.6,-0.0351,16595.97,2839332.631
20240322,1701.35,1705.03,1708.99,1688.0,-7.65,-0.4476,25456.14,4318592.818
20240325,1689.01,1698.54,1698.77,1680.58,-12.34,-0.7253,24472.85,4131446.237
20240326,1709.29,1687.46,1712.8,1687.46,20.28,1.2007,28069.07,4782899.074
20240327,1701.0,1705.0,1712.0,1699.0,-8.29,-0.485,18112.58,3087792.98
20240328,1701.64,1695.0,1718.0,1693.2,0.64,0.0376,24642.18,4201857.059
20240329,1702.9,1701.64,1710.99,1698.1,1.26,0.074,13456.55,2290584.417
20240401,1721.33,1709.99,1734.0,1708.7,18.43,1.0823,27131.37,4679371.035
20240402,1713.99,1722.0,1724.99,1705.05,-7.34,-0.4264,25449.25,4360973.684
20240403,1715.11,1734.0,1739.44,1710.02,1.12,0.0653,29045.8,5002390.042
20240408,1666.66,1695.0,1696.0,1662.6,-48.45,-2.8249,59166.59,9907355.766
20240409,1662.22,1660.67,1673.0,1658.45,-4.44,-0.2664,25589.82,4256226.333
20240410,1647.98,1662.27,1664.99,1645.0,-14.24,-0.8567,27630.5,4562853.88
20240411,1648.0,1640.11,1650.0,1634.69,0.02,0.0012,22766.24,3736417.595
20240412,1634.03,1651.0,1664.0,1634.03,-13.97,-0.8477,26744.33,4403968.129
20240415,1672.98,1635.01,1675.61,1634.98,38.95,2.3837,35817.71,5960815.532
20240416,1670.0,1665.49,1679.56,1659.0,-2.98,-0.1781,26266.23,4382796.962
20240417,1667.0,1668.0,1675.2,1658.0,-3.0,-0.1796,24819.11,4130322.018
20240418,1670.78,1659.01,1682.98,1658.18,3.78,0.2268,26568.41,4445487.745
20240419,1646.64,1660.78,1668.5,1641.28,-24.14,-1.4448,23499.92,3879233.242
20240422,1675.06,1654.0,1678.88,1645.0,28.42,1.7259,29951.39,5001684.635
20240423,1692.28,1675.0,1695.0,1675.0,17.22,1.028,24979.95,4217855.279
20240424,1693.6,1696.98,1699.91,1683.33,1.32,0.078,17086.43,2893555.635
20240425,1693.04,1690.33,1695.6,1682.25,-0.56,-0.0331,14476.48,2447183.879
20240426,1709.43,1694.0,1714.0,1693.98,16.39,0.9681,30995.92,5290248.521
20240429,1704.0,1696.95,1728.0,1693.82,-5.43,-0.3176,41332.23,7072096.59
20240430,1705.0,1705.01,1729.88,1705.0,1.0,0.0587,30759.89,5273902.374
20240506,1760.2,1733.97,1765.0,1727.0,55.2,3.2375,59909.49,10504351.712
20240507,1770.0,1765.79,1777.8,1756.68,9.8,0.5568,24924.52,4413196.426
20240508,1763.97,1769.69,1769.97,1755.67,-6.03,-0.3407,14769.09,2603293.863
20240509,1756.0,1758.0,1764.98,1750.0,-7.97,-0.4518,22387.34,3929804.849
20240510,1738.98,1761.1,1767.88,1733.99,-17.02,-0.9692,26206.61,4571398.242
20240513,1706.0,1732.02,1732.66,1701.22,-32.98,-1.8965,37662.12,6435415.674
20240514,1701.98,1705.99,1713.27,1700.01,-4.02,-0.2356,21274.17,3623282.672
20240515,1700.0,1702.58,1708.0,1698.59,-1.98,-0.1163,15738.76,2677203.002
20240516,1704.5,1705.0,1709.88,1690.0,4.5,0.2647,29679.54,5048754.769
20240517,1715.0,1700.01,1716.58,1700.0,10.5,0.616,28923.88,4936920.634
20240520,1709.0,1717.99,1732.99,1708.11,-6.0,-0.3499,31425.72,5401389.335
20240521,1705.0,1708.0,1709.73,1698.16,-4.0,-0.2341,16293.39,2776847.499
20240522,1697.71,1703.0,1709.96,1691.0,-7.29,-0.4276,20285.68,3443977.767
20240523,1692.01,1700.0,1706.38,1690.08,-5.7,-0.3357,18884.97,3199923.32
20240524,1677.08,1693.0,1695.0,1677.0,-14.93,-0.8824,20216.63,3401323.915
20240527,1670.12,1678.0,1687.45,1668.01,-6.96,-0.415,25097.91,4199001.866
20240528,1664.64,1670.4,1675.17,1663.0,-5.48,-0.3281,23520.87,3923020.375
20240529,1674.0,1666.0,1680.0,1665.0,9.36,0.5623,19651.28,3289173.345
20240530,1649.0,1675.0,1675.38,1649.0,-25.0,-1.4934,32207.92,5333306.808
20240531,1648.45,1650.5,1663.5,1648.45,-0.55,-0.0334,21856.65,3617654.788
