trade_date,close,open,high,low,change,pct_chg,vol,amount
20110105,4.19,4.22,4.24,4.17,-0.05,-1.18,671859.71,282113.467
20110106,4.16,4.18,4.21,4.15,-0.03,-0.72,575097.95,240061.289
20110107,4.3,4.17,4.3,4.13,0.14,3.37,1913270.64,812543.351
20110110,4.24,4.26,4.31,4.23,-0.06,-1.4,1128704.46,480637.189
20110111,4.26,4.24,4.28,4.23,0.02,0.47,578816.61,246676.189
20110112,4.29,4.26,4.3,4.25,0.03,0.7,584180.96,249964.211
20110113,4.34,4.3,4.35,4.28,0.05,1.17,914221.51,394631.946
20110114,4.35,4.32,4.37,4.3,0.01,0.23,735082.05,319137.945
20110117,4.23,4.31,4.33,4.17,-0.12,-2.76,766309.58,323945.825
20110118,4.26,4.21,4.26,4.18,0.03,0.71,524658.25,221088.541
20110119,4.23,4.23,4.26,4.2,-0.03,-0.7,413521.78,174801.519
20110120,4.15,4.23,4.23,4.15,-0.08,-1.89,398552.48,166664.43
20110121,4.22,4.15,4.28,4.14,0.07,1.69,460510.93,194385.245
20110124,4.19,4.23,4.25,4.18,-0.03,-0.71,316389.29,133111.387
20110125,4.19,4.19,4.22,4.15,0.0,0.0,389916.37,163357.706
20110126,4.2,4.19,4.21,4.18,0.01,0.24,278885.27,117116.313
20110127,4.24,4.18,4.25,4.16,0.04,0.95,582138.55,244835.963
20110128,4.21,4.22,4.24,4.2,-0.03,-0.71,296891.34,125149.704
20110131,4.25,4.21,4.25,4.19,0.04,0.95,280383.06,118514.064
20110201,4.26,4.24,4.28,4.22,0.01,0.24,323525.03,137800.328
20110209,4.24,4.24,4.29,4.22,-0.02,-0.47,421395.59,179075.985
20110210,4.27,4.23,4.28,4.22,0.03,0.71,293897.63,125022.044
20110211,4.29,4.27,4.29,4.25,0.02,0.47,522810.75,223474.123
20110214,4.37,4.29,4.38,4.28,0.08,1.86,1424756.73,619274.419
20110215,4.34,4.37,4.4,4.33,-0.03,-0.69,1312318.31,571473.187
20110216,4.34,4.33,4.36,4.31,0.0,0.0,1034240.58,447522.25
20110217,4.33,4.34,4.36,4.32,-0.01,-0.23,605448.54,262590.161
20110218,4.33,4.33,4.34,4.3,0.0,0.0,551072.05,238005.813
20110221,4.3,4.3,4.32,4.27,-0.03,-0.69,552272.98,237050.627
20110222,4.23,4.29,4.3,4.21,-0.07,-1.63,720574.09,305724.696
20110223,4.23,4.22,4.25,4.2,0.0,0.0,461467.44,194978.375
20110224,4.24,4.22,4.25,4.2,0.01,0.24,445654.63,187753.323
20110225,4.27,4.24,4.29,4.22,0.03,0.71,557178.15,237541.407
20110228,4.26,4.27,4.28,4.23,-0.01,-0.23,228246.07,97078.011
20110301,4.27,4.26,4.3,4.23,0.01,0.23,376362.64,160428.765
20110302,4.28,4.25,4.31,4.24,0.01,0.23,529130.9,225884.957
20110303,4.3,4.28,4.4,4.26,0.02,0.47,2260245.86,979734.298
20110304,4.35,4.31,4.38,4.29,0.05,1.16,944342.89,408392.695
20110307,4.4,4.35,4.41,4.35,0.05,1.15,1095164.28,480518.817
20110308,4.41,4.4,4.42,4.38,0.01,0.23,753681.53,331720.172
20110309,4.42,4.42,4.44,4.41,0.01,0.23,609395.08,269740.681
20110310,4.35,4.41,4.42,4.35,-0.07,-1.58,736027.31,322545.951
20110311,4.3,4.35,4.38,4.29,-0.05,-1.15,559843.0,242418.343
20110314,4.29,4.3,4.32,4.28,-0.01,-0.23,452376.64,194284.606
20110315,4.27,4.28,4.29,4.2,-0.02,-0.47,777960.54,330019.726
20110316,4.31,4.26,4.31,4.26,0.04,0.94,427483.37,183157.967
20110317,4.27,4.29,4.31,4.26,-0.04,-0.93,459686.46,196934.533
20110318,4.26,4.28,4.33,4.21,-0.01,-0.23,569096.41,244134.615
20110321,4.34,4.28,4.35,4.26,0.08,1.88,639116.28,275293.046
20110322,4.36,4.33,4.39,4.31,0.02,0.46,734019.14,319789.452
20110323,4.4,4.35,4.42,4.35,0.04,0.92,808750.62,355809.211
20110324,4.41,4.4,4.43,4.37,0.01,0.23,830523.25,366882.041
20110325,4.46,4.42,4.49,4.4,0.05,1.13,1006081.09,449025.836
20110328,4.5,4.48,4.53,4.46,0.04,0.9,1036246.46,466866.343
20110329,4.51,4.5,4.56,4.49,0.01,0.22,1083537.79,491231.426
20110330,4.52,4.51,4.56,4.5,0.01,0.22,910302.53,413038.541
20110331,4.47,4.52,4.54,4.46,-0.05,-1.11,736416.05,331185.446
20110401,4.5,4.49,4.52,4.45,0.03,0.67,553094.84,248482.623
20110406,4.58,4.51,4.63,4.51,0.08,1.78,838199.86,384393.957
20110407,4.57,4.58,4.6,4.54,-0.01,-0.22,517486.84,236022.791
20110408,4.55,4.57,4.57,4.53,-0.02,-0.44,275443.85,125348.587
20110411,4.59,4.56,4.63,4.54,0.04,0.88,766535.15,352086.155
20110412,4.61,4.58,4.63,4.57,0.02,0.44,687239.79,316124.287
20110413,4.63,4.59,4.63,4.55,0.02,0.43,507144.37,232646.923
20110414,4.63,4.63,4.65,4.6,0.0,0.0,614145.39,284015.818
20110415,4.7,4.61,4.7,4.6,0.07,1.51,1044117.95,488174.613
20110418,4.67,4.68,4.7,4.66,-0.03,-0.64,398569.94,186304.985
20110419,4.56,4.65,4.66,4.56,-0.11,-2.36,554026.77,254437.39
20110420,4.56,4.57,4.61,4.54,0.0,0.0,499035.02,228394.062
20110421,4.58,4.58,4.6,4.56,0.02,0.44,349209.32,159960.052
20110422,4.54,4.58,4.58,4.53,-0.04,-0.87,266396.19,121235.141
20110425,4.49,4.51,4.55,4.47,-0.05,-1.1,426080.83,191812.271
20110426,4.5,4.49,4.55,4.48,0.01,0.22,464345.19,209697.766
20110427,4.54,4.51,4.56,4.51,0.04,0.89,522200.05,237211.429
20110428,4.59,4.56,4.67,4.54,0.05,1.1,813735.23,375234.258
20110429,4.56,4.6,4.6,4.51,-0.03,-0.65,362741.15,165209.964
20110503,4.57,4.57,4.58,4.53,0.01,0.22,280906.48,127885.323
20110504,4.53,4.54,4.59,4.52,-0.04,-0.88,567899.1,258903.355
20110505,4.6,4.52,4.63,4.49,0.07,1.55,796713.15,365212.369
20110506,4.58,4.57,4.64,4.56,-0.02,-0.43,518966.39,239376.547
20110509,4.57,4.59,4.6,4.55,-0.01,-0.22,229403.2,104909.201
20110510,4.57,4.58,4.59,4.55,0.0,0.0,222122.15,101607.246
20110511,4.54,4.57,4.59,4.53,-0.03,-0.66,332417.7,151270.504
20110512,4.49,4.53,4.55,4.49,-0.05,-1.1,364338.0,164410.033
20110513,4.58,4.49,4.6,4.49,0.09,2.0,536053.92,243930.725
20110516,4.51,4.55,4.61,4.49,-0.07,-1.53,516175.87,234003.268
20110517,4.5,4.51,4.53,4.48,-0.01,-0.22,380758.89,171208.203
20110518,4.56,4.51,4.61,4.49,0.06,1.33,364789.56,166137.052
20110519,4.57,4.57,4.6,4.55,0.01,0.22,252519.82,115598.964
20110520,4.54,4.57,4.6,4.53,-0.03,-0.66,318386.63,145631.845
20110523,4.46,4.54,4.55,4.43,-0.08,-1.76,619936.17,278059.229
20110524,4.44,4.46,4.5,4.42,-0.02,-0.45,543574.71,242180.13
20110525,4.36,4.43,4.44,4.33,-0.08,-1.8,408798.66,179156.292
20110526,4.41,4.38,4.43,4.37,0.05,1.15,334353.76,147305.772
20110527,4.39,4.42,4.45,4.38,-0.02,-0.45,572084.09,252550.053
20110530,4.56,4.39,4.58,4.38,0.17,3.87,1561204.17,706711.568
20110601,4.48,4.53,4.54,4.44,-0.08,-1.75,697317.71,313236.684
20110602,4.44,4.46,4.53,4.34,-0.04,-0.89,1065416.12,470413.278
20110603,4.41,4.41,4.43,4.35,-0.03,-0.68,598077.52,262790.744
20110607,4.43,4.39,4.45,4.38,0.02,0.45,555850.71,245953.013
20110608,4.42,4.42,4.44,4.36,-0.01,-0.23,438818.23,193090.083
20110609,4.37,4.41,4.42,4.37,-0.05,-1.13,683096.9,300208.561
20110610,4.42,4.38,4.45,4.36,0.05,1.14,546835.77,241657.287
20110613,4.52,4.4,4.55,4.39,0.1,2.26,694595.97,311928.948
20110614,4.45,4.51,4.53,4.44,-0.07,-1.55,1413391.66,633455.998
20110615,4.27,4.29,4.29,4.25,0.0,0.0,598225.13,255673.723
20110616,4.28,4.26,4.3,4.25,0.01,0.23,410834.84,175725.363
20110617,4.29,4.27,4.34,4.25,0.01,0.23,779249.98,335722.13
20110620,4.26,4.28,4.3,4.24,-0.03,-0.7,390656.39,166774.733
20110621,4.3,4.26,4.32,4.25,0.04,0.94,450809.52,193605.409
20110622,4.33,4.3,4.34,4.27,0.03,0.7,649723.4,280328.165
20110623,4.38,4.31,4.38,4.3,0.05,1.15,651562.2,283637.457
20110624,4.48,4.37,4.48,4.35,0.1,2.28,823821.11,365806.116
20110627,4.48,4.47,4.5,4.45,0.0,0.0,671987.74,300592.175
20110628,4.5,4.49,4.5,4.46,0.02,0.45,503915.99,225883.957
20110629,4.46,4.49,4.49,4.44,-0.04,-0.89,626214.07,279123.033
20110630,4.46,4.46,4.5,4.44,0.0,0.0,509434.4,227564.982
20110701,4.38,4.47,4.47,4.36,-0.08,-1.79,571807.43,251296.348
20110704,4.42,4.4,4.42,4.37,0.04,0.91,462636.57,203282.751
20110705,4.41,4.41,4.45,4.39,-0.01,-0.23,372994.84,164535.911
20110706,4.37,4.41,4.41,4.32,-0.04,-0.91,696256.17,302222.444
20110707,4.31,4.37,4.41,4.3,-0.06,-1.37,629822.87,273420.87
20110708,4.34,4.32,4.36,4.31,0.03,0.7,606697.06,262823.839
20110711,4.33,4.33,4.34,4.31,-0.01,-0.23,325089.85,140630.668
20110712,4.29,4.31,4.32,4.28,-0.04,-0.92,379129.88,162786.477
20110713,4.34,4.29,4.36,4.29,0.05,1.17,421700.19,182586.664
20110714,4.38,4.33,4.4,4.32,0.04,0.92,598308.99,261025.06
20110715,4.4,4.37,4.41,4.33,0.02,0.46,297065.04,130221.945
20110718,4.36,4.4,4.4,4.36,-0.04,-0.91,166880.84,72907.643
20110719,4.36,4.35,4.39,4.34,0.0,0.0,395478.99,172770.589
20110720,4.37,4.38,4.4,4.36,0.01,0.23,458984.25,201033.352
20110721,4.37,4.39,4.39,4.34,0.0,0.0,260199.38,113580.555
20110722,4.36,4.36,4.37,4.34,-0.01,-0.23,244960.69,106620.671
20110725,4.29,4.32,4.34,4.28,-0.07,-1.61,263394.79,113431.201
20110726,4.29,4.28,4.31,4.27,0.0,0.0,182765.01,78461.667
20110727,4.28,4.27,4.3,4.25,-0.01,-0.23,429831.37,183557.168
20110728,4.2,4.25,4.27,4.2,-0.08,-1.87,358341.44,151246.38
20110729,4.25,4.22,4.29,4.19,0.05,1.19,425384.32,180370.106
20110801,4.24,4.24,4.28,4.22,-0.01,-0.24,199073.95,84517.058
20110802,4.2,4.22,4.23,4.18,-0.04,-0.94,244128.92,102482.438
20110803,4.18,4.19,4.2,4.16,-0.02,-0.48,335792.56,140305.723
20110804,4.16,4.19,4.21,4.14,-0.02,-0.48,325726.24,135822.195
20110805,4.11,4.12,4.14,4.07,-0.05,-1.2,688867.27,282486.432
20110808,4.03,4.1,4.11,4.0,-0.08,-1.95,803870.82,325734.766
20110809,4.1,3.99,4.11,3.94,0.07,1.74,809501.36,324950.643
20110810,4.15,4.16,4.22,4.11,0.05,1.22,754576.58,314979.732
20110811,4.16,4.11,4.19,4.09,0.01,0.24,306951.75,127298.438
20110812,4.14,4.18,4.18,4.12,-0.02,-0.48,269729.56,111748.936
20110815,4.19,4.15,4.2,4.09,0.05,1.21,653828.25,270918.506
20110816,4.16,4.16,4.2,4.15,-0.03,-0.72,306953.11,128069.013
20110817,4.18,4.16,4.19,4.15,0.02,0.48,172908.55,72274.641
20110818,4.18,4.18,4.2,4.16,0.0,0.0,330854.61,138422.801
20110819,4.13,4.15,4.15,4.12,-0.05,-1.2,360008.15,148902.102
20110822,4.08,4.13,4.15,4.07,-0.05,-1.21,176776.37,72500.604
20110823,4.11,4.1,4.12,4.07,0.03,0.74,208509.18,85425.374
20110824,4.08,4.12,4.12,4.07,-0.03,-0.73,218181.93,89261.296
20110825,4.18,4.08,4.2,4.07,0.1,2.45,736986.53,305451.609
20110826,4.16,4.16,4.17,4.13,-0.02,-0.48,420438.23,174497.407
20110829,4.08,4.14,4.14,4.07,-0.08,-1.92,494487.31,202557.607
20110830,4.1,4.11,4.16,4.09,0.02,0.49,416785.58,172066.345
20110831,4.14,4.11,4.16,4.09,0.04,0.98,233944.93,96415.119
20110901,4.13,4.14,4.15,4.1,-0.01,-0.24,179950.38,74313.018
20110902,4.1,4.13,4.14,4.09,-0.03,-0.73,150325.39,61806.601
20110905,4.08,4.09,4.1,4.06,-0.02,-0.49,290397.71,118467.182
20110906,4.07,4.06,4.09,4.05,-0.01,-0.25,257650.77,104910.336
20110907,4.12,4.08,4.14,4.07,0.05,1.23,235353.59,96765.075
20110908,4.15,4.12,4.18,4.1,0.03,0.73,517071.93,214741.142
20110909,4.18,4.17,4.19,4.14,0.03,0.72,306563.75,127893.08
20110913,4.14,4.14,4.15,4.12,-0.04,-0.96,218318.78,90345.092
20110914,4.09,4.14,4.16,4.06,-0.05,-1.21,342880.36,140662.035
20110915,4.08,4.1,4.11,4.08,-0.01,-0.24,196225.11,80272.103
20110916,4.1,4.11,4.12,4.06,0.02,0.49,301328.31,123262.016
20110919,4.07,4.07,4.08,4.06,-0.03,-0.73,177763.61,72330.188
20110920,4.07,4.06,4.1,4.05,0.0,0.0,181104.83,73782.228
20110921,4.12,4.09,4.14,4.06,0.05,1.23,357911.86,147043.179
20110922,4.0,4.1,4.11,3.98,-0.12,-2.91,438326.19,177611.755
20110923,4.01,4.0,4.07,3.96,0.01,0.25,583262.22,233939.001
20110926,3.95,3.98,4.01,3.94,-0.06,-1.5,376574.39,149636.901
20110927,4.0,3.98,4.02,3.97,0.05,1.27,305745.05,122248.226
20110928,3.99,4.02,4.04,3.97,-0.01,-0.25,162645.99,65034.282
20110929,3.98,3.99,4.01,3.96,-0.01,-0.25,280143.37,111827.643
20110930,3.98,3.98,4.0,3.95,0.0,0.0,253957.2,101025.23
20111010,3.99,3.96,4.0,3.95,0.01,0.25,376871.94,149559.369
20111011,4.05,4.13,4.16,4.02,0.06,1.5,681415.83,277602.64
20111012,4.12,4.02,4.14,4.02,0.07,1.73,906376.27,371839.978
20111013,4.13,4.1,4.14,4.05,0.01,0.24,523128.17,213901.745
20111014,4.14,4.1,4.15,4.08,0.01,0.24,375914.61,154736.291
20111017,4.15,4.14,4.17,4.12,0.01,0.24,305218.31,126548.163
20111018,4.17,4.13,4.17,4.12,0.02,0.48,543379.35,225274.684
20111019,4.18,4.17,4.21,4.16,0.01,0.24,423894.83,177427.238
20111020,4.16,4.16,4.19,4.13,-0.02,-0.48,438648.13,182691.262
20111021,4.15,4.16,4.19,4.15,-0.01,-0.24,280460.64,116737.974
20111024,4.19,4.15,4.21,4.14,0.04,0.96,249664.86,104478.241
20111025,4.24,4.18,4.27,4.16,0.05,1.19,550404.97,232110.757
20111026,4.26,4.23,4.29,4.22,0.02,0.47,416321.16,177837.615
20111027,4.3,4.28,4.31,4.25,0.04,0.94,428412.9,184148.522
20111028,4.3,4.34,4.39,4.27,0.0,0.0,601754.34,260273.694
20111031,4.32,4.29,4.35,4.29,0.02,0.47,345987.49,149682.61
20111101,4.3,4.31,4.35,4.29,-0.02,-0.46,287057.87,123792.443
20111102,4.32,4.27,4.34,4.26,0.02,0.47,366500.02,157824.038
20111103,4.32,4.34,4.36,4.31,0.0,0.0,342395.66,148365.02
20111104,4.34,4.35,4.37,4.32,0.02,0.46,308822.89,134530.221
20111107,4.31,4.32,4.35,4.31,-0.03,-0.69,218718.44,94695.299
20111108,4.33,4.32,4.35,4.31,0.02,0.46,335824.6,145678.078
20111109,4.36,4.35,4.38,4.33,0.03,0.69,264249.54,115078.429
20111110,4.24,4.3,4.32,4.23,-0.12,-2.75,1058764.3,453059.054
20111111,4.29,4.25,4.33,4.25,0.05,1.18,692194.3,297220.367
20111114,4.35,4.3,4.36,4.29,0.06,1.4,270034.81,117220.988
20111115,4.32,4.34,4.35,4.31,-0.03,-0.69,281789.85,121966.68
20111116,4.28,4.31,4.32,4.26,-0.04,-0.93,425468.23,182105.898
20111117,4.3,4.28,4.32,4.26,0.02,0.47,284935.08,122483.078
20111118,4.3,4.28,4.32,4.27,0.0,0.0,293708.31,125934.829
20111121,4.25,4.3,4.3,4.24,-0.05,-1.16,171082.08,72898.21
20111122,4.22,4.25,4.27,4.22,-0.03,-0.71,118895.96,50344.346
20111123,4.24,4.22,4.25,4.2,0.02,0.47,239974.31,101194.583
20111124,4.28,4.22,4.29,4.22,0.04,0.94,213679.26,91108.288
20111125,4.22,4.26,4.28,4.2,-0.06,-1.4,153677.21,64909.546
20111128,4.23,4.21,4.27,4.21,0.01,0.24,170559.67,72349.26
20111130,4.19,4.24,4.25,4.18,-0.04,-0.95,452920.92,190927.283
20111201,4.28,4.25,4.31,4.22,0.09,2.15,437816.67,187261.128
20111202,4.25,4.25,4.27,4.2,-0.03,-0.7,251656.36,106520.382
20111205,4.28,4.26,4.29,4.23,0.03,0.71,523226.29,222617.489
20111206,4.2,4.26,4.27,4.19,-0.08,-1.87,409826.46,172459.4
20111207,4.17,4.2,4.21,4.14,-0.03,-0.71,436475.53,182026.833
20111208,4.16,4.17,4.19,4.15,-0.01,-0.24,321584.95,133958.537
20111209,4.17,4.15,4.18,4.14,0.01,0.24,254678.23,105948.684
20111212,4.12,4.16,4.17,4.12,-0.05,-1.2,223066.98,92204.908
20111213,4.15,4.12,4.16,4.11,0.03,0.73,321979.64,133124.746
20111214,4.1,4.12,4.15,4.1,-0.05,-1.2,181092.99,74552.65
20111215,4.11,4.1,4.13,4.09,0.01,0.24,494219.64,203393.875
20111216,4.17,4.1,4.17,4.06,0.06,1.46,387115.6,159075.714
20111219,4.17,4.14,4.19,4.06,0.0,0.0,575785.51,237184.48
20111220,4.15,4.15,4.21,4.12,-0.02,-0.48,284552.59,118320.837
20111221,4.13,4.17,4.18,4.12,-0.02,-0.48,290730.5,120869.558
20111222,4.15,4.13,4.17,4.11,0.02,0.48,272216.5,112662.534
20111223,4.17,4.16,4.19,4.14,0.02,0.48,165831.39,69088.85
20111226,4.17,4.14,4.18,4.12,0.0,0.0,237801.79,98650.653
20111227,4.17,4.16,4.19,4.15,0.0,0.0,201406.66,84042.58
20111228,4.19,4.16,4.2,4.12,0.02,0.48,466450.71,193904.139
20111229,4.2,4.17,4.23,4.15,0.01,0.24,454234.77,190577.416
20111230,4.24,4.2,4.25,4.19,0.04,0.95,477055.23,201713.549
20120104,4.22,4.24,4.25,4.19,-0.02,-0.47,219008.69,92432.768
20120105,4.25,4.19,4.3,4.19,0.03,0.71,451261.8,192553.061
20120106,4.28,4.27,4.34,4.26,0.03,0.71,461076.39,198133.701
20120109,4.31,4.3,4.34,4.26,0.03,0.7,572680.38,246448.499
20120110,4.35,4.29,4.37,4.28,0.04,0.93,844379.71,365343.679
20120111,4.35,4.35,4.37,4.3,0.0,0.0,561239.75,243353.785
20120112,4.33,4.33,4.35,4.32,-0.02,-0.46,301558.3,130739.69
20120113,4.34,4.34,4.38,4.31,0.01,0.23,494594.42,214747.744
20120116,4.31,4.33,4.34,4.3,-0.03,-0.69,228900.21,98830.378
20120117,4.36,4.3,4.38,4.28,0.05,1.16,533520.87,230771.26
20120118,4.31,4.35,4.36,4.3,-0.05,-1.15,593371.15,256569.952
20120119,4.36,4.31,4.37,4.3,0.05,1.16,959017.33,417484.465
20120120,4.36,4.36,4.38,4.34,0.0,0.0,652926.91,284523.271
20120130,4.27,4.38,4.39,4.26,-0.09,-2.06,643337.25,279208.847
20120131,4.3,4.28,4.32,4.28,0.03,0.7,239891.48,102990.21
20120201,4.28,4.3,4.31,4.27,-0.02,-0.47,201042.05,86266.461
20120202,4.38,4.29,4.41,4.27,0.1,2.34,781458.14,340225.709
20120203,4.41,4.37,4.44,4.34,0.03,0.68,728005.45,320007.289
20120206,4.41,4.41,4.43,4.39,0.0,0.0,499244.76,220200.451
20120207,4.33,4.4,4.41,4.31,-0.08,-1.81,374354.35,162782.713
20120208,4.41,4.33,4.41,4.33,0.08,1.85,512489.28,224270.986
20120209,4.42,4.4,4.44,4.36,0.01,0.23,834304.16,367809.443
20120210,4.39,4.4,4.44,4.37,-0.03,-0.68,527929.06,232687.17
20120213,4.37,4.37,4.4,4.35,-0.02,-0.46,439432.26,192106.07
20120214,4.35,4.36,4.37,4.32,-0.02,-0.46,629225.96,272942.577
20120215,4.37,4.35,4.4,4.33,0.02,0.46,632672.1,276119.088
20120216,4.39,4.37,4.43,4.34,0.02,0.46,1029404.01,452172.892
20120217,4.39,4.4,4.41,4.36,0.0,0.0,338492.45,148612.268
20120220,4.4,4.41,4.42,4.39,0.01,0.23,426763.68,188115.001
20120221,4.46,4.4,4.48,4.39,0.06,1.36,615058.43,272759.538
20120222,4.44,4.45,4.45,4.39,-0.02,-0.45,724160.7,320054.261
20120224,4.44,4.43,4.45,4.39,0.0,0.0,830382.42,366679.951
20120227,4.44,4.43,4.45,4.41,0.0,0.0,816280.57,361904.471
20120228,4.45,4.41,4.47,4.41,0.01,0.23,696644.63,309982.844
20120229,4.43,4.45,4.45,4.41,-0.02,-0.45,644464.99,285582.699
20120301,4.41,4.43,4.44,4.4,-0.02,-0.45,359025.0,158769.753
20120302,4.43,4.41,4.43,4.41,0.02,0.45,609173.62,269155.913
20120305,4.38,4.43,4.44,4.36,-0.05,-1.13,649957.5,285826.606
20120306,4.34,4.38,4.38,4.34,-0.04,-0.91,507609.43,220957.906
20120307,4.32,4.33,4.35,4.3,-0.02,-0.46,617593.71,267002.764
20120308,4.33,4.33,4.34,4.31,0.01,0.23,515754.45,223115.522
20120309,4.33,4.34,4.35,4.32,0.0,0.0,331954.11,143711.553
20120312,4.33,4.32,4.33,4.3,0.0,0.0,436621.75,188268.309
20120313,4.34,4.31,4.36,4.31,0.01,0.23,376574.2,163511.645
20120314,4.32,4.35,4.39,4.3,-0.02,-0.46,805637.29,350335.742
20120315,4.31,4.31,4.44,4.3,-0.01,-0.23,990798.32,432788.041
20120316,4.32,4.35,4.35,4.3,0.01,0.23,427480.98,185201.773
20120319,4.32,4.32,4.34,4.31,0.0,0.0,391086.73,168915.878
20120320,4.32,4.31,4.34,4.3,0.0,0.0,258732.71,111670.974
20120321,4.31,4.34,4.35,4.31,-0.01,-0.23,502103.69,217368.872
20120322,4.34,4.31,4.34,4.31,0.03,0.7,161597.8,69813.545
20120323,4.3,4.33,4.35,4.3,-0.04,-0.92,382009.19,165304.103
20120326,4.31,4.32,4.33,4.3,0.01,0.23,206049.51,88915.458
20120327,4.33,4.32,4.34,4.31,0.02,0.46,166552.51,71991.919
20120328,4.31,4.33,4.36,4.31,-0.02,-0.46,440240.05,190928.712
20120329,4.28,4.31,4.32,4.27,-0.03,-0.7,459219.22,197288.026
20120330,4.33,4.3,4.33,4.28,0.05,1.17,380339.9,163907.99
20120405,4.3,4.31,4.32,4.26,-0.03,-0.69,827887.34,354221.118
20120406,4.29,4.28,4.3,4.28,-0.01,-0.23,421456.44,180666.536
20120409,4.28,4.29,4.29,4.26,-0.01,-0.23,200373.68,85691.431
20120410,4.29,4.28,4.3,4.27,0.01,0.23,272689.81,116893.777
20120411,4.29,4.28,4.31,4.28,0.0,0.0,320736.1,137729.933
20120412,4.36,4.29,4.36,4.26,0.07,1.63,545669.73,234907.24
20120413,4.36,4.34,4.38,4.32,0.0,0.0,424952.97,184923.763
20120416,4.36,4.34,4.37,4.33,0.0,0.0,179895.84,78408.24
20120417,4.34,4.36,4.36,4.32,-0.02,-0.46,457884.96,199154.207
20120418,4.38,4.36,4.38,4.34,0.04,0.92,467573.04,204060.176
20120419,4.35,4.38,4.38,4.35,-0.03,-0.68,299947.18,130636.109
20120420,4.42,4.35,4.42,4.35,0.07,1.61,631816.33,276647.856
20120423,4.39,4.41,4.42,4.38,-0.03,-0.68,438793.76,193050.38
20120424,4.41,4.39,4.44,4.38,0.02,0.46,670637.04,295934.32
20120425,4.42,4.4,4.42,4.38,0.01,0.23,426328.84,187475.637
20120426,4.39,4.4,4.42,4.37,-0.03,-0.68,381864.75,167484.471
20120427,4.37,4.39,4.39,4.36,-0.02,-0.46,539207.11,235622.16
20120502,4.41,4.4,4.42,4.38,0.04,0.92,762118.91,335249.556
20120503,4.36,4.4,4.41,4.34,-0.05,-1.13,660015.62,287985.914
20120504,4.38,4.35,4.39,4.35,0.02,0.46,496516.38,217073.671
20120507,4.42,4.39,4.44,4.38,0.04,0.91,969594.95,427790.536
20120508,4.42,4.42,4.45,4.38,0.0,0.0,640423.38,282210.906
20120509,4.38,4.4,4.43,4.38,-0.04,-0.91,454873.62,200121.221
20120510,4.4,4.4,4.42,4.38,0.02,0.46,395066.28,173921.682
20120511,4.36,4.38,4.41,4.35,-0.04,-0.91,337226.72,147682.292
20120514,4.37,4.37,4.4,4.35,0.01,0.23,405366.8,177143.149
20120515,4.33,4.36,4.37,4.32,-0.04,-0.92,339804.15,147366.346
20120516,4.3,4.32,4.36,4.28,-0.03,-0.69,594077.69,256017.086
20120517,4.33,4.3,4.34,4.28,0.03,0.7,294334.11,126882.737
20120518,4.25,4.32,4.32,4.22,-0.08,-1.85,552898.51,234981.791
20120521,4.23,4.24,4.25,4.2,-0.02,-0.47,391668.46,165231.656
20120522,4.23,4.23,4.24,4.2,0.0,0.0,489898.87,206793.356
20120523,4.18,4.22,4.23,4.17,-0.05,-1.18,408929.93,171658.913
20120524,4.19,4.18,4.2,4.17,0.01,0.24,335210.59,140282.6
20120525,4.18,4.18,4.2,4.16,-0.01,-0.24,214093.11,89499.728
20120528,4.2,4.18,4.21,4.16,0.02,0.48,414656.24,173467.958
20120529,4.22,4.2,4.23,4.18,0.02,0.48,388662.34,163137.151
20120530,4.22,4.21,4.25,4.18,0.0,0.0,409548.85,172714.843
20120601,4.24,4.21,4.24,4.18,0.02,0.47,480064.48,202763.063
20120604,4.17,4.22,4.22,4.15,-0.07,-1.65,594353.41,249334.529
20120605,4.2,4.19,4.24,4.18,0.03,0.72,422770.99,177842.663
20120606,4.2,4.2,4.22,4.19,0.0,0.0,326074.91,136998.667
20120607,4.19,4.22,4.23,4.18,-0.01,-0.24,317416.97,133718.326
20120608,4.16,4.2,4.2,4.11,-0.03,-0.72,739442.45,306795.738
20120611,4.17,4.17,4.21,4.16,0.01,0.24,564482.36,235713.214
20120612,4.17,4.17,4.19,4.14,0.0,0.0,446818.27,185636.434
20120613,4.2,4.17,4.21,4.17,0.03,0.72,730889.7,305618.835
20120614,3.95,4.0,4.01,3.93,-0.05,-1.25,502726.24,199176.495
20120615,3.98,3.96,3.99,3.93,0.03,0.76,478502.12,189177.996
20120618,3.95,3.98,3.99,3.93,-0.03,-0.75,428144.2,169087.057
20120619,3.94,3.94,3.96,3.93,-0.01,-0.25,359174.75,141802.112
20120620,3.94,3.95,3.96,3.94,0.0,0.0,259611.2,102492.381
20120621,3.91,3.94,3.95,3.9,-0.03,-0.76,283262.19,111035.28
20120625,3.94,3.91,3.95,3.9,0.03,0.77,496755.45,195029.73
20120626,3.93,3.93,3.94,3.91,-0.01,-0.25,215371.64,84593.947
20120627,3.94,3.93,3.95,3.89,0.01,0.25,415047.77,162821.427
20120628,3.92,3.94,3.95,3.91,-0.02,-0.51,316717.73,124597.25
20120629,3.95,3.94,3.96,3.92,0.03,0.77,340039.4,133946.765
20120702,3.94,3.95,3.96,3.92,-0.01,-0.25,274653.64,108056.666
20120703,3.92,3.94,3.95,3.92,-0.02,-0.51,130989.61,51542.716
20120704,3.94,3.93,3.95,3.92,0.02,0.51,192626.73,75843.856
20120705,3.95,3.93,3.95,3.92,0.01,0.25,206016.72,81179.159
20120706,3.91,3.92,3.93,3.89,-0.04,-1.01,313277.05,122387.45
20120709,3.8,3.91,3.91,3.77,-0.11,-2.81,404587.26,156354.619
20120710,3.79,3.8,3.85,3.77,-0.01,-0.26,275383.11,105124.866
20120711,3.77,3.79,3.8,3.75,-0.02,-0.53,232979.09,87878.321
20120712,3.75,3.78,3.79,3.74,-0.02,-0.53,460103.03,173289.317
20120713,3.76,3.76,3.78,3.73,0.01,0.27,246033.69,92569.664
20120716,3.79,3.77,3.79,3.76,0.03,0.8,293016.9,110606.069
20120717,3.81,3.79,3.83,3.78,0.02,0.53,223867.85,85080.946
20120718,3.83,3.81,3.84,3.79,0.02,0.52,231268.6,88339.831
20120719,3.8,3.83,3.85,3.78,-0.03,-0.78,281084.23,107000.605
20120720,3.77,3.8,3.81,3.76,-0.03,-0.79,181358.24,68450.234
20120723,3.72,3.75,3.76,3.69,-0.05,-1.33,255235.92,94941.484
20120724,3.68,3.71,3.72,3.67,-0.04,-1.08,230713.41,85107.324
20120725,3.67,3.69,3.69,3.67,-0.01,-0.27,122334.53,45041.27
20120726,3.67,3.67,3.68,3.66,0.0,0.0,157170.93,57684.878
20120727,3.72,3.68,3.72,3.67,0.05,1.36,293306.35,108580.098
20120730,3.71,3.72,3.75,3.7,-0.01,-0.27,250312.78,93463.76
20120731,3.75,3.72,3.76,3.71,0.04,1.08,233176.49,87294.922
20120801,3.77,3.75,3.78,3.74,0.02,0.53,249704.46,93978.174
20120802,3.78,3.76,3.79,3.76,0.01,0.27,229963.03,86829.885
20120803,3.79,3.78,3.81,3.78,0.01,0.26,163822.39,62187.878
20120806,3.77,3.79,3.82,3.76,-0.02,-0.53,298040.35,112852.745
20120807,3.74,3.77,3.78,3.72,-0.03,-0.8,396747.61,148402.566
20120808,3.78,3.74,3.8,3.74,0.04,1.07,311857.07,117619.979
20120809,3.76,3.78,3.79,3.75,-0.02,-0.53,186482.2,70300.064
20120810,3.79,3.76,3.8,3.76,0.03,0.8,201502.72,76384.452
20120813,3.81,3.79,3.83,3.78,0.02,0.53,279744.03,106639.878
20120814,3.83,3.83,3.86,3.82,0.02,0.52,230573.99,88538.742
20120815,3.8,3.82,3.85,3.8,-0.03,-0.78,243536.65,93192.28
20120816,3.8,3.8,3.83,3.79,0.0,0.0,110285.23,42061.5
20120817,3.83,3.8,3.84,3.8,0.03,0.79,278710.03,106822.558
20120820,3.84,3.81,3.84,3.8,0.01,0.26,160307.88,61263.911
20120821,3.83,3.84,3.86,3.76,-0.01,-0.26,473472.36,179986.551
20120822,3.83,3.82,3.83,3.79,0.0,0.0,240563.15,91688.337
20120823,3.81,3.82,3.83,3.79,-0.02,-0.52,344821.28,131592.487
20120824,3.81,3.8,3.82,3.79,0.0,0.0,227836.86,86719.903
20120827,3.82,3.8,3.84,3.78,0.01,0.26,384754.02,146900.989
20120828,3.85,3.82,3.85,3.8,0.03,0.79,317984.8,121955.879
20120829,3.84,3.83,3.85,3.81,-0.01,-0.26,150109.29,57421.957
20120830,3.85,3.81,3.85,3.81,0.01,0.26,214608.55,82170.795
20120831,3.82,3.84,3.85,3.82,-0.03,-0.78,212087.57,81332.499
20120903,3.77,3.83,3.84,3.75,-0.05,-1.31,477720.68,180901.718
20120904,3.74,3.76,3.78,3.72,-0.03,-0.8,218380.54,81777.147
20120905,3.7,3.73,3.75,3.68,-0.04,-1.07,316588.15,117484.48
20120906,3.71,3.7,3.72,3.67,0.01,0.27,246005.46,90827.046
20120907,3.8,3.71,3.85,3.71,0.09,2.43,1025453.56,386825.81
20120910,3.8,3.78,3.8,3.76,0.0,0.0,306652.08,116041.645
20120911,3.79,3.78,3.79,3.74,-0.01,-0.26,238986.08,89945.266
20120912,3.75,3.78,3.8,3.73,-0.04,-1.06,304462.84,114282.354
20120913,3.75,3.75,3.77,3.72,0.0,0.0,215957.9,80846.21
20120914,3.78,3.76,3.79,3.75,0.03,0.8,443371.85,167295.141
20120917,3.75,3.78,3.78,3.75,-0.03,-0.79,186433.66,70213.109
20120918,3.7,3.75,3.76,3.7,-0.05,-1.33,186771.62,69665.44
20120919,3.7,3.71,3.72,3.69,0.0,0.0,238119.81,88247.292
20120920,3.68,3.69,3.71,3.67,-0.02,-0.54,329790.81,121536.362
20120921,3.66,3.67,3.68,3.66,-0.02,-0.54,208410.47,76476.397
20120924,3.64,3.65,3.67,3.61,-0.02,-0.55,342001.16,124588.041
20120925,3.65,3.63,3.66,3.61,0.01,0.27,220931.65,80247.385
20120926,3.64,3.65,3.65,3.6,-0.01,-0.27,199129.07,72222.844
20120927,3.73,3.64,3.8,3.62,0.09,2.47,492892.62,183359.781
20120928,3.75,3.7,3.78,3.68,0.02,0.54,499663.46,186697.579
20121008,3.75,3.75,3.77,3.72,0.0,0.0,246081.42,92183.43
20121009,3.8,3.76,3.83,3.75,0.05,1.33,396819.34,150947.574
20121010,3.8,3.81,3.81,3.78,0.0,0.0,185196.67,70342.592
20121011,3.82,3.79,3.83,3.77,0.02,0.53,288363.77,109648.887
20121012,3.84,3.83,3.85,3.81,0.02,0.52,481168.65,184814.629
20121015,3.82,3.84,3.85,3.8,-0.02,-0.52,180253.78,68957.512
20121016,3.82,3.82,3.83,3.79,0.0,0.0,247407.09,94334.338
20121017,3.85,3.83,3.86,3.82,0.03,0.79,331302.2,127319.511
20121018,3.89,3.86,3.91,3.85,0.04,1.04,459438.96,178405.365
20121019,3.91,3.89,3.92,3.88,0.02,0.51,274299.84,107025.526
20121022,3.91,3.9,3.93,3.89,0.0,0.0,320044.7,125319.158
20121023,3.9,3.91,3.94,3.9,-0.01,-0.26,403926.22,158627.31
20121024,3.89,3.9,3.92,3.88,-0.01,-0.26,207921.09,81088.768
20121025,3.86,3.89,3.89,3.85,-0.03,-0.77,220390.95,85399.9
20121026,3.84,3.85,3.87,3.82,-0.02,-0.52,199108.38,76557.445
20121029,3.81,3.82,3.84,3.8,-0.03,-0.78,174302.44,66463.425
20121030,3.81,3.82,3.82,3.78,0.0,0.0,273424.64,103860.143
20121031,3.82,3.81,3.84,3.8,0.01,0.26,194027.27,73992.017
20121101,3.87,3.83,3.89,3.83,0.05,1.31,375813.49,145240.453
20121102,3.91,3.87,3.93,3.86,0.04,1.03,446830.4,174214.121
20121105,3.9,3.89,3.91,3.88,-0.01,-0.26,650479.45,253775.375
20121106,3.88,3.89,3.9,3.84,-0.02,-0.51,532793.46,206173.589
20121107,3.88,3.87,3.89,3.85,0.0,0.0,359015.5,139153.234
20121108,3.87,3.87,3.88,3.84,-0.01,-0.26,311962.32,120401.19
20121109,3.88,3.86,3.88,3.84,0.01,0.26,679499.83,263057.899
20121112,3.9,3.88,3.9,3.84,0.02,0.52,524831.01,203235.698
20121113,3.86,3.89,3.89,3.84,-0.04,-1.03,431259.25,166461.028
20121114,3.87,3.86,3.88,3.83,0.01,0.26,457514.29,176161.003
20121115,3.84,3.86,3.87,3.83,-0.03,-0.78,367764.85,141437.399
20121116,3.83,3.84,3.85,3.82,-0.01,-0.26,556598.59,213636.988
20121119,3.85,3.83,3.85,3.81,0.02,0.52,311489.79,119173.638
20121120,3.83,3.85,3.85,3.8,-0.02,-0.52,202147.4,77262.767
20121121,3.84,3.83,3.85,3.81,0.01,0.26,179366.03,68735.824
20121122,3.84,3.84,3.85,3.82,0.0,0.0,195690.55,75127.089
20121123,3.85,3.85,3.86,3.84,0.01,0.26,274611.53,105713.404
20121126,3.85,3.84,3.86,3.82,0.0,0.0,208497.39,80110.62
20121127,3.86,3.84,3.86,3.83,0.01,0.26,476656.03,183527.708
20121128,3.87,3.85,3.88,3.84,0.01,0.26,416032.64,160532.938
20121129,3.88,3.87,3.9,3.86,0.01,0.26,534076.65,207208.783
20121130,3.88,3.88,3.89,3.86,0.0,0.0,427028.68,165579.253
20121203,3.86,3.88,3.89,3.85,-0.02,-0.52,267018.46,103248.448
20121204,3.84,3.86,3.87,3.84,-0.02,-0.52,244967.37,94292.012
20121205,3.9,3.84,3.93,3.82,0.06,1.56,839001.89,325564.662
20121206,3.92,3.9,3.92,3.87,0.02,0.51,517705.7,201881.394
20121207,3.93,3.92,3.95,3.88,0.01,0.26,1108441.27,433549.858
20121210,3.95,3.93,3.97,3.92,0.02,0.51,1130023.49,446143.101
20121211,3.95,3.94,3.99,3.93,0.0,0.0,797754.41,315924.052
20121212,4.0,3.95,4.01,3.94,0.05,1.27,805223.93,320846.28
20121213,3.95,3.99,4.0,3.94,-0.05,-1.25,517635.49,205296.233
20121214,4.1,3.95,4.13,3.94,0.15,3.8,1376374.72,558357.918
20121217,4.09,4.1,4.12,4.05,-0.01,-0.24,769891.68,313808.524
20121218,4.12,4.07,4.13,4.06,0.03,0.73,1187255.48,487783.699
20121219,4.1,4.11,4.14,4.09,-0.02,-0.49,568090.23,233962.578
20121220,4.07,4.1,4.1,4.06,-0.03,-0.73,484570.63,197622.408
20121221,4.01,4.08,4.09,4.0,-0.06,-1.47,491816.94,199274.272
20121224,4.02,4.01,4.06,4.01,0.01,0.25,369143.38,148925.196
20121225,4.14,4.02,4.15,4.0,0.12,2.99,964648.74,395665.948
20121226,4.08,4.14,4.14,4.05,-0.06,-1.45,626079.95,255743.689
20121227,4.05,4.08,4.09,4.04,-0.03,-0.74,519353.97,210682.169
20121228,4.1,4.06,4.12,4.05,0.05,1.23,676876.73,276748.069
20121231,4.15,4.1,4.18,4.09,0.05,1.22,1105389.06,458727.034
20130104,4.22,4.19,4.24,4.18,0.07,1.69,1184135.34,498751.741
20130107,4.23,4.21,4.25,4.2,0.01,0.24,820376.83,346701.85
20130108,4.14,4.23,4.24,4.11,-0.09,-2.13,935226.55,389781.237
20130109,4.15,4.13,4.19,4.13,0.01,0.24,720871.17,299354.814
20130110,4.23,4.15,4.23,4.14,0.08,1.93,789236.17,331200.392
20130111,4.2,4.23,4.24,4.18,-0.03,-0.71,570327.98,239627.881
20130114,4.29,4.19,4.31,4.17,0.09,2.14,1126801.74,478775.406
20130115,4.26,4.28,4.3,4.25,-0.03,-0.7,752816.65,322002.615
20130116,4.27,4.26,4.29,4.18,0.01,0.23,572101.58,242702.383
20130117,4.19,4.25,4.26,4.19,-0.08,-1.87,586569.01,246519.579
20130118,4.22,4.23,4.26,4.2,0.03,0.72,586125.65,247540.743
20130121,4.2,4.22,4.22,4.17,-0.02,-0.47,651578.34,273339.917
20130122,4.25,4.2,4.31,4.17,0.05,1.19,1788638.29,757983.845
20130123,4.19,4.24,4.24,4.18,-0.06,-1.41,1289245.38,540961.654
20130124,4.25,4.2,4.32,4.2,0.06,1.43,1613254.46,689461.686
20130125,4.23,4.25,4.29,4.22,-0.02,-0.47,863410.82,367743.709
20130128,4.29,4.25,4.31,4.2,0.06,1.42,1043459.9,446211.288
20130129,4.29,4.28,4.3,4.24,0.0,0.0,1393396.18,593915.213
20130130,4.39,4.29,4.41,4.25,0.1,2.33,2255188.57,976047.601
20130131,4.4,4.4,4.46,4.35,0.01,0.23,2516513.19,1110705.906
20130201,4.45,4.39,4.47,4.35,0.05,1.14,1858440.03,817649.474
20130204,4.47,4.45,4.53,4.43,0.02,0.45,2037386.22,914106.733
20130205,4.41,4.44,4.45,4.39,-0.06,-1.34,1438921.93,634890.5
20130206,4.42,4.41,4.44,4.35,0.01,0.23,1273597.68,558298.587
20130207,4.33,4.41,4.41,4.27,-0.09,-2.04,1536732.98,665149.43
20130208,4.35,4.33,4.38,4.3,0.02,0.46,1290474.09,561030.377
20130218,4.31,4.37,4.39,4.31,-0.04,-0.92,676376.21,293710.028
20130219,4.26,4.33,4.34,4.25,-0.05,-1.16,673065.32,288124.04
20130220,4.24,4.28,4.28,4.22,-0.02,-0.47,612487.86,259683.412
20130221,4.18,4.21,4.23,4.11,-0.06,-1.42,1210549.3,503431.107
20130222,4.14,4.16,4.19,4.13,-0.04,-0.96,700866.03,290985.777
20130225,4.14,4.15,4.18,4.13,0.0,0.0,466879.01,193988.376
20130226,4.1,4.13,4.18,4.06,-0.04,-0.97,903679.4,374273.779
20130227,4.18,4.1,4.18,4.1,0.08,1.95,831213.77,344362.084
20130228,4.21,4.17,4.26,4.14,0.03,0.72,1158765.92,487769.643
20130301,4.17,4.23,4.23,4.14,-0.04,-0.95,591578.54,247229.063
20130304,4.08,4.14,4.18,4.03,-0.09,-2.16,1395169.45,572766.229
20130305,4.18,4.09,4.22,4.07,0.1,2.45,1004193.48,416142.665
20130306,4.17,4.19,4.2,4.15,-0.01,-0.24,600376.64,250775.212
20130307,4.13,4.16,4.18,4.09,-0.04,-0.96,557127.8,230734.93
20130308,4.12,4.13,4.15,4.11,-0.01,-0.24,300049.09,123792.704
20130311,4.12,4.12,4.13,4.08,0.0,0.0,231620.01,95109.517
20130312,4.13,4.11,4.18,4.1,0.01,0.24,561662.0,232524.888
20130313,4.13,4.13,4.14,4.1,0.0,0.0,366754.49,150841.292
20130314,4.16,4.11,4.16,4.09,0.03,0.73,407045.6,168215.519
20130315,4.18,4.15,4.22,4.13,0.02,0.48,898758.61,376112.789
20130318,4.07,4.16,4.19,4.06,-0.11,-2.63,838505.2,344463.573
20130319,4.08,4.08,4.12,4.06,0.01,0.25,590115.41,240696.122
20130320,4.17,4.09,4.19,4.08,0.09,2.21,1035872.86,429505.838
20130321,4.17,4.16,4.21,4.15,0.0,0.0,502817.74,210098.832
20130322,4.18,4.17,4.19,4.16,0.01,0.24,403808.66,168621.228
20130325,4.19,4.19,4.21,4.17,0.01,0.24,351762.63,147398.894
20130326,4.13,4.18,4.19,4.11,-0.06,-1.43,431638.75,178890.022
20130327,4.12,4.14,4.18,4.11,-0.01,-0.24,406762.71,168335.243
20130328,4.01,4.12,4.12,4.0,-0.11,-2.67,1571979.97,634041.442
20130329,4.05,4.03,4.06,4.02,0.04,1.0,394103.91,159518.389
20130401,4.06,4.05,4.08,4.04,0.01,0.25,495669.23,201077.265
20130402,4.06,4.07,4.07,4.05,0.0,0.0,491081.25,199434.047
20130403,4.09,4.08,4.14,4.07,0.03,0.74,496363.63,203516.703
20130408,4.07,4.05,4.09,4.03,-0.02,-0.49,655228.53,266104.138
20130409,4.07,4.09,4.1,4.06,0.0,0.0,491406.87,200396.5
20130410,4.07,4.08,4.09,4.07,0.0,0.0,215607.3,87830.093
20130411,4.08,4.09,4.1,4.07,0.01,0.25,217220.17,88576.85
20130412,4.07,4.08,4.09,4.06,-0.01,-0.25,336665.31,137233.662
20130415,4.04,4.06,4.08,4.03,-0.03,-0.74,434073.75,175757.542
20130416,4.04,4.04,4.06,4.02,0.0,0.0,391845.63,158034.712
20130417,4.04,4.04,4.05,4.02,0.0,0.0,388978.88,156986.801
20130418,4.06,4.03,4.07,4.02,0.02,0.5,297132.14,120186.819
20130419,4.11,4.07,4.12,4.05,0.05,1.23,700088.89,286332.261
20130422,4.1,4.1,4.13,4.09,-0.01,-0.24,521670.33,214323.467
20130423,4.07,4.11,4.11,4.06,-0.03,-0.73,537602.2,218990.398
20130424,4.1,4.07,4.11,4.06,0.03,0.74,402512.91,164413.208
20130425,4.08,4.09,4.1,4.06,-0.02,-0.49,432722.65,176779.382
20130426,4.05,4.09,4.1,4.05,-0.03,-0.74,482361.0,196199.889
20130502,4.07,4.05,4.08,4.03,0.02,0.49,580321.25,235096.022
20130503,4.08,4.07,4.13,4.06,0.01,0.25,682442.53,279469.666
20130506,4.1,4.09,4.12,4.08,0.02,0.49,428081.78,175447.75
20130507,4.09,4.09,4.11,4.08,-0.01,-0.24,437288.95,178994.974
20130508,4.1,4.1,4.12,4.09,0.01,0.24,580913.23,238253.929
20130509,4.09,4.11,4.12,4.09,-0.01,-0.24,316398.4,129881.693
20130510,4.11,4.09,4.12,4.09,0.02,0.49,430990.78,177109.687
20130513,4.1,4.12,4.12,4.09,-0.01,-0.24,312012.68,128041.881
20130514,4.08,4.1,4.12,4.06,-0.02,-0.49,326414.28,133381.224
20130515,4.06,4.08,4.09,4.06,-0.02,-0.49,261437.32,106354.151
20130516,4.09,4.06,4.11,4.05,0.03,0.74,382248.41,156393.376
20130517,4.16,4.09,4.18,4.09,0.07,1.71,694484.37,287019.816
20130520,4.19,4.17,4.22,4.16,0.03,0.72,909448.84,381881.146
20130521,4.2,4.18,4.21,4.16,0.01,0.24,458487.17,191906.798
20130522,4.16,4.19,4.2,4.16,-0.04,-0.95,397461.31,166002.93
20130523,4.16,4.16,4.21,4.15,0.0,0.0,644772.22,269631.936
20130524,4.16,4.18,4.2,4.15,0.0,0.0,372410.58,155241.526
20130527,4.13,4.15,4.18,4.13,-0.03,-0.72,309537.94,128619.025
20130528,4.19,4.14,4.2,4.13,0.06,1.45,493090.9,205517.47
20130529,4.21,4.19,4.22,4.18,0.02,0.48,490393.9,206210.378
20130530,4.2,4.19,4.22,4.18,-0.01,-0.24,405344.64,170556.981
20130531,4.18,4.2,4.23,4.18,-0.02,-0.48,264104.5,111123.059
20130603,4.21,4.2,4.23,4.18,0.03,0.72,467754.52,196871.1
20130604,4.22,4.21,4.23,4.19,0.01,0.24,724230.59,305124.835
20130605,4.21,4.21,4.24,4.19,-0.01,-0.24,586020.6,247472.063
20130606,4.15,4.22,4.24,4.14,-0.06,-1.43,804155.7,337760.628
20130607,4.17,4.15,4.19,4.15,0.02,0.48,576824.06,240855.408
20130613,4.14,4.15,4.15,4.07,-0.03,-0.72,802999.38,329629.491
20130614,4.16,4.13,4.17,4.1,0.02,0.48,676315.29,279272.429
20130617,4.12,4.16,4.18,4.12,-0.04,-0.96,288795.49,119658.308
20130618,4.16,4.15,4.17,4.12,0.04,0.97,396918.35,164371.6
20130619,4.15,4.16,4.16,4.12,-0.01,-0.24,287865.6,119270.2
20130620,4.06,4.14,4.15,4.04,-0.09,-2.17,454613.74,185374.434
20130621,4.02,4.05,4.06,4.0,-0.04,-0.99,685289.87,275574.966
20130624,3.9,4.03,4.03,3.87,-0.12,-2.99,880418.14,344835.994
20130625,3.96,3.88,3.97,3.81,0.06,1.54,1479312.73,574944.696
20130626,3.74,3.79,3.79,3.4,0.02,0.54,1628844.87,602011.027
20130627,3.81,3.73,3.83,3.72,0.07,1.87,1006050.48,381052.019
20130628,4.02,3.82,4.04,3.8,0.21,5.51,1600125.47,626544.315
20130701,4.03,3.96,4.04,3.94,0.01,0.25,1955918.04,778460.686
20130702,4.02,3.97,4.03,3.95,-0.01,-0.25,1732958.94,691073.105
20130703,3.94,3.97,3.99,3.92,-0.08,-1.99,1988954.91,784317.996
20130704,3.91,3.91,3.95,3.9,-0.03,-0.76,899153.83,352602.111
20130705,3.95,3.91,3.96,3.9,0.04,1.02,605556.75,237916.81
20130708,3.95,3.93,3.96,3.9,0.0,0.0,932607.95,366207.894
20130709,3.95,3.93,3.96,3.9,0.0,0.0,1183511.1,466157.117
20130710,3.93,3.93,3.96,3.9,-0.02,-0.51,812341.43,319343.194
20130711,3.98,3.93,4.02,3.92,0.05,1.27,1641645.01,651671.499
20130712,3.96,3.97,3.98,3.91,-0.02,-0.5,1310312.5,516501.013
20130715,3.94,3.96,3.97,3.93,-0.02,-0.51,730510.77,288318.394
20130716,3.95,3.93,3.96,3.92,0.01,0.25,591915.62,232937.777
20130717,3.95,3.94,3.97,3.92,0.0,0.0,676988.25,267660.055
20130718,3.93,3.94,3.95,3.92,-0.02,-0.51,653553.61,257025.904
20130719,3.95,3.93,3.95,3.9,0.02,0.51,1131554.38,444226.951
20130722,3.93,3.92,3.94,3.89,-0.02,-0.51,1327113.24,519555.109
20130723,3.93,3.91,3.95,3.9,0.0,0.0,1023049.63,402182.607
20130724,3.92,3.93,3.94,3.9,-0.01,-0.25,532148.54,208735.16
20130725,3.91,3.93,3.94,3.91,-0.01,-0.26,386258.73,151562.518
20130726,3.91,3.9,3.93,3.9,0.0,0.0,360404.54,141133.895
20130729,3.89,3.9,3.91,3.88,-0.02,-0.51,395072.51,153690.529
20130730,3.91,3.9,3.93,3.88,0.02,0.51,498601.82,194833.55
20130731,3.89,3.92,3.92,3.89,-0.02,-0.51,297179.33,115832.286
20130801,3.91,3.9,3.93,3.89,0.02,0.51,404779.24,158357.135
20130802,3.91,3.93,3.94,3.91,0.0,0.0,328836.79,128935.613
20130805,3.92,3.92,3.93,3.9,0.01,0.26,162546.03,63657.06
20130806,3.9,3.91,3.93,3.9,-0.02,-0.51,325124.5,127135.339
20130807,3.89,3.9,3.92,3.89,-0.01,-0.26,352405.78,137471.632
20130808,3.9,3.89,3.92,3.89,0.01,0.26,228680.62,89191.725
20130809,3.91,3.91,3.92,3.89,0.01,0.26,302811.47,118156.296
20130812,3.95,3.91,3.96,3.9,0.04,1.02,495232.13,194804.775
20130813,3.95,3.95,3.96,3.92,0.0,0.0,355749.33,140230.171
20130814,3.94,3.95,3.97,3.93,-0.01,-0.25,303369.43,119967.383
20130815,3.95,3.95,3.97,3.94,0.01,0.25,342271.3,135362.505
20130816,3.95,3.95,4.35,3.93,0.0,0.0,1881609.43,755502.867
20130819,3.93,3.91,3.95,3.9,-0.02,-0.51,720079.76,282469.127
20130820,3.92,3.93,3.95,3.91,-0.01,-0.25,520953.6,205010.937
20130821,3.92,3.93,3.94,3.9,0.0,0.0,315134.9,123578.175
20130822,3.91,3.93,3.94,3.85,-0.01,-0.26,396468.15,155079.532
20130823,3.89,3.92,3.93,3.86,-0.02,-0.51,367447.8,143269.444
20130826,3.93,3.89,3.94,3.87,0.04,1.03,332451.53,130266.954
20130827,3.9,3.92,3.93,3.9,-0.03,-0.76,270502.3,105790.284
20130828,3.88,3.9,3.9,3.87,-0.02,-0.51,298371.69,115799.906
20130829,3.87,3.9,3.9,3.86,-0.01,-0.26,231350.89,89640.764
20130830,3.9,3.87,3.9,3.86,0.03,0.78,319904.18,124197.267
20130902,3.89,3.9,3.9,3.88,-0.01,-0.26,370105.05,144074.326
20130903,3.94,3.9,3.94,3.88,0.05,1.29,567710.16,222292.119
20130904,3.93,3.93,3.94,3.89,-0.01,-0.25,456967.79,178643.514
20130905,3.91,3.92,3.93,3.9,-0.02,-0.51,219451.84,85846.871
20130906,3.91,3.91,3.93,3.9,0.0,0.0,326747.03,127818.225
20130909,4.08,3.91,4.11,3.91,0.17,4.35,2213073.04,891881.107
20130910,3.98,4.05,4.06,3.97,-0.1,-2.45,1729538.04,691467.576
20130911,3.99,4.0,4.01,3.98,0.01,0.25,792272.73,316649.753
20130912,4.05,3.99,4.08,3.97,0.06,1.5,1267876.6,510212.78
20130913,3.99,4.03,4.03,3.98,-0.06,-1.48,667484.37,267366.941
20130916,3.98,3.99,4.01,3.97,-0.01,-0.25,599968.08,239401.816
20130917,3.93,3.97,3.98,3.93,-0.05,-1.26,538822.04,212587.589
20130918,3.91,3.94,3.94,3.9,-0.02,-0.51,555803.99,217719.226
20130923,3.91,3.92,3.93,3.9,0.0,0.0,564140.83,220788.723
20130924,3.89,3.9,3.91,3.87,-0.02,-0.51,601470.96,234101.794
20130925,3.88,3.89,3.91,3.88,-0.01,-0.26,390415.35,152033.594
20130926,3.85,3.88,3.89,3.83,-0.03,-0.77,587325.48,226477.784
20130927,3.86,3.85,3.88,3.84,0.01,0.26,353911.42,136494.428
20130930,3.86,3.87,3.87,3.84,0.0,0.0,326499.74,125892.261
20131008,3.87,3.85,3.87,3.84,0.01,0.26,419660.76,161743.96
20131009,3.86,3.85,3.87,3.84,-0.01,-0.26,351036.39,135309.02
20131010,3.86,3.86,3.88,3.84,0.0,0.0,381184.56,147014.804
20131011,3.89,3.87,3.9,3.87,0.03,0.78,519935.91,201912.152
20131014,3.88,3.9,3.91,3.86,-0.01,-0.26,372529.19,144730.858
20131015,3.84,3.87,3.88,3.83,-0.04,-1.03,536116.2,206315.349
20131016,3.86,3.84,3.87,3.84,0.02,0.52,473251.4,182397.073
20131017,3.86,3.86,3.88,3.85,0.0,0.0,404332.52,156243.919
20131018,3.84,3.86,3.89,3.84,-0.02,-0.52,470142.03,181769.007
20131021,3.86,3.85,3.87,3.83,0.02,0.52,371387.93,143098.992
20131022,3.84,3.86,3.87,3.84,-0.02,-0.52,262209.58,100936.676
20131023,3.84,3.86,3.87,3.84,0.0,0.0,306006.56,117876.566
20131024,3.81,3.85,3.85,3.8,-0.03,-0.78,460429.08,176225.034
20131025,3.78,3.81,3.84,3.77,-0.03,-0.79,536542.01,204404.211
20131028,3.76,3.79,3.8,3.75,-0.02,-0.53,249890.3,94301.966
20131029,3.8,3.76,3.82,3.76,0.04,1.06,640971.2,242895.764
20131030,3.81,3.8,3.82,3.77,0.01,0.26,474518.25,180177.565
20131031,3.82,3.81,3.84,3.77,0.01,0.26,694006.88,264194.62
20131101,3.84,3.83,3.85,3.81,0.02,0.52,505289.28,193510.045
20131104,3.84,3.85,3.86,3.83,0.0,0.0,426727.26,163750.474
20131105,3.83,3.83,3.84,3.8,-0.01,-0.26,530217.42,202467.362
20131106,3.8,3.82,3.83,3.8,-0.03,-0.78,386487.07,147151.145
20131107,3.83,3.8,3.84,3.79,0.03,0.79,489970.59,186854.504
20131108,3.82,3.82,3.84,3.82,-0.01,-0.26,392775.07,150245.582
20131111,3.83,3.81,3.84,3.8,0.01,0.26,419478.98,160663.163
20131112,3.83,3.83,3.85,3.82,0.0,0.0,540416.89,207316.419
20131113,3.8,3.83,3.84,3.78,-0.03,-0.78,567927.43,216025.766
20131114,3.79,3.79,3.8,3.77,-0.01,-0.2632,584424.31,221396.665
20131115,3.79,3.79,3.82,3.77,0.0,0.0,878882.44,333598.078
20131118,3.83,3.79,3.84,3.78,0.04,1.06,1127632.73,429133.838
20131119,3.82,3.83,3.83,3.81,-0.01,-0.26,841873.98,321595.521
20131120,3.83,3.82,3.83,3.8,0.01,0.26,689144.27,262839.024
20131121,3.89,3.81,3.9,3.78,0.06,1.57,1395441.19,533544.652
20131122,3.86,3.85,3.87,3.83,-0.03,-0.77,986750.5,379861.623
20131125,3.81,3.84,3.85,3.81,-0.05,-1.3,558601.41,213634.862
20131126,3.79,3.81,3.82,3.78,-0.02,-0.52,658407.81,249935.695
20131127,3.79,3.79,3.81,3.78,0.0,0.0,559031.05,212024.688
20131128,3.8,3.8,3.82,3.79,0.01,0.26,548669.83,208618.892
20131129,3.8,3.8,3.81,3.79,0.0,0.0,444179.8,168585.659
20131202,3.87,3.8,3.89,3.79,0.07,1.84,1807564.37,691793.602
20131203,3.82,3.83,3.84,3.81,-0.05,-1.29,873965.28,334064.203
20131204,3.83,3.82,3.84,3.8,0.01,0.26,964744.78,369051.33
20131205,3.81,3.83,3.83,3.8,-0.02,-0.52,1076243.05,409843.926
20131206,3.81,3.81,3.82,3.8,0.0,0.0,534274.71,203329.579
20131209,3.8,3.81,3.82,3.79,-0.01,-0.26,752004.94,286042.373
20131210,3.8,3.8,3.81,3.79,0.0,0.0,621401.46,235931.097
20131211,3.78,3.79,3.8,3.77,-0.02,-0.53,975061.18,369140.498
20131212,3.76,3.78,3.78,3.75,-0.02,-0.53,628666.6,236513.151
20131213,3.72,3.75,3.76,3.69,-0.04,-1.06,1078069.47,401143.566
20131216,3.69,3.72,3.73,3.68,-0.03,-0.81,694463.6,257041.128
20131217,3.68,3.7,3.71,3.67,-0.01,-0.27,488924.94,180106.853
20131218,3.67,3.68,3.68,3.66,-0.01,-0.27,584279.76,214204.599
20131219,3.63,3.67,3.68,3.62,-0.04,-1.09,864285.93,315055.24
20131220,3.57,3.63,3.63,3.56,-0.06,-1.65,1426844.94,511709.838
20131223,3.58,3.58,3.6,3.56,0.01,0.28,493553.27,176707.619
20131224,3.58,3.59,3.6,3.57,0.0,0.0,343046.29,122969.087
20131225,3.59,3.59,3.6,3.58,0.01,0.28,286853.42,102842.887
20131226,3.55,3.59,3.59,3.53,-0.04,-1.11,439358.13,156483.683
20131227,3.58,3.55,3.6,3.53,0.03,0.85,679225.22,242109.099
20131230,3.55,3.59,3.59,3.55,-0.03,-0.84,476321.35,169902.707
20131231,3.58,3.56,3.59,3.55,0.03,0.85,575859.98,205773.939
20140102,3.58,3.58,3.59,3.56,0.0,0.0,403770.49,144322.684
20140103,3.56,3.57,3.58,3.55,-0.02,-0.56,435310.21,155045.63
20140106,3.55,3.56,3.56,3.51,-0.01,-0.28,698465.6,246594.71
20140107,3.55,3.53,3.55,3.51,0.0,0.0,412385.08,145700.733
20140108,3.57,3.54,3.58,3.53,0.02,0.56,519443.77,184598.28
20140109,3.53,3.56,3.58,3.51,-0.04,-1.12,446215.8,158308.776
20140110,3.53,3.53,3.55,3.5,0.0,0.0,417337.08,146710.869
20140113,3.54,3.54,3.55,3.52,0.01,0.28,444106.73,157225.808
20140114,3.52,3.53,3.53,3.5,-0.02,-0.57,437080.09,153539.504
20140115,3.46,3.51,3.52,3.44,-0.06,-1.7,708146.8,245136.921
20140116,3.43,3.45,3.46,3.42,-0.03,-0.87,773812.62,265323.472
20140117,3.41,3.41,3.42,3.4,-0.02,-0.58,610188.25,208115.089
20140120,3.4,3.41,3.42,3.38,-0.01,-0.29,525165.08,178208.381
20140121,3.4,3.39,3.42,3.38,0.0,0.0,518005.18,176034.307
20140122,3.43,3.4,3.43,3.39,0.03,0.88,782298.37,267481.532
20140123,3.4,3.41,3.42,3.39,-0.03,-0.87,532036.66,181212.873
20140124,3.4,3.4,3.41,3.39,0.0,0.0,495226.32,168323.053
20140127,3.36,3.39,3.4,3.33,-0.04,-1.18,993853.74,334070.079
20140128,3.39,3.36,3.4,3.35,0.03,0.89,500112.7,168680.556
20140129,3.44,3.38,3.44,3.38,0.05,1.47,602624.86,206033.407
20140130,3.41,3.43,3.44,3.4,-0.03,-0.87,277530.4,94793.008
20140207,3.4,3.39,3.4,3.37,-0.01,-0.29,278756.15,94412.41
20140210,3.42,3.41,3.43,3.4,0.02,0.59,495087.3,169111.698
20140211,3.45,3.41,3.47,3.39,0.03,0.88,991579.13,340801.167
20140212,3.44,3.44,3.45,3.43,-0.01,-0.29,398125.19,136940.787
20140213,3.44,3.43,3.48,3.42,0.0,0.0,734776.3,253188.539
20140214,3.43,3.45,3.45,3.42,-0.01,-0.29,355154.24,121992.195
20140217,3.44,3.44,3.46,3.43,0.01,0.29,514046.32,177066.551
20140218,3.43,3.44,3.45,3.42,-0.01,-0.29,421805.2,144983.184
20140219,3.48,3.43,3.52,3.42,0.05,1.46,860473.71,298476.141
20140220,3.44,3.47,3.5,3.43,-0.04,-1.15,557895.41,193317.665
20140221,3.44,3.44,3.45,3.42,0.0,0.0,288343.8,99051.213
20140224,3.37,3.42,3.42,3.36,-0.07,-2.03,606592.15,204851.198
20140225,3.37,3.37,3.39,3.36,0.0,0.0,450423.66,151894.896
20140226,3.34,3.36,3.38,3.32,-0.03,-0.89,406690.39,136184.102
20140227,3.36,3.34,3.36,3.32,0.02,0.6,651818.5,217624.752
20140228,3.34,3.35,3.35,3.32,-0.02,-0.6,540628.32,180274.486
20140303,3.33,3.33,3.35,3.31,-0.01,-0.3,653267.76,217250.856
20140304,3.34,3.33,3.34,3.31,0.01,0.3,516743.42,171717.43
20140305,3.32,3.34,3.34,3.31,-0.02,-0.6,406227.6,134971.247
20140306,3.33,3.32,3.34,3.3,0.01,0.3,392028.82,130249.784
20140307,3.33,3.33,3.34,3.31,0.0,0.0,372930.93,124087.872
20140310,3.26,3.32,3.32,3.25,-0.07,-2.1,660832.74,217386.751
20140311,3.23,3.26,3.26,3.2,-0.03,-0.92,836437.8,269747.734
20140312,3.23,3.22,3.23,3.2,0.0,0.0,544831.74,175098.474
20140313,3.27,3.24,3.32,3.23,0.04,1.24,828319.47,271101.221
20140314,3.24,3.25,3.26,3.22,-0.03,-0.92,531060.73,171718.788
20140317,3.25,3.24,3.26,3.22,0.01,0.31,379254.34,123069.869
20140318,3.26,3.26,3.27,3.24,0.01,0.31,368116.48,119946.337
20140319,3.28,3.25,3.28,3.24,0.02,0.61,466844.31,152143.729
20140320,3.28,3.27,3.32,3.26,0.0,0.0,621259.06,205019.393
20140321,3.34,3.27,3.37,3.27,0.06,1.83,1264707.11,421791.386
20140324,3.38,3.35,3.39,3.34,0.04,1.2,745278.59,250975.794
20140325,3.36,3.38,3.38,3.35,-0.02,-0.59,333137.61,112056.92
20140326,3.4,3.36,3.4,3.36,0.04,1.19,505887.06,171295.661
20140327,3.38,3.39,3.42,3.36,-0.02,-0.59,436237.84,147905.606
20140328,3.46,3.39,3.49,3.38,0.08,2.37,1019659.82,351928.382
20140331,3.45,3.47,3.49,3.43,-0.01,-0.29,607985.36,210334.031
20140401,3.45,3.45,3.47,3.44,0.0,0.0,385528.66,133253.038
20140402,3.44,3.45,3.46,3.42,-0.01,-0.29,566734.65,195055.794
20140403,3.42,3.45,3.45,3.41,-0.02,-0.58,523155.07,179540.464
20140404,3.43,3.41,3.44,3.4,0.01,0.29,313933.71,107598.872
20140408,3.5,3.43,3.5,3.42,0.07,2.04,940740.53,326594.508
20140409,3.48,3.49,3.51,3.47,-0.02,-0.57,547616.57,190945.474
20140410,3.55,3.48,3.56,3.47,0.07,2.01,971001.09,341689.78
20140411,3.52,3.55,3.55,3.51,-0.03,-0.85,801352.46,282820.807
20140414,3.5,3.53,3.54,3.49,-0.02,-0.57,467053.85,163920.081
20140415,3.46,3.49,3.5,3.44,-0.04,-1.14,347110.15,120443.368
20140416,3.5,3.46,3.51,3.44,0.04,1.16,523770.67,182339.543
20140417,3.48,3.5,3.5,3.46,-0.02,-0.57,291826.7,101512.589
20140418,3.47,3.46,3.47,3.44,-0.01,-0.29,249784.03,86379.587
20140421,3.44,3.46,3.49,3.44,-0.03,-0.86,281674.19,97655.994
20140422,3.45,3.43,3.47,3.43,0.01,0.29,272779.77,94005.953
20140423,3.44,3.44,3.45,3.42,-0.01,-0.29,335394.72,115163.319
20140424,3.42,3.43,3.47,3.41,-0.02,-0.58,375714.33,129185.926
20140425,3.45,3.44,3.46,3.42,0.03,0.88,411856.14,142064.775
20140428,3.46,3.46,3.47,3.45,0.01,0.29,441036.34,152664.988
20140429,3.45,3.45,3.46,3.44,-0.01,-0.29,378904.27,130762.813
20140430,3.44,3.45,3.45,3.41,-0.01,-0.29,322448.72,110570.245
20140505,3.42,3.42,3.43,3.39,-0.02,-0.58,427509.73,145549.109
20140506,3.4,3.42,3.43,3.39,-0.02,-0.58,490640.31,167403.957
20140507,3.42,3.4,3.42,3.4,0.02,0.59,317288.15,108261.31
20140508,3.43,3.4,3.45,3.4,0.01,0.29,412583.72,141691.318
20140509,3.45,3.44,3.47,3.43,0.02,0.58,455994.31,157470.921
20140512,3.48,3.45,3.5,3.44,0.03,0.87,687883.13,239121.067
20140513,3.46,3.49,3.49,3.45,-0.02,-0.57,386032.01,133725.79
20140514,3.45,3.46,3.48,3.44,-0.01,-0.29,376448.04,130153.188
20140515,3.47,3.45,3.48,3.44,0.02,0.58,365033.06,126447.489
20140516,3.48,3.47,3.49,3.46,0.01,0.29,384865.87,133887.121
20140519,3.46,3.47,3.48,3.44,-0.02,-0.57,429141.05,148366.242
20140520,3.47,3.47,3.48,3.45,0.01,0.29,366559.83,127029.145
20140521,3.49,3.46,3.49,3.45,0.02,0.58,376128.37,130801.342
20140522,3.5,3.48,3.52,3.48,0.01,0.29,466326.14,163455.225
20140523,3.52,3.5,3.52,3.49,0.02,0.57,296705.4,104079.43
20140526,3.51,3.53,3.53,3.5,-0.01,-0.28,308996.33,108660.752
20140527,3.53,3.51,3.55,3.51,0.02,0.57,437589.26,154495.832
20140528,3.57,3.53,3.58,3.53,0.04,1.13,476969.74,169771.453
20140529,3.57,3.58,3.59,3.56,0.0,0.0,337061.43,120463.082
20140530,3.56,3.57,3.58,3.55,-0.01,-0.28,474431.92,168772.414
20140603,3.58,3.56,3.6,3.56,0.02,0.56,514137.37,184447.556
20140604,3.57,3.59,3.6,3.56,-0.01,-0.28,497486.89,178016.457
20140605,3.63,3.57,3.63,3.56,0.06,1.68,752307.0,271553.141
20140606,3.61,3.63,3.65,3.61,-0.02,-0.55,609430.44,221037.086
20140609,3.66,3.61,3.68,3.61,0.05,1.39,503788.07,184095.046
20140610,3.73,3.66,3.74,3.66,0.07,1.91,962859.3,356415.887
20140611,3.72,3.72,3.75,3.68,-0.01,-0.27,797624.01,296021.683
20140612,3.71,3.7,3.73,3.69,-0.01,-0.27,470827.38,174600.02
20140613,3.74,3.7,3.74,3.7,0.03,0.81,637149.56,237100.652
20140616,3.78,3.74,3.78,3.72,0.04,1.07,962021.93,360544.988
20140617,3.73,3.76,3.78,3.7,-0.05,-1.32,1074291.51,401236.786
20140618,3.74,3.73,3.74,3.69,0.01,0.27,1101705.63,409642.586
20140619,3.71,3.73,3.74,3.69,-0.03,-0.8,919291.76,341008.181
20140620,3.45,3.45,3.46,3.37,0.0,0.0,1069966.36,365450.419
20140623,3.41,3.44,3.44,3.41,-0.04,-1.16,551313.33,188658.563
20140624,3.42,3.41,3.42,3.39,0.01,0.29,548924.34,187063.555
20140625,3.38,3.41,3.41,3.37,-0.04,-1.17,512791.43,173474.63
20140626,3.39,3.38,3.4,3.37,0.01,0.3,481944.64,163191.65
20140627,3.39,3.39,3.4,3.37,0.0,0.0,334727.91,113335.626
20140630,3.39,3.39,3.41,3.38,0.0,0.0,306463.79,104236.375
20140701,3.39,3.4,3.41,3.38,0.0,0.0,432986.13,146999.048
20140702,3.41,3.39,3.42,3.38,0.02,0.59,429136.24,146051.276
20140703,3.42,3.4,3.43,3.4,0.01,0.29,402427.23,137321.656
20140704,3.42,3.42,3.43,3.41,0.0,0.0,347687.15,118962.211
20140707,3.45,3.42,3.45,3.41,0.03,0.88,385687.68,132560.962
20140708,3.47,3.45,3.48,3.44,0.02,0.58,560558.11,194092.166
20140709,3.42,3.47,3.47,3.42,-0.05,-1.44,416572.52,143592.606
20140710,3.45,3.42,3.46,3.41,0.03,0.88,566091.48,194960.633
20140711,3.44,3.44,3.47,3.44,-0.01,-0.29,289527.24,99891.838
20140714,3.45,3.45,3.46,3.43,0.01,0.29,479152.1,164956.054
20140715,3.47,3.46,3.47,3.44,0.02,0.58,588123.87,203120.14
20140716,3.46,3.46,3.47,3.45,-0.01,-0.29,435996.84,150728.347
20140717,3.45,3.45,3.45,3.43,-0.01,-0.29,351237.96,120865.506
20140718,3.45,3.43,3.46,3.43,0.0,0.0,418429.47,144061.822
20140721,3.42,3.45,3.45,3.41,-0.03,-0.87,402663.16,138149.793
20140722,3.43,3.41,3.45,3.41,0.01,0.29,531474.48,182250.51
20140723,3.44,3.43,3.45,3.42,0.01,0.29,487619.2,167686.443
20140724,3.48,3.44,3.49,3.43,0.04,1.16,942441.53,327063.101
20140725,3.52,3.49,3.52,3.48,0.04,1.15,683397.25,239362.689
20140728,3.6,3.53,3.62,3.53,0.08,2.27,2174887.93,780449.659
20140729,3.59,3.6,3.61,3.57,-0.01,-0.28,1117542.92,401561.736
20140730,3.57,3.59,3.6,3.55,-0.02,-0.56,948511.28,339551.731
20140731,3.6,3.57,3.6,3.55,0.03,0.84,746022.13,266562.206
20140801,3.59,3.59,3.62,3.58,-0.01,-0.28,1025431.8,369978.476
20140804,3.61,3.59,3.62,3.58,0.02,0.56,981560.81,353362.641
20140805,3.59,3.61,3.62,3.57,-0.02,-0.55,1027056.94,368653.772
20140806,3.58,3.58,3.59,3.55,-0.01,-0.28,728211.56,259875.186
20140807,3.52,3.57,3.58,3.51,-0.06,-1.68,1022450.67,363092.997
20140808,3.51,3.52,3.53,3.47,-0.01,-0.28,841175.83,295163.85
20140811,3.56,3.51,3.59,3.5,0.05,1.42,848387.24,301213.132
20140812,3.53,3.57,3.57,3.52,-0.03,-0.84,482511.9,170637.053
20140813,3.51,3.53,3.54,3.5,-0.02,-0.57,764474.56,269019.856
20140814,3.51,3.52,3.54,3.5,0.0,0.0,534689.57,188247.73
20140815,3.52,3.51,3.53,3.5,0.01,0.28,494037.69,173885.558
20140818,3.51,3.52,3.54,3.5,-0.01,-0.28,769530.81,270731.29
20140819,3.52,3.52,3.52,3.5,0.01,0.28,520167.91,182500.052
20140820,3.52,3.51,3.53,3.5,0.0,0.0,476806.76,167408.799
20140821,3.5,3.51,3.52,3.48,-0.02,-0.57,598790.14,209451.071
20140822,3.51,3.5,3.51,3.49,0.01,0.29,458915.69,160718.151
20140825,3.5,3.51,3.51,3.48,-0.01,-0.28,621282.92,217130.609
20140826,3.49,3.49,3.51,3.48,-0.01,-0.29,555531.05,193874.314
20140827,3.49,3.49,3.49,3.47,0.0,0.0,483916.48,168422.297
20140828,3.44,3.48,3.49,3.43,-0.05,-1.43,611436.05,211233.343
20140829,3.46,3.45,3.48,3.43,0.02,0.58,689337.56,238208.817
20140901,3.48,3.47,3.5,3.45,0.02,0.58,656466.64,228556.178
20140902,3.52,3.48,3.53,3.47,0.04,1.15,940038.17,328181.473
20140903,3.55,3.52,3.56,3.51,0.03,0.85,890317.59,315275.884
20140904,3.59,3.56,3.59,3.54,0.04,1.13,809545.74,289018.084
20140905,3.61,3.59,3.61,3.58,0.02,0.56,977109.95,351623.842
20140909,3.59,3.61,3.61,3.58,-0.02,-0.55,499126.21,179309.281
20140910,3.56,3.58,3.58,3.55,-0.03,-0.84,665183.86,236905.181
20140911,3.55,3.56,3.6,3.54,-0.01,-0.28,601615.79,214417.955
20140912,3.57,3.55,3.57,3.54,0.02,0.56,292577.1,103973.853
20140915,3.57,3.55,3.57,3.53,0.0,0.0,678199.88,240406.683
20140916,3.55,3.56,3.58,3.54,-0.02,-0.56,1196466.01,425997.777
20140917,3.56,3.56,3.57,3.54,0.01,0.28,742102.38,264173.456
20140918,3.56,3.56,3.57,3.53,0.0,0.0,774496.24,275070.773
20140919,3.56,3.56,3.56,3.53,0.0,0.0,858290.75,304118.47
20140922,3.49,3.54,3.55,3.48,-0.07,-1.97,731005.87,256638.957
20140923,3.5,3.49,3.5,3.48,0.01,0.29,541459.42,189055.794
20140924,3.54,3.48,3.55,3.48,0.04,1.14,1196883.56,420615.717
20140925,3.55,3.56,3.56,3.53,0.01,0.28,997465.39,354272.495
20140926,3.55,3.54,3.56,3.52,0.0,0.0,489636.89,173530.761
20140929,3.52,3.54,3.55,3.51,-0.03,-0.85,823597.83,290542.529
20140930,3.53,3.52,3.53,3.51,0.01,0.28,674663.03,237434.906
20141008,3.53,3.53,3.54,3.49,0.0,0.0,1035547.54,363668.608
20141009,3.52,3.52,3.53,3.51,-0.01,-0.28,701507.56,246661.729
20141010,3.51,3.51,3.52,3.5,-0.01,-0.28,668585.62,234263.416
20141013,3.48,3.5,3.51,3.48,-0.03,-0.85,828470.57,288764.16
20141014,3.48,3.48,3.5,3.48,0.0,0.0,514248.91,179211.302
20141015,3.5,3.48,3.51,3.47,0.02,0.57,510453.11,178181.969
20141016,3.52,3.49,3.53,3.48,0.02,0.57,895555.69,314377.919
20141017,3.52,3.52,3.52,3.5,0.0,0.0,688790.4,241808.903
20141020,3.52,3.52,3.53,3.5,0.0,0.0,564222.28,198398.591
20141021,3.51,3.52,3.52,3.49,-0.01,-0.28,656450.75,230232.815
20141022,3.5,3.5,3.53,3.49,-0.01,-0.28,946626.61,332294.523
20141023,3.52,3.5,3.53,3.49,0.02,0.57,931503.78,327702.765
20141024,3.52,3.51,3.53,3.5,0.0,0.0,760484.64,267439.463
20141027,3.49,3.51,3.52,3.48,-0.03,-0.85,668996.74,233997.088
20141028,3.52,3.49,3.53,3.49,0.03,0.86,575108.18,201800.038
20141029,3.54,3.52,3.56,3.51,0.02,0.57,1127215.8,398318.408
20141030,3.59,3.55,3.6,3.54,0.05,1.41,1489664.83,532277.875
20141031,3.66,3.59,3.69,3.59,0.07,1.95,2169955.81,790282.55
20141103,3.63,3.67,3.67,3.62,-0.03,-0.82,1270580.57,462810.303
20141104,3.64,3.63,3.66,3.61,0.01,0.28,1051042.92,381144.412
20141105,3.58,3.64,3.65,3.57,-0.06,-1.65,1974282.59,709205.821
20141106,3.57,3.58,3.59,3.54,-0.01,-0.28,1173598.95,418473.859
20141107,3.57,3.56,3.61,3.54,0.0,0.0,1401025.72,500760.09
20141110,3.67,3.6,3.67,3.59,0.1,2.8,1929556.45,700418.35
20141111,3.81,3.69,3.92,3.69,0.14,3.81,5598215.92,2139143.722
20141112,3.76,3.78,3.78,3.72,-0.05,-1.31,1775729.82,665749.659
20141113,3.76,3.76,3.83,3.75,0.0,0.0,1864774.72,706374.416
20141114,3.78,3.78,3.79,3.74,0.02,0.53,1319532.61,496181.93
20141117,3.75,3.88,3.89,3.74,-0.03,-0.79,2171022.36,827209.359
20141118,3.72,3.79,3.8,3.71,-0.03,-0.8,1522533.28,569736.043
20141119,3.69,3.7,3.72,3.67,-0.03,-0.81,1079676.68,398616.824
20141120,3.68,3.68,3.7,3.65,-0.01,-0.27,923723.22,339571.207
20141121,3.73,3.69,3.75,3.67,0.05,1.36,1114659.74,413475.394
20141124,3.73,3.7,3.78,3.68,0.0,0.0,1756372.26,657357.495
20141125,3.77,3.73,3.79,3.72,0.04,1.07,1603068.01,602064.277
20141126,3.82,3.77,3.82,3.75,0.05,1.33,2489964.68,944879.761
20141127,3.83,3.84,3.85,3.81,0.01,0.26,3064359.79,1174924.771
20141128,4.04,3.83,4.05,3.82,0.21,5.48,8537071.09,3356783.532
20141201,4.01,4.05,4.16,4.0,-0.03,-0.74,6506806.77,2639519.929
20141202,4.18,3.98,4.22,3.96,0.17,4.24,6677990.93,2730542.498
20141203,4.1,4.16,4.26,4.08,-0.08,-1.91,6488922.34,2697790.346
20141204,4.27,4.1,4.28,4.08,0.17,4.15,7137843.85,2985764.712
20141205,4.59,4.3,4.68,4.22,0.32,7.49,10246443.92,4580277.198
20141208,4.63,4.49,4.75,4.38,0.04,0.87,8713062.72,3966081.669
20141209,4.2,4.54,4.62,4.17,-0.43,-9.29,11371609.77,5075553.003
20141210,4.3,4.17,4.33,4.07,0.1,2.38,6160824.89,2574925.938
20141211,4.2,4.21,4.31,4.17,-0.1,-2.33,3721973.25,1574301.137
20141212,4.21,4.22,4.3,4.18,0.01,0.24,3137927.62,1327654.285
20141215,4.13,4.18,4.19,4.07,-0.08,-1.9,3420450.83,1408312.776
20141216,4.25,4.12,4.27,4.12,0.12,2.91,4723265.96,1978360.478
20141217,4.47,4.27,4.52,4.21,0.22,5.18,9964655.01,4344311.492
20141218,4.35,4.46,4.47,4.32,-0.12,-2.68,5480073.55,2403489.54
20141219,4.41,4.34,4.45,4.31,0.06,1.38,6054376.24,2657662.794
20141222,4.71,4.46,4.8,4.46,0.3,6.8,17465550.98,8172305.401
20141223,4.48,4.6,4.67,4.46,-0.23,-4.88,7783031.77,3564935.681
20141224,4.33,4.51,4.53,4.26,-0.15,-3.35,6245797.69,2720391.845
20141225,4.46,4.38,4.5,4.34,0.13,3.0,5493030.57,2432539.527
20141226,4.62,4.47,4.64,4.45,0.16,3.59,6707734.69,3048645.993
20141229,4.61,4.78,4.82,4.55,-0.01,-0.22,8862666.98,4174208.088
20141230,4.71,4.61,4.78,4.57,0.1,2.17,6966027.65,3268242.966
20141231,4.87,4.73,4.92,4.65,0.16,3.4,10502946.65,5049596.408
20150105,5.06,4.93,5.15,4.9,0.19,3.9,13658516.84,6849226.392
20150106,5.1,5.0,5.36,4.95,0.04,0.79,14975615.38,7672746.031
20150107,5.04,5.0,5.1,4.95,-0.06,-1.18,8105967.32,4076793.928
20150108,4.83,5.05,5.07,4.8,-0.21,-4.17,6920490.68,3396521.114
20150109,4.88,4.82,5.15,4.74,0.05,1.04,9915903.81,4905936.678
20150112,4.82,4.85,4.92,4.72,-0.06,-1.23,5470374.11,2638839.482
20150113,4.82,4.79,4.86,4.78,0.0,0.0,2685262.04,1292588.734
20150114,4.89,4.84,4.97,4.83,0.07,1.45,5396964.72,2645522.586
20150115,5.09,4.89,5.12,4.85,0.2,4.09,6232084.65,3093536.176
20150116,5.15,5.12,5.27,5.1,0.06,1.18,7868540.49,4073206.065
20150119,4.64,4.8,4.93,4.64,-0.51,-9.9,9924686.74,4725213.491
20150120,4.64,4.66,4.74,4.53,0.0,0.0,6479209.11,3017983.797
20150121,4.92,4.68,4.98,4.64,0.28,6.03,7928433.6,3797531.308
20150122,4.88,4.92,4.93,4.8,-0.04,-0.81,5696592.76,2770806.673
20150123,4.98,4.91,5.13,4.91,0.1,2.05,9319396.14,4664106.456
20150126,4.93,4.97,4.99,4.84,-0.05,-1.0,5326524.5,2614900.697
20150127,4.78,4.93,4.93,4.69,-0.15,-3.04,7041010.48,3376429.915
20150128,4.69,4.73,4.77,4.65,-0.09,-1.88,5512967.88,2591288.937
20150129,4.56,4.61,4.64,4.53,-0.13,-2.77,5775368.74,2643394.327
20150130,4.54,4.59,4.62,4.51,-0.02,-0.44,4194273.78,1912726.802
20150202,4.41,4.48,4.48,4.38,-0.13,-2.86,5080241.74,2250689.471
20150203,4.5,4.45,4.51,4.37,0.09,2.04,5615865.55,2491369.365
20150204,4.41,4.5,4.53,4.4,-0.09,-2.0,4643943.21,2074139.748
20150205,4.4,4.59,4.61,4.39,-0.01,-0.23,7609649.24,3426932.844
20150206,4.3,4.37,4.38,4.27,-0.1,-2.27,5037135.07,2182154.826
20150209,4.3,4.27,4.34,4.24,0.0,0.0,4755478.14,2036829.404
20150210,4.36,4.29,4.36,4.27,0.06,1.4,4510464.49,1950964.757
20150211,4.33,4.31,4.36,4.3,-0.03,-0.69,2963369.97,1282181.809
20150212,4.34,4.32,4.35,4.28,0.01,0.23,2973674.02,1282864.139
20150213,4.44,4.36,4.46,4.35,0.1,2.3,4825030.76,2127026.621
20150216,4.42,4.43,4.44,4.39,-0.02,-0.45,2371065.93,1047007.241
20150217,4.49,4.43,4.52,4.43,0.07,1.58,3255810.76,1460312.068
20150225,4.49,4.49,4.53,4.46,0.0,0.0,3161083.75,1421512.214
20150226,4.59,4.47,4.61,4.46,0.1,2.23,5011623.53,2273319.301
20150227,4.58,4.6,4.62,4.54,-0.01,-0.22,3811562.07,1747247.971
20150302,4.57,4.59,4.61,4.54,-0.01,-0.22,3072297.41,1403422.877
20150303,4.4,4.54,4.55,4.4,-0.17,-3.72,4399417.63,1964964.727
20150304,4.38,4.4,4.43,4.36,-0.02,-0.45,2484733.65,1091708.183
20150305,4.31,4.35,4.37,4.28,-0.07,-1.6,2953411.22,1275158.923
20150306,4.34,4.32,4.36,4.3,0.03,0.7,2195382.07,951291.995
20150309,4.52,4.36,4.56,4.31,0.18,4.15,5269588.97,2344408.101
20150310,4.42,4.47,4.48,4.41,-0.1,-2.21,3422440.15,1520247.723
20150311,4.46,4.43,4.52,4.43,0.04,0.91,3189575.9,1427555.064
20150312,4.57,4.52,4.65,4.49,0.11,2.47,6654063.47,3044381.303
20150313,4.57,4.61,4.66,4.53,0.0,0.0,5058807.13,2329716.104
20150316,4.6,4.59,4.62,4.55,0.03,0.66,3917081.05,1797078.533
20150317,4.63,4.62,4.64,4.6,0.03,0.65,4545495.5,2099251.225
20150318,4.73,4.63,4.74,4.62,0.1,2.16,6208597.77,2905011.129
20150319,4.69,4.73,4.74,4.67,-0.04,-0.85,5179455.75,2435866.078
20150320,4.72,4.68,4.78,4.65,0.03,0.64,5964981.01,2812444.124
20150323,4.78,4.78,4.81,4.74,0.06,1.27,5349612.93,2555339.29
20150324,4.8,4.81,4.87,4.75,0.02,0.42,7775514.89,3728767.895
20150325,4.69,4.78,4.81,4.68,-0.11,-2.29,6507088.74,3088804.593
20150326,4.72,4.65,4.76,4.62,0.03,0.64,4674255.35,2191189.947
20150327,4.71,4.73,4.75,4.67,-0.01,-0.21,4540518.3,2139574.443
20150330,4.92,4.75,4.94,4.74,0.21,4.46,11375062.84,5509450.632
20150331,4.86,4.99,5.01,4.82,-0.06,-1.22,10047476.55,4946411.247
20150401,4.89,4.83,4.92,4.82,0.03,0.62,6824757.62,3322487.303
20150402,4.85,4.91,4.92,4.81,-0.04,-0.82,5559222.3,2697751.253
20150403,4.87,4.81,4.89,4.79,0.02,0.41,5141818.56,2495174.382
20150407,5.0,4.93,5.0,4.9,0.13,2.67,8617608.62,4270348.187
20150408,5.04,5.01,5.05,4.92,0.04,0.8,8803451.39,4397159.539
20150409,5.03,5.05,5.14,5.0,-0.01,-0.2,8768798.0,4426962.551
20150410,5.1,5.01,5.12,5.0,0.07,1.39,6893611.07,3486315.114
20150413,5.32,5.18,5.33,5.18,0.22,4.31,12595379.12,6605527.35
20150414,5.26,5.3,5.35,5.22,-0.06,-1.13,7637214.66,4035741.591
20150415,5.43,5.26,5.6,5.25,0.17,3.23,11358019.32,6130926.33
20150416,5.62,5.41,5.63,5.37,0.19,3.5,9440080.3,5168772.988
20150417,5.64,5.72,5.76,5.62,0.02,0.36,11548089.55,6557324.194
20150420,5.42,5.69,5.69,5.4,-0.22,-3.9,14141692.14,7840590.089
20150421,5.44,5.4,5.45,5.32,0.02,0.37,12279836.15,6613552.964
20150422,5.52,5.47,5.52,5.42,0.08,1.47,9390308.42,5135954.995
20150423,5.48,5.53,5.53,5.43,-0.04,-0.72,7720454.93,4226012.279
20150424,5.33,5.37,5.4,5.25,-0.15,-2.74,7966623.27,4249846.723
20150427,5.5,5.33,5.5,5.33,0.17,3.19,8948649.23,4866667.546
20150428,5.64,5.53,5.85,5.49,0.14,2.55,15395490.86,8668591.841
20150429,5.53,5.57,5.58,5.44,-0.11,-1.95,7374464.66,4055593.431
20150430,5.41,5.5,5.52,5.4,-0.12,-2.17,6181688.44,3363326.892
20150504,5.39,5.39,5.42,5.36,-0.02,-0.37,4358449.7,2347049.586
20150505,5.14,5.39,5.39,5.11,-0.25,-4.64,7923255.06,4154907.78
20150506,5.13,5.14,5.28,5.1,-0.01,-0.19,5899041.32,3058482.076
20150507,5.08,5.13,5.18,5.07,-0.05,-0.97,4401961.53,2251034.868
20150508,5.15,5.13,5.17,5.07,0.07,1.38,3524749.51,1805319.924
20150511,5.2,5.15,5.21,5.06,0.05,0.97,5454729.34,2796222.796
20150512,5.19,5.22,5.22,5.13,-0.01,-0.19,4470725.92,2315241.867
20150513,5.16,5.21,5.24,5.14,-0.03,-0.58,4477733.43,2320211.067
20150514,5.13,5.18,5.19,5.1,-0.03,-0.58,4277949.76,2200069.035
20150515,5.08,5.12,5.13,5.03,-0.05,-0.97,4599145.55,2333028.782
20150518,5.0,5.03,5.07,4.99,-0.08,-1.57,3388706.35,1703567.925
20150519,5.14,4.99,5.15,4.98,0.14,2.8,4852376.61,2471093.102
20150520,5.15,5.14,5.23,5.11,0.01,0.19,5022615.9,2592655.992
20150521,5.2,5.15,5.24,5.14,0.05,0.97,4049382.68,2103803.865
20150522,5.33,5.25,5.35,5.22,0.13,2.5,5711107.81,3026571.112
20150525,5.44,5.35,5.44,5.35,0.11,2.06,5078210.92,2740220.787
20150526,5.44,5.45,5.47,5.4,0.0,0.0,4910490.8,2667503.857
20150527,5.37,5.45,5.46,5.32,-0.07,-1.29,5919549.67,3187843.858
20150528,5.1,5.36,5.37,5.07,-0.27,-5.03,6858903.58,3597809.754
20150529,5.07,5.07,5.14,5.0,-0.03,-0.59,5387032.77,2730794.598
20150601,5.23,5.07,5.25,5.03,0.16,3.16,7671787.21,3949707.718
20150602,5.2,5.21,5.25,5.14,-0.03,-0.57,5191379.59,2689808.184
20150603,5.2,5.2,5.24,5.12,0.0,0.0,4448077.01,2300977.358
20150604,5.34,5.2,5.38,5.13,0.14,2.69,8768897.85,4623463.322
20150605,5.32,5.41,5.45,5.23,-0.02,-0.37,8747890.4,4673267.97
20150608,5.63,5.32,5.64,5.3,0.31,5.83,17261580.95,9499321.063
20150609,5.52,5.65,5.69,5.45,-0.11,-1.95,13129097.43,7303845.651
20150610,5.43,5.44,5.48,5.41,-0.09,-1.63,7455057.25,4060887.357
20150611,5.42,5.42,5.46,5.35,-0.01,-0.18,4976746.81,2687770.258
20150612,5.44,5.43,5.44,5.37,0.02,0.37,4852188.75,2625858.202
20150615,5.32,5.45,5.51,5.31,-0.12,-2.21,7002854.88,3785027.489
20150616,5.23,5.29,5.37,5.2,-0.09,-1.69,5338684.62,2823396.789
20150617,5.29,5.29,5.32,5.21,0.06,1.15,4848570.86,2553292.514
20150618,5.11,5.26,5.26,5.07,-0.18,-3.4,5059354.46,2624346.92
20150619,4.97,5.08,5.14,4.95,-0.14,-2.74,5697821.02,2884750.204
20150623,5.18,5.0,5.2,4.98,0.21,4.23,6877079.0,3499038.688
20150624,5.22,5.18,5.24,5.13,0.04,0.77,4850953.13,2513574.672
20150625,5.15,5.31,5.34,5.12,-0.07,-1.34,5370492.0,2819104.972
20150626,4.98,5.11,5.17,4.85,-0.17,-3.3,7757870.99,3910574.672
20150629,5.07,5.04,5.1,4.7,0.09,1.81,9188541.58,4584033.575
20150630,5.28,5.06,5.29,5.0,0.21,4.14,9650412.7,4972056.336
20150701,5.14,5.2,5.24,5.11,-0.14,-2.65,6062180.99,3141718.152
20150702,5.44,5.15,5.48,5.03,0.3,5.84,14326338.08,7516680.544
20150703,5.31,5.3,5.44,5.16,-0.13,-2.39,11772612.97,6290095.073
20150706,5.79,5.73,5.8,5.43,0.48,9.04,29495823.07,16699620.828
20150707,5.74,5.48,5.94,5.36,0.21,3.8,22484043.99,12789666.878
20150708,5.47,5.42,5.82,5.17,-0.27,-4.7,29707970.96,16225472.604
20150709,5.58,5.47,5.88,5.1,0.11,2.01,20082182.25,11073784.714
20150710,5.54,5.4,5.9,5.31,-0.04,-0.72,21162590.97,11959769.543
20150713,5.27,5.39,5.41,5.22,-0.27,-4.87,14032232.57,7451598.414
20150714,5.15,5.2,5.26,5.04,-0.12,-2.28,10965126.39,5625904.793
20150715,5.27,5.11,5.3,5.1,0.12,2.33,10602489.78,5521335.733
20150716,5.22,5.27,5.37,5.15,-0.05,-0.95,7413634.42,3888617.239
20150717,5.21,5.22,5.24,5.15,-0.01,-0.19,5517754.48,2864933.61
20150720,5.17,5.18,5.21,5.14,-0.04,-0.77,4959048.12,2567507.614
20150721,5.15,5.15,5.19,5.11,-0.02,-0.39,4100623.06,2110593.768
20150722,5.12,5.13,5.17,5.11,-0.03,-0.58,3318398.39,1702971.133
20150723,5.15,5.11,5.16,5.1,0.03,0.59,3781268.58,1942306.376
20150724,5.1,5.15,5.16,5.09,-0.05,-0.97,4378188.38,2241409.829
20150727,4.82,5.06,5.1,4.76,-0.28,-5.49,6316108.14,3140444.766
20150728,4.83,4.76,4.98,4.72,0.01,0.21,5980842.76,2895525.84
20150729,4.86,4.8,4.89,4.8,0.03,0.62,3772762.97,1824651.647
20150730,4.79,4.85,4.86,4.79,-0.07,-1.44,3121664.6,1503512.998
20150731,4.83,4.77,4.86,4.74,0.04,0.84,3067751.73,1467023.158
20150803,4.87,4.79,4.89,4.75,0.04,0.83,4809865.63,2319874.524
20150804,4.87,4.83,4.88,4.82,0.0,0.0,2551716.84,1236804.364
20150805,4.82,4.85,4.87,4.82,-0.05,-1.03,2251293.67,1090274.384
20150806,4.81,4.79,4.85,4.78,-0.01,-0.21,1648197.24,794823.82
20150807,4.84,4.83,4.85,4.8,0.03,0.62,1849984.86,894413.273
20150810,4.92,4.83,4.92,4.8,0.08,1.65,4349533.51,2116314.629
20150811,4.87,4.89,4.9,4.84,-0.05,-1.02,3123987.18,1520043.091
20150812,4.8,4.83,4.84,4.79,-0.07,-1.44,1968379.0,948524.909
20150813,4.79,4.79,4.83,4.74,-0.01,-0.21,2033103.42,972276.371
20150814,4.77,4.79,4.8,4.76,-0.02,-0.42,1675838.35,799466.799
20150817,4.71,4.75,4.76,4.69,-0.06,-1.26,2227514.88,1049689.193
20150818,4.63,4.71,4.74,4.63,-0.08,-1.7,3236202.32,1517727.511
20150819,4.57,4.61,4.65,4.52,-0.06,-1.3,3403434.82,1555867.384
20150820,4.55,4.59,4.61,4.54,-0.02,-0.44,2265574.75,1036189.274
20150821,4.54,4.52,4.62,4.52,-0.01,-0.22,3916046.82,1788192.559
20150824,4.1,4.48,4.48,4.09,-0.44,-9.69,5275063.99,2243120.843
20150825,3.89,3.98,4.21,3.81,-0.21,-5.12,5336077.96,2138834.881
20150826,4.05,3.97,4.11,3.81,0.16,4.11,5961083.24,2368997.956
20150827,4.24,4.06,4.25,3.95,0.19,4.69,5637205.63,2303939.003
20150828,4.23,4.22,4.27,4.16,-0.01,-0.24,3682563.22,1547716.465
20150831,4.19,4.18,4.21,4.11,-0.04,-0.95,3002306.68,1250690.587
20150901,4.5,4.19,4.53,4.17,0.31,7.4,10185412.33,4491813.878
20150902,4.95,4.37,4.95,4.34,0.45,10.0,13946057.0,6542698.024
20150907,4.52,4.73,4.75,4.49,-0.43,-8.69,6485427.68,2988526.834
20150908,4.5,4.44,4.54,4.35,-0.02,-0.44,4041994.01,1800877.175
20150909,4.5,4.45,4.53,4.42,0.0,0.0,3662166.91,1636333.85
20150910,4.47,4.46,4.49,4.43,-0.03,-0.67,1844336.34,822389.651
20150911,4.43,4.45,4.47,4.42,-0.04,-0.89,1286084.36,572234.122
20150914,4.52,4.42,4.6,4.37,0.09,2.03,4261499.32,1920341.379
20150915,4.54,4.47,4.58,4.44,0.02,0.44,3828414.76,1729309.198
20150916,4.53,4.48,4.59,4.44,-0.01,-0.22,2388099.51,1073991.411
20150917,4.52,4.51,4.58,4.5,-0.01,-0.22,2143631.52,974248.97
20150918,4.45,4.51,4.53,4.42,-0.07,-1.55,1622829.89,727310.001
20150921,4.42,4.42,4.44,4.36,-0.03,-0.67,1645946.16,723810.623
20150922,4.44,4.42,4.46,4.4,0.02,0.45,1359496.47,602505.616
20150923,4.37,4.41,4.43,4.36,-0.07,-1.58,1107863.08,486081.047
20150924,4.37,4.38,4.4,4.35,0.0,0.0,775560.04,339021.038
20150925,4.45,4.36,4.47,4.35,0.08,1.83,1798789.57,792278.246
20150928,4.38,4.41,4.44,4.36,-0.07,-1.57,937731.45,410812.147
20150929,4.32,4.36,4.36,4.31,-0.06,-1.37,935858.42,405256.104
20150930,4.32,4.33,4.37,4.32,0.0,0.0,717159.72,311465.58
20151008,4.38,4.4,4.42,4.37,0.06,1.39,1207007.12,530081.589
20151009,4.44,4.4,4.45,4.39,0.06,1.37,1184188.95,524746.183
20151012,4.51,4.45,4.54,4.43,0.07,1.58,1864165.92,837960.795
20151013,4.45,4.49,4.5,4.43,-0.06,-1.33,1230033.86,548936.714
20151014,4.43,4.43,4.45,4.41,-0.02,-0.45,884566.76,391745.032
20151015,4.49,4.43,4.49,4.41,0.06,1.35,1137609.95,507596.679
20151016,4.5,4.5,4.51,4.48,0.01,0.22,1379631.08,620409.291
20151019,4.49,4.5,4.53,4.48,-0.01,-0.22,1269783.77,571823.91
20151020,4.5,4.48,4.51,4.47,0.01,0.22,882301.81,396069.99
20151021,4.77,4.5,4.95,4.48,0.27,6.0,3956092.87,1810248.551
20151022,4.65,4.59,4.72,4.56,-0.12,-2.52,2602769.92,1203285.301
20151023,4.61,4.61,4.65,4.57,-0.04,-0.86,2054495.06,947384.239
20151026,4.62,4.63,4.64,4.59,0.01,0.22,1406144.65,648250.623
20151027,4.63,4.61,4.68,4.58,0.01,0.22,1718548.66,795044.88
20151028,4.61,4.6,4.67,4.58,-0.02,-0.43,1773828.34,819665.589
20151029,4.58,4.6,4.62,4.57,-0.03,-0.65,1321768.2,606674.559
20151030,4.57,4.58,4.6,4.56,-0.01,-0.22,1159875.39,530913.896
20151102,4.52,4.55,4.6,4.52,-0.05,-1.09,1157456.33,527258.37
20151103,4.45,4.52,4.53,4.44,-0.07,-1.55,1378801.54,616684.723
20151104,4.56,4.44,4.57,4.43,0.11,2.47,2156931.9,972451.983
20151105,4.64,4.53,4.72,4.52,0.08,1.75,4509535.25,2092087.439
20151106,4.65,4.62,4.65,4.58,0.01,0.22,2436452.22,1123743.123
20151109,4.8,4.69,4.92,4.66,0.15,3.23,5248615.38,2526205.864
20151110,4.73,4.76,4.79,4.7,-0.07,-1.46,2619280.0,1240416.154
20151111,4.7,4.71,4.72,4.66,-0.03,-0.63,1945743.16,912946.385
20151112,4.65,4.68,4.7,4.62,-0.05,-1.06,1514351.82,705887.601
20151113,4.6,4.63,4.65,4.6,-0.05,-1.08,1322840.93,610780.189
20151116,4.65,4.57,4.65,4.56,0.05,1.09,1609221.98,742615.289
20151117,4.67,4.65,4.71,4.63,0.02,0.43,1829210.46,855381.585
20151118,4.68,4.66,4.71,4.63,0.01,0.21,1670329.69,780102.614
20151119,4.68,4.66,4.69,4.65,0.0,0.0,1167166.86,545087.059
20151120,4.66,4.67,4.68,4.64,-0.02,-0.43,1400728.29,651784.438
20151123,4.65,4.66,4.66,4.61,-0.01,-0.21,1694883.8,785636.021
20151124,4.64,4.64,4.65,4.59,-0.01,-0.22,1908586.4,881859.994
20151125,4.66,4.62,4.67,4.61,0.02,0.43,1930521.12,895611.431
20151126,4.68,4.65,4.69,4.65,0.02,0.43,1840041.27,859312.173
20151127,4.58,4.66,4.68,4.54,-0.1,-2.14,1567708.59,722141.108
20151130,4.62,4.57,4.63,4.56,0.04,0.87,2081528.48,956407.071
20151201,4.55,4.59,4.59,4.52,-0.07,-1.52,1890935.53,858728.002
20151202,4.72,4.54,4.73,4.53,0.17,3.74,4011602.31,1866487.005
20151203,4.86,4.68,4.91,4.65,0.14,2.97,7021188.88,3379124.154
20151204,4.69,4.8,4.81,4.68,-0.17,-3.5,2057772.83,975947.184
20151207,4.66,4.7,4.71,4.63,-0.03,-0.64,1259715.05,586484.752
20151208,4.62,4.63,4.68,4.57,-0.04,-0.86,1724150.66,794501.594
20151209,4.66,4.61,4.67,4.6,0.04,0.87,906899.96,420770.34
20151210,4.61,4.65,4.7,4.6,-0.05,-1.07,1265449.75,588094.703
20151211,4.59,4.6,4.61,4.56,-0.02,-0.43,1119425.25,512158.197
20151214,4.65,4.57,4.65,4.56,0.06,1.31,1491839.83,687866.764
20151215,4.6,4.64,4.65,4.59,-0.05,-1.08,900214.42,415001.735
20151216,4.59,4.61,4.62,4.57,-0.01,-0.22,838050.22,384868.814
20151217,4.62,4.6,4.64,4.59,0.03,0.65,925199.56,427421.361
20151218,4.62,4.61,4.71,4.6,0.0,0.0,1978368.99,918940.042
20151221,4.69,4.6,4.71,4.59,0.07,1.52,2500209.48,1164770.435
20151222,4.67,4.69,4.72,4.65,-0.02,-0.43,1460028.53,683260.194
20151223,4.67,4.66,4.71,4.64,0.0,0.0,2369113.83,1106403.893
20151224,4.65,4.68,4.68,4.62,-0.02,-0.43,1623466.93,753829.644
20151225,4.65,4.65,4.66,4.64,0.0,0.0,867766.33,403425.511
20151228,4.59,4.65,4.66,4.59,-0.06,-1.29,1466975.58,678333.541
20151229,4.61,4.59,4.61,4.58,0.02,0.44,1245650.23,572319.054
20151230,4.61,4.6,4.62,4.58,0.0,0.0,824085.64,378882.612
20151231,4.58,4.6,4.61,4.58,-0.03,-0.65,979252.07,449656.193
20160104,4.45,4.58,4.59,4.44,-0.13,-2.84,1475086.85,669360.275
20160105,4.47,4.42,4.51,4.38,0.02,0.45,1606292.84,715484.718
20160106,4.51,4.45,4.52,4.45,0.04,0.89,1131772.63,508161.231
20160107,4.43,4.49,4.5,4.42,-0.08,-1.77,344915.08,153712.624
20160108,4.46,4.44,4.49,4.4,0.03,0.68,1861344.74,827886.955
20160111,4.32,4.43,4.43,4.31,-0.14,-3.14,1647020.51,722038.638
20160112,4.32,4.36,4.38,4.31,0.0,0.0,1157543.35,502307.243
20160113,4.3,4.35,4.35,4.29,-0.02,-0.46,1015443.85,439299.085
20160114,4.31,4.26,4.31,4.21,0.01,0.23,1310475.47,559263.229
20160115,4.23,4.29,4.3,4.21,-0.08,-1.86,1011907.6,430207.041
20160118,4.19,4.19,4.25,4.17,-0.04,-0.95,1194841.35,502408.25
20160119,4.25,4.19,4.27,4.18,0.06,1.43,981357.74,415090.802
20160120,4.22,4.25,4.25,4.17,-0.03,-0.71,1065847.38,448627.145
20160121,4.18,4.2,4.26,4.18,-0.04,-0.95,846015.8,356768.999
20160122,4.22,4.21,4.22,4.18,0.04,0.96,846964.99,355912.034
20160125,4.23,4.22,4.25,4.2,0.01,0.24,627689.98,264870.077
20160126,4.08,4.21,4.22,4.05,-0.15,-3.55,1123814.08,464737.013
20160127,4.11,4.09,4.15,4.06,0.03,0.74,1524786.45,625439.81
20160128,4.05,4.1,4.1,4.02,-0.06,-1.46,901993.34,366284.746
20160129,4.1,4.04,4.12,4.03,0.05,1.23,1375856.43,561102.779
20160201,4.03,4.09,4.09,4.0,-0.07,-1.71,1040283.1,419801.086
20160202,4.05,4.02,4.07,4.0,0.02,0.5,926455.8,374582.495
20160203,4.01,4.02,4.03,3.97,-0.04,-0.99,779351.78,311360.878
20160204,4.02,4.02,4.04,4.0,0.01,0.25,735629.43,295717.776
20160205,4.01,4.02,4.03,4.0,-0.01,-0.25,712044.11,285791.576
20160215,3.97,3.94,3.99,3.93,-0.04,-1.0,582265.8,230698.475
20160216,4.05,3.98,4.06,3.98,0.08,2.02,853279.8,344057.239
20160217,4.04,4.04,4.06,4.02,-0.01,-0.25,840846.58,339602.6
20160218,4.06,4.05,4.07,4.04,0.02,0.5,884365.27,358776.063
20160219,4.02,4.04,4.05,4.01,-0.04,-0.99,940799.34,378879.643
20160222,4.08,4.04,4.11,4.02,0.06,1.49,1317208.94,535540.776
20160223,4.05,4.08,4.08,4.03,-0.03,-0.74,691483.56,279795.157
20160224,4.05,4.04,4.06,4.02,0.0,0.0,745897.77,301650.995
20160225,4.01,4.05,4.08,4.0,-0.04,-0.99,2212644.53,894572.07
20160226,4.02,4.01,4.05,4.0,0.01,0.25,1158265.17,466096.8
20160229,4.03,4.01,4.04,3.89,0.01,0.25,1832341.57,726405.802
20160301,4.03,4.02,4.03,3.98,0.0,0.0,854620.0,342399.841
20160302,4.11,4.03,4.12,4.01,0.08,1.99,2080788.9,846513.56
20160303,4.13,4.1,4.14,4.08,0.02,0.49,1497689.11,614992.535
20160304,4.31,4.12,4.33,4.09,0.18,4.36,4093032.72,1733236.939
20160307,4.29,4.27,4.31,4.24,-0.02,-0.46,1353112.3,578835.42
20160308,4.33,4.26,4.34,4.21,0.04,0.93,1694171.54,724083.081
20160309,4.41,4.28,4.42,4.26,0.08,1.85,1884682.01,816785.904
20160310,4.32,4.36,4.38,4.32,-0.09,-2.04,1050441.32,456423.449
20160311,4.34,4.3,4.34,4.26,0.02,0.46,1003134.85,430996.925
20160314,4.3,4.34,4.34,4.29,-0.04,-0.92,1999207.94,861302.499
20160315,4.26,4.29,4.29,4.22,-0.04,-0.93,1552033.45,659491.381
20160316,4.32,4.24,4.35,4.23,0.06,1.41,2904651.43,1251693.072
20160317,4.29,4.3,4.31,4.26,-0.03,-0.69,1560983.79,668653.062
20160318,4.3,4.3,4.3,4.24,0.01,0.23,1652224.63,707016.425
20160321,4.31,4.3,4.34,4.28,0.01,0.23,1353079.55,584178.796
20160322,4.29,4.31,4.33,4.28,-0.02,-0.46,962656.66,414085.387
20160323,4.3,4.3,4.33,4.28,0.01,0.23,984467.51,424380.969
20160324,4.26,4.3,4.31,4.25,-0.04,-0.93,737964.9,315119.492
20160325,4.28,4.26,4.28,4.25,0.02,0.47,373514.0,159544.356
20160328,4.3,4.27,4.3,4.25,0.02,0.47,767821.96,328072.867
20160329,4.25,4.28,4.3,4.25,-0.05,-1.16,858684.39,366811.037
20160330,4.32,4.24,4.33,4.24,0.07,1.65,1426748.79,612563.262
20160331,4.29,4.31,4.33,4.28,-0.03,-0.69,918631.21,394752.224
20160401,4.3,4.29,4.31,4.26,0.01,0.23,921204.39,394940.493
20160405,4.32,4.3,4.33,4.28,0.02,0.47,1000995.66,430893.535
20160406,4.29,4.3,4.31,4.28,-0.03,-0.69,705707.22,303213.647
20160407,4.26,4.3,4.3,4.26,-0.03,-0.7,746379.85,319392.788
20160408,4.26,4.25,4.29,4.25,0.0,0.0,466834.54,199218.573
20160411,4.29,4.26,4.31,4.26,0.03,0.7,673744.07,289293.759
20160412,4.28,4.29,4.3,4.28,-0.01,-0.23,481950.29,206670.586
20160413,4.32,4.29,4.34,4.29,0.04,0.93,1534129.51,662774.061
20160414,4.31,4.33,4.33,4.31,-0.01,-0.23,440858.83,190430.882
20160415,4.3,4.33,4.33,4.29,-0.01,-0.23,681583.57,293723.687
20160418,4.29,4.29,4.3,4.26,-0.01,-0.23,932358.07,398952.652
20160419,4.29,4.29,4.3,4.27,0.0,0.0,417914.22,179141.441
20160420,4.29,4.29,4.29,4.22,0.0,0.0,1449117.27,616860.486
20160421,4.3,4.26,4.31,4.25,0.01,0.23,809911.92,346995.818
20160422,4.28,4.28,4.3,4.27,-0.02,-0.47,573752.76,245818.747
20160425,4.27,4.27,4.28,4.25,-0.01,-0.23,445591.76,190074.175
20160426,4.28,4.27,4.29,4.26,0.01,0.23,494553.25,211470.592
20160427,4.28,4.28,4.28,4.26,0.0,0.0,317015.32,135349.084
20160428,4.28,4.28,4.28,4.25,0.0,0.0,509012.69,217190.683
20160429,4.26,4.27,4.27,4.25,-0.02,-0.47,460490.86,196077.297
20160503,4.28,4.26,4.29,4.24,0.02,0.47,759714.78,324449.921
20160504,4.27,4.27,4.28,4.26,-0.01,-0.23,403691.42,172470.706
20160505,4.28,4.27,4.28,4.26,0.01,0.23,450220.8,192148.936
20160506,4.24,4.28,4.28,4.23,-0.04,-0.93,716572.33,305011.455
20160509,4.17,4.23,4.24,4.16,-0.07,-1.65,714398.0,300202.393
20160510,4.16,4.16,4.18,4.14,-0.01,-0.24,599314.69,249440.935
20160511,4.19,4.17,4.21,4.15,0.03,0.72,650896.97,271739.538
20160512,4.18,4.17,4.2,4.15,-0.01,-0.24,530216.58,221133.234
20160513,4.22,4.18,4.23,4.17,0.04,0.96,778678.87,327611.69
20160516,4.25,4.2,4.26,4.2,0.03,0.71,580129.56,245542.612
20160517,4.25,4.24,4.26,4.23,0.0,0.0,409294.31,173829.866
20160518,4.24,4.25,4.25,4.18,-0.01,-0.24,585260.23,247269.141
20160519,4.24,4.23,4.26,4.22,0.0,0.0,527500.06,223875.779
20160520,4.25,4.24,4.26,4.24,0.01,0.24,434077.75,184533.482
20160523,4.26,4.26,4.28,4.25,0.01,0.24,431135.03,183896.312
20160524,4.26,4.27,4.27,4.24,0.0,0.0,484888.85,206353.082
20160525,4.26,4.27,4.28,4.26,0.0,0.0,245237.33,104636.913
20160526,4.28,4.26,4.28,4.26,0.02,0.47,442473.09,189094.755
20160527,4.29,4.27,4.29,4.26,0.01,0.23,322248.93,137788.562
20160530,4.3,4.29,4.31,4.27,0.01,0.23,845166.63,362512.632
20160531,4.36,4.29,4.37,4.29,0.06,1.4,1047404.02,454777.896
20160601,4.34,4.36,4.36,4.32,-0.02,-0.46,634417.51,275364.944
20160602,4.34,4.34,4.35,4.33,0.0,0.0,296487.78,128753.309
20160603,4.37,4.35,4.37,4.32,0.03,0.69,482063.98,209444.067
20160606,4.38,4.36,4.39,4.35,0.01,0.23,592764.84,258951.633
20160607,4.4,4.38,4.42,4.37,0.02,0.46,588534.93,258882.505
20160608,4.39,4.41,4.41,4.36,-0.01,-0.23,578897.72,254256.447
20160613,4.37,4.37,4.4,4.36,-0.02,-0.46,665505.32,291645.424
20160614,4.4,4.35,4.42,4.35,0.03,0.69,695830.09,306345.717
20160615,4.39,4.39,4.41,4.37,-0.01,-0.23,640108.09,280556.215
20160616,4.37,4.37,4.38,4.35,-0.02,-0.46,398897.3,174160.816
20160617,4.37,4.37,4.4,4.36,0.0,0.0,374943.45,164418.728
20160620,4.39,4.39,4.4,4.37,0.02,0.46,364319.77,160008.927
20160621,4.41,4.4,4.41,4.38,0.02,0.46,353589.22,155559.528
20160622,4.44,4.4,4.46,4.39,0.03,0.68,564116.29,250457.516
20160623,4.44,4.44,4.46,4.43,0.0,0.0,254778.47,113215.027
20160624,4.4,4.44,4.46,4.36,-0.04,-0.9,444526.37,196323.322
20160627,4.42,4.39,4.42,4.39,0.02,0.45,319339.3,140606.432
20160628,4.42,4.41,4.43,4.36,0.0,0.0,643951.43,282442.8
20160629,4.42,4.41,4.43,4.39,0.0,0.0,537922.31,236875.608
20160630,4.44,4.42,4.45,4.4,0.02,0.45,441206.61,195605.551
20160701,4.47,4.45,4.49,4.44,0.03,0.68,534527.8,239064.522
20160704,4.54,4.47,4.55,4.47,0.07,1.57,648720.69,293563.167
20160705,4.55,4.54,4.57,4.51,0.01,0.22,674749.26,306304.67
20160706,4.56,4.54,4.56,4.49,0.01,0.22,677269.87,307025.862
20160707,4.59,4.55,4.6,4.53,0.03,0.66,1119897.06,512053.951
20160708,4.29,4.35,4.35,4.27,-0.07,-1.61,1154007.88,496377.386
20160711,4.27,4.28,4.31,4.26,-0.02,-0.47,751037.55,322028.871
20160712,4.34,4.27,4.35,4.26,0.07,1.64,1412736.63,608650.304
20160713,4.35,4.33,4.37,4.3,0.01,0.23,1361688.7,591082.774
20160714,4.31,4.35,4.35,4.3,-0.04,-0.92,570440.41,246123.637
20160715,4.32,4.31,4.33,4.3,0.01,0.23,553052.34,238627.366
20160718,4.34,4.31,4.35,4.31,0.02,0.46,584481.15,253685.834
20160719,4.3,4.34,4.35,4.29,-0.04,-0.92,836538.33,360670.789
20160720,4.28,4.3,4.31,4.27,-0.02,-0.47,527723.57,226295.902
20160721,4.28,4.28,4.3,4.26,0.0,0.0,746672.93,319909.889
20160722,4.28,4.28,4.29,4.24,0.0,0.0,704453.57,300284.451
20160725,4.29,4.26,4.3,4.26,0.01,0.23,660197.87,283002.834
20160726,4.31,4.29,4.32,4.27,0.02,0.47,598758.14,257577.499
20160727,4.31,4.31,4.32,4.24,0.0,0.0,1045700.68,448543.022
20160728,4.29,4.3,4.31,4.28,-0.02,-0.46,579117.79,248621.817
20160729,4.3,4.29,4.3,4.28,0.01,0.23,350045.29,150323.737
20160801,4.33,4.3,4.33,4.29,0.03,0.7,735728.77,317506.882
20160802,4.34,4.32,4.34,4.31,0.01,0.23,452286.48,195735.431
20160803,4.33,4.33,4.34,4.32,-0.01,-0.23,679413.62,294318.742
20160804,4.33,4.32,4.33,4.31,0.0,0.0,528861.53,228364.237
20160805,4.33,4.31,4.33,4.3,0.0,0.0,584639.93,252398.294
20160808,4.34,4.32,4.35,4.32,0.01,0.23,479882.42,208067.038
20160809,4.37,4.33,4.37,4.33,0.03,0.69,908517.24,395402.689
20160810,4.38,4.37,4.39,4.35,0.01,0.23,668932.88,292771.229
20160811,4.42,4.38,4.47,4.38,0.04,0.91,1275449.75,565050.823
20160812,4.5,4.42,4.51,4.4,0.08,1.81,1395505.63,623687.437
20160815,4.58,4.51,4.61,4.48,0.08,1.78,1907961.36,869842.02
20160816,4.44,4.59,4.59,4.39,-0.14,-3.06,3792026.26,1690569.282
20160817,4.44,4.43,4.45,4.41,0.0,0.0,1119537.77,495822.61
20160818,4.43,4.43,4.46,4.41,-0.01,-0.23,1208028.07,535750.845
20160819,4.44,4.44,4.44,4.41,0.01,0.23,772868.61,341969.334
20160822,4.47,4.43,4.49,4.43,0.03,0.68,1205349.17,537380.974
20160823,4.52,4.47,4.53,4.46,0.05,1.12,1405755.29,633880.193
20160824,4.52,4.52,4.53,4.5,0.0,0.0,972807.25,439059.216
20160825,4.52,4.51,4.53,4.48,0.0,0.0,1271725.49,573139.608
20160826,4.5,4.52,4.52,4.49,-0.02,-0.44,663759.25,298860.433
20160829,4.49,4.49,4.5,4.43,-0.01,-0.22,853975.45,381490.378
20160830,4.51,4.48,4.51,4.47,0.02,0.45,734625.68,329623.638
20160831,4.53,4.5,4.53,4.49,0.02,0.44,622219.53,280764.471
20160901,4.52,4.52,4.54,4.5,-0.01,-0.22,554517.75,250704.767
20160902,4.53,4.51,4.54,4.51,0.01,0.22,744719.58,336919.959
20160905,4.53,4.52,4.55,4.5,0.0,0.0,859037.81,388599.263
20160906,4.46,4.52,4.55,4.44,-0.07,-1.55,2027474.95,911490.691
20160907,4.48,4.47,4.49,4.46,0.02,0.45,947564.51,424103.066
20160908,4.49,4.46,4.49,4.46,0.01,0.22,666516.37,298582.853
20160909,4.48,4.48,4.49,4.47,-0.01,-0.22,513636.8,230162.5
20160912,4.45,4.45,4.46,4.42,-0.03,-0.67,1124969.98,499502.233
20160913,4.43,4.45,4.45,4.42,-0.02,-0.45,591405.34,262175.58
20160914,4.37,4.42,4.43,4.35,-0.06,-1.35,775428.21,340057.302
20160919,4.4,4.37,4.41,4.36,0.03,0.69,505692.17,221615.235
20160920,4.4,4.4,4.4,4.38,0.0,0.0,448937.67,196916.269
20160921,4.41,4.39,4.42,4.37,0.01,0.23,645208.61,283608.513
20160922,4.44,4.42,4.45,4.41,0.03,0.68,757873.25,335933.667
20160923,4.44,4.44,4.46,4.43,0.0,0.0,525771.08,233745.765
20160926,4.41,4.44,4.45,4.41,-0.03,-0.68,692877.12,306947.978
20160927,4.44,4.41,4.45,4.39,0.03,0.68,457160.57,201943.91
20160928,4.43,4.44,4.44,4.42,-0.01,-0.23,294607.97,130526.729
20160929,4.44,4.43,4.44,4.42,0.01,0.23,427133.18,189275.382
20160930,4.43,4.43,4.44,4.42,-0.01,-0.23,260570.04,115474.513
20161010,4.46,4.43,4.46,4.43,0.03,0.68,784849.66,348472.06
20161011,4.45,4.46,4.46,4.44,-0.01,-0.22,553426.8,246098.904
20161012,4.43,4.44,4.45,4.42,-0.02,-0.45,592443.98,262766.932
20161013,4.42,4.43,4.44,4.41,-0.01,-0.23,478884.41,211778.426
20161014,4.42,4.41,4.43,4.39,0.0,0.0,676621.49,298373.65
20161017,4.38,4.41,4.42,4.36,-0.04,-0.91,603222.26,264825.182
20161018,4.41,4.37,4.41,4.37,0.03,0.68,605213.78,265602.083
20161019,4.41,4.41,4.43,4.39,0.0,0.0,538801.38,237802.799
20161020,4.39,4.41,4.41,4.38,-0.02,-0.45,503659.08,221513.311
20161021,4.41,4.39,4.41,4.38,0.02,0.46,335837.95,147547.919
20161024,4.43,4.4,4.45,4.39,0.02,0.45,1479653.94,655163.378
20161025,4.45,4.43,4.45,4.42,0.02,0.45,825033.39,366389.609
20161026,4.42,4.44,4.44,4.41,-0.03,-0.67,814859.05,360845.493
20161027,4.42,4.41,4.42,4.39,0.0,0.0,620373.26,273559.461
20161028,4.44,4.41,4.45,4.4,0.02,0.45,810031.13,359216.962
20161031,4.43,4.42,4.44,4.4,-0.01,-0.23,676200.02,298402.976
20161101,4.44,4.42,4.44,4.41,0.01,0.23,600444.24,265994.296
20161102,4.42,4.42,4.43,4.4,-0.02,-0.45,565766.05,249801.737
20161103,4.42,4.42,4.43,4.4,0.0,0.0,593173.74,262246.929
20161104,4.41,4.42,4.42,4.39,-0.01,-0.23,928340.63,408732.17
20161107,4.41,4.4,4.41,4.39,0.0,0.0,577698.48,254331.48
20161108,4.44,4.4,4.45,4.4,0.03,0.68,1692727.38,748965.999
20161109,4.4,4.42,4.43,4.38,-0.04,-0.9,1271931.16,560026.597
20161110,4.43,4.42,4.43,4.41,0.03,0.68,730812.34,323330.496
20161111,4.41,4.42,4.43,4.36,-0.02,-0.45,1923675.18,846656.746
20161114,4.4,4.4,4.41,4.39,-0.01,-0.23,1908750.86,839508.004
20161115,4.4,4.4,4.4,4.39,0.0,0.0,749713.47,329518.931
20161116,4.4,4.4,4.4,4.39,0.0,0.0,693309.06,304672.031
20161117,4.39,4.39,4.4,4.38,-0.01,-0.23,534526.2,234759.354
20161118,4.39,4.39,4.4,4.38,0.0,0.0,567929.2,249517.93
20161121,4.42,4.39,4.42,4.39,0.03,0.68,1253203.08,552525.537
20161122,4.43,4.41,4.44,4.41,0.01,0.23,2402788.89,1061212.372
20161123,4.45,4.42,4.47,4.41,0.02,0.45,2309052.0,1026788.162
20161124,4.44,4.44,4.45,4.43,-0.01,-0.22,998598.05,443125.768
20161125,4.5,4.43,4.5,4.43,0.06,1.35,2054613.01,917957.444
20161128,4.55,4.5,4.56,4.5,0.05,1.11,2422786.88,1100768.249
20161129,4.57,4.55,4.57,4.53,0.02,0.44,1468178.38,668112.797
20161130,4.52,4.56,4.56,4.5,-0.05,-1.09,1213844.47,549680.216
20161201,4.52,4.52,4.55,4.5,0.0,0.0,1090410.99,493593.121
20161202,4.52,4.51,4.54,4.47,0.0,0.0,1759550.35,793611.986
20161205,4.56,4.5,4.57,4.49,0.04,0.89,1826370.21,829216.078
20161206,4.54,4.55,4.58,4.54,-0.02,-0.44,1082827.24,493575.012
20161207,4.53,4.54,4.56,4.52,-0.01,-0.22,680711.44,308635.958
20161208,4.54,4.54,4.55,4.51,0.01,0.22,855392.88,387851.238
20161209,4.59,4.54,4.62,4.53,0.05,1.1,2430205.68,1113653.218
20161212,4.63,4.59,4.67,4.57,0.04,0.87,2679414.71,1237222.02
20161213,4.56,4.6,4.61,4.55,-0.07,-1.51,1173619.44,536568.981
20161214,4.57,4.56,4.6,4.56,0.01,0.22,740067.31,338897.632
20161215,4.46,4.56,4.57,4.44,-0.11,-2.41,1253545.73,562236.088
20161216,4.43,4.45,4.46,4.41,-0.03,-0.67,1063819.72,471566.489
20161219,4.44,4.43,4.45,4.41,0.01,0.23,497662.89,220655.675
20161220,4.41,4.44,4.45,4.37,-0.03,-0.68,1029281.82,452756.023
20161221,4.42,4.39,4.43,4.39,0.01,0.23,735738.45,324687.352
20161222,4.4,4.42,4.43,4.39,-0.02,-0.45,608265.55,268013.232
20161223,4.4,4.4,4.41,4.38,0.0,0.0,600634.35,263871.387
20161226,4.41,4.38,4.41,4.35,0.01,0.23,890138.84,389851.608
20161227,4.39,4.39,4.41,4.38,-0.02,-0.45,486886.69,214096.549
20161228,4.37,4.39,4.39,4.35,-0.02,-0.46,928053.54,405449.448
20161229,4.38,4.36,4.39,4.36,0.01,0.23,790004.75,345590.764
20161230,4.41,4.38,4.41,4.37,0.03,0.68,876107.36,384672.848
20170103,4.43,4.4,4.43,4.39,0.02,0.45,1041616.32,460087.75
20170104,4.43,4.42,4.44,4.41,0.0,0.0,1189234.25,526408.823
20170105,4.44,4.43,4.45,4.42,0.01,0.23,873561.37,387580.728
20170106,4.44,4.44,4.45,4.43,0.0,0.0,870081.91,386138.117
20170109,4.46,4.45,4.48,4.43,0.02,0.45,1174540.94,523539.384
20170110,4.46,4.45,4.47,4.44,0.0,0.0,636632.57,283646.229
20170111,4.47,4.46,4.48,4.45,0.01,0.22,523954.27,233898.107
20170112,4.47,4.46,4.47,4.44,0.0,0.0,621662.79,277258.3
20170113,4.49,4.45,4.49,4.44,0.02,0.45,938512.89,419357.047
20170116,4.55,4.47,4.58,4.44,0.06,1.34,3023113.99,1364412.975
20170117,4.53,4.52,4.54,4.51,-0.02,-0.44,900222.91,407014.73
20170118,4.53,4.52,4.54,4.51,0.0,0.0,682904.32,308822.017
20170119,4.53,4.53,4.56,4.5,0.0,0.0,1105988.4,500585.77
20170120,4.52,4.52,4.53,4.5,-0.01,-0.22,678701.82,306500.362
20170123,4.53,4.52,4.53,4.51,0.01,0.22,770110.69,348112.266
20170124,4.55,4.52,4.57,4.52,0.02,0.44,1172834.49,532631.883
20170125,4.56,4.55,4.57,4.53,0.01,0.22,682557.13,310690.168
20170126,4.6,4.56,4.6,4.56,0.04,0.88,845022.33,386971.697
20170203,4.56,4.59,4.6,4.55,-0.04,-0.87,531377.27,242482.106
20170206,4.56,4.57,4.57,4.54,0.0,0.0,551282.93,251005.935
20170207,4.55,4.55,4.56,4.54,-0.01,-0.22,684144.36,311360.297
20170208,4.56,4.55,4.56,4.51,0.01,0.22,555113.09,251930.028
20170209,4.57,4.55,4.57,4.54,0.01,0.22,655012.69,298864.411
20170210,4.59,4.57,4.59,4.56,0.02,0.44,597201.67,273504.007
20170213,4.62,4.59,4.63,4.58,0.03,0.65,939989.02,433628.174
20170214,4.62,4.62,4.64,4.61,0.0,0.0,806458.23,372864.457
20170215,4.68,4.62,4.69,4.62,0.06,1.3,1566788.68,729898.537
20170216,4.68,4.68,4.72,4.66,0.0,0.0,1031725.34,483137.636
20170217,4.64,4.7,4.7,4.62,-0.04,-0.85,953769.37,444519.269
20170220,4.67,4.63,4.71,4.63,0.03,0.65,1557025.05,728360.221
20170221,4.68,4.68,4.71,4.66,0.01,0.21,907398.31,425412.58
20170222,4.7,4.68,4.7,4.67,0.02,0.43,609735.25,285950.423
20170223,4.71,4.7,4.72,4.69,0.01,0.21,613090.86,288149.505
20170224,4.7,4.7,4.7,4.68,-0.01,-0.21,542872.46,254734.807
20170227,4.69,4.68,4.7,4.67,-0.01,-0.21,585053.2,274228.814
20170228,4.69,4.68,4.7,4.67,0.0,0.0,498149.35,233271.741
20170301,4.68,4.68,4.71,4.65,-0.01,-0.21,932991.43,436965.708
20170302,4.67,4.68,4.69,4.67,-0.01,-0.21,506363.15,237114.179
20170303,4.65,4.66,4.68,4.65,-0.02,-0.43,429397.26,200181.544
20170306,4.64,4.64,4.68,4.63,-0.01,-0.22,954696.55,444384.94
20170307,4.68,4.64,4.68,4.63,0.04,0.86,855523.47,398252.098
20170308,4.69,4.66,4.7,4.66,0.01,0.21,636302.0,297861.104
20170309,4.7,4.68,4.72,4.67,0.01,0.21,1285470.07,604436.588
20170310,4.71,4.7,4.71,4.68,0.01,0.21,523314.46,245851.158
20170313,4.73,4.7,4.73,4.68,0.02,0.42,674208.57,317462.71
20170314,4.76,4.72,4.77,4.72,0.03,0.63,697015.33,330953.825
20170315,4.75,4.76,4.76,4.71,-0.01,-0.21,583525.33,276534.27
20170316,4.7,4.74,4.75,4.69,-0.05,-1.05,1182576.19,559053.138
20170317,4.69,4.71,4.72,4.67,-0.01,-0.21,812249.5,381978.603
20170320,4.71,4.7,4.73,4.69,0.02,0.43,835807.78,393812.178
20170321,4.71,4.7,4.72,4.69,0.0,0.0,571113.12,268888.793
20170322,4.66,4.71,4.71,4.65,-0.05,-1.06,1129561.44,528460.211
20170323,4.67,4.67,4.69,4.65,0.01,0.21,891503.4,416701.715
20170324,4.69,4.67,4.69,4.63,0.02,0.43,969805.98,452381.998
20170327,4.75,4.67,4.76,4.66,0.06,1.28,1575337.41,743929.161
20170328,4.75,4.75,4.76,4.72,0.0,0.0,764140.39,362490.509
20170329,4.78,4.74,4.78,4.73,0.03,0.63,982220.12,467762.713
20170330,4.81,4.77,4.83,4.73,0.03,0.63,1276714.35,607688.496
20170331,4.84,4.78,4.88,4.77,0.03,0.62,1303543.57,629464.878
20170405,4.85,4.84,4.86,4.81,0.01,0.21,1094869.9,529500.135
20170406,4.83,4.85,4.86,4.8,-0.02,-0.41,629795.58,303787.354
20170407,4.86,4.82,4.87,4.81,0.03,0.62,893351.04,433073.222
20170410,4.83,4.86,4.87,4.81,-0.03,-0.62,588556.66,284177.676
20170411,4.8,4.81,4.83,4.78,-0.03,-0.62,810136.54,388871.585
20170412,4.85,4.79,4.88,4.78,0.05,1.04,1138102.15,548277.448
20170413,4.81,4.84,4.84,4.79,-0.04,-0.82,799770.33,385351.338
20170414,4.81,4.8,4.82,4.78,0.0,0.0,450116.67,216116.057
20170417,4.83,4.79,4.83,4.75,0.02,0.42,1129898.83,540611.451
20170418,4.79,4.8,4.81,4.77,-0.04,-0.83,610917.98,292283.671
20170419,4.74,4.77,4.79,4.73,-0.05,-1.04,897155.77,426318.391
20170420,4.73,4.73,4.77,4.72,-0.01,-0.21,641973.39,304725.88
20170421,4.81,4.73,4.83,4.72,0.08,1.69,1250026.44,597576.218
20170424,4.82,4.79,4.84,4.78,0.01,0.21,927292.93,446364.424
20170425,4.81,4.82,4.83,4.8,-0.01,-0.21,637458.27,307119.446
20170426,4.87,4.82,4.87,4.81,0.06,1.25,855232.83,414075.215
20170427,4.88,4.86,4.88,4.83,0.01,0.21,1030455.4,500778.726
20170428,4.88,4.87,4.88,4.83,0.0,0.0,660622.9,320794.707
20170502,4.82,4.86,4.87,4.82,-0.06,-1.23,423866.57,205273.096
20170503,4.81,4.82,4.83,4.79,-0.01,-0.21,768178.62,369536.251
20170504,4.81,4.8,4.82,4.78,0.0,0.0,717896.08,344687.61
20170505,4.86,4.79,4.87,4.78,0.05,1.04,1255875.15,605112.334
20170508,4.9,4.83,4.9,4.82,0.04,0.82,1414584.89,688241.515
20170509,4.87,4.87,4.91,4.86,-0.03,-0.61,772373.72,377718.384
20170510,4.9,4.86,4.91,4.86,0.03,0.62,920431.16,449950.713
20170511,4.93,4.9,4.96,4.9,0.03,0.61,1062644.49,524557.064
20170512,5.06,4.92,5.06,4.91,0.13,2.64,1651511.06,826699.747
20170515,5.1,5.05,5.12,5.01,0.04,0.79,1554190.12,789661.963
20170516,5.0,5.08,5.08,4.97,-0.1,-1.96,1498697.32,750102.368
20170517,4.96,4.99,5.0,4.94,-0.04,-0.8,1182552.41,586105.486
20170518,5.0,4.94,5.02,4.93,0.04,0.81,707722.0,352948.738
20170519,4.98,5.0,5.01,4.97,-0.02,-0.4,449948.34,224590.42
20170522,5.03,4.96,5.05,4.96,0.05,1.0,1001145.61,501217.542
20170523,5.1,5.03,5.12,5.02,0.07,1.39,1373902.9,697930.661
20170524,5.11,5.1,5.13,5.05,0.01,0.2,958078.53,487960.967
20170525,5.16,5.11,5.3,5.09,0.05,0.98,2512756.43,1302498.438
20170526,5.23,5.13,5.25,5.13,0.07,1.36,1120496.88,582681.277
20170531,5.25,5.21,5.29,5.18,0.02,0.38,1177073.54,616451.183
20170601,5.31,5.24,5.32,5.22,0.06,1.14,1144883.51,602099.063
20170602,5.3,5.31,5.4,5.27,-0.01,-0.19,1209501.01,645472.311
20170605,5.14,5.28,5.28,5.1,-0.16,-3.02,3129404.49,1613933.715
20170606,5.14,5.12,5.15,5.1,0.0,0.0,1104253.38,565692.984
20170607,5.16,5.13,5.21,5.12,0.02,0.39,1625087.06,838740.021
20170608,5.16,5.15,5.18,5.12,0.0,0.0,1424654.32,733354.026
20170609,5.16,5.16,5.23,5.14,0.0,0.0,2317802.37,1199941.141
20170612,5.15,5.16,5.19,5.13,-0.01,-0.19,1606855.74,830351.448
20170613,5.15,5.15,5.17,5.12,0.0,0.0,932434.86,479603.365
20170614,5.15,5.14,5.16,5.12,0.0,0.0,734489.03,377537.388
20170615,5.05,5.14,5.15,5.03,-0.1,-1.94,1976012.99,1004445.224
20170616,5.04,5.04,5.06,5.0,-0.01,-0.2,1387724.83,697851.516
20170619,5.0,5.04,5.06,4.99,-0.04,-0.79,2050782.02,1028985.301
20170620,5.04,5.0,5.06,4.98,0.04,0.8,1969281.48,989599.825
20170621,5.05,5.05,5.06,5.01,0.01,0.2,1149634.98,579457.178
20170622,5.1,5.05,5.18,5.04,0.05,0.99,3121538.3,1598284.141
20170623,5.14,5.1,5.15,5.06,0.04,0.78,1635916.43,836120.176
20170626,5.11,5.13,5.24,5.07,-0.03,-0.58,3020392.58,1554208.978
20170627,5.09,5.1,5.12,5.06,-0.02,-0.39,2101331.73,1069298.111
20170628,5.07,5.09,5.15,5.06,-0.02,-0.39,2450792.11,1252574.02
20170629,5.18,5.09,5.19,5.08,0.11,2.17,1814934.51,933437.347
20170630,5.25,5.16,5.25,5.14,0.07,1.35,2041933.64,1066988.996
20170703,5.24,5.24,5.27,5.22,-0.01,-0.19,996615.65,521850.457
20170704,5.25,5.24,5.28,5.18,0.01,0.19,1357320.05,709171.868
20170705,5.23,5.24,5.25,5.2,-0.02,-0.38,1042581.99,544623.294
20170706,5.23,5.21,5.26,5.21,0.0,0.0,1074568.56,562347.817
20170707,5.21,5.23,5.23,5.19,-0.02,-0.38,1621100.54,844999.124
20170710,5.23,5.21,5.24,5.18,0.02,0.38,1398790.18,729039.119
20170711,5.06,5.0,5.08,4.97,0.06,1.2,2489282.84,1249932.391
20170712,5.08,5.06,5.15,5.05,0.02,0.4,2198352.88,1122631.87
20170713,5.16,5.1,5.19,5.09,0.08,1.57,2103647.1,1080716.841
20170714,5.17,5.17,5.19,5.14,0.01,0.19,919067.57,474780.292
20170717,5.34,5.19,5.37,5.17,0.17,3.29,3178882.85,1679932.657
20170718,5.28,5.29,5.38,5.25,-0.06,-1.12,1847372.54,980266.595
20170719,5.27,5.27,5.35,5.23,-0.01,-0.19,2407278.81,1272124.086
20170720,5.29,5.27,5.3,5.22,0.02,0.38,1754804.9,923684.742
20170721,5.33,5.28,5.36,5.27,0.04,0.76,1263381.83,672091.115
20170724,5.39,5.32,5.44,5.32,0.06,1.13,1711227.78,923957.625
20170725,5.48,5.4,5.58,5.4,0.09,1.67,2444556.84,1343183.304
20170726,5.6,5.48,5.66,5.46,0.12,2.19,2244494.0,1252080.193
20170727,5.53,5.57,5.59,5.48,-0.07,-1.25,1826523.26,1009318.855
20170728,5.55,5.51,5.6,5.42,0.02,0.36,1472872.62,813887.749
20170731,5.51,5.53,5.59,5.5,-0.04,-0.72,1226221.28,680532.268
20170801,5.56,5.51,5.56,5.51,0.05,0.91,1391795.06,770611.801
20170802,5.7,5.56,5.7,5.55,0.14,2.52,2209630.54,1251334.053
20170803,5.66,5.7,5.78,5.61,-0.04,-0.7,1605672.6,912529.257
20170804,5.67,5.63,5.68,5.61,0.01,0.18,1136753.8,642953.154
20170807,5.66,5.64,5.68,5.56,-0.01,-0.18,1105536.83,623270.422
20170808,5.68,5.63,5.71,5.56,0.02,0.35,1182998.03,667331.92
20170809,5.54,5.65,5.67,5.52,-0.14,-2.46,1385637.3,774263.82
20170810,5.52,5.54,5.57,5.43,-0.02,-0.36,1556404.28,854624.699
20170811,5.55,5.46,5.57,5.39,0.03,0.54,2225301.6,1215122.18
20170814,5.49,5.5,5.55,5.44,-0.06,-1.08,1462663.83,802259.124
20170815,5.61,5.49,5.7,5.49,0.12,2.19,2601863.92,1465479.916
20170816,5.63,5.61,5.7,5.55,0.02,0.36,1451720.1,818380.832
20170817,5.62,5.63,5.66,5.58,-0.01,-0.18,605671.3,340043.653
20170818,5.62,5.59,5.66,5.55,0.0,0.0,915047.08,512952.158
20170821,5.63,5.59,5.65,5.56,0.01,0.18,744644.83,416956.132
20170822,5.69,5.62,5.7,5.6,0.06,1.07,863190.66,488014.186
20170823,5.85,5.68,5.86,5.67,0.16,2.81,2021402.59,1170020.925
20170824,5.92,5.88,5.95,5.83,0.07,1.2,1482163.36,875386.355
20170825,6.16,5.9,6.18,5.9,0.24,4.05,2713533.19,1648923.607
20170828,6.05,6.14,6.18,6.0,-0.11,-1.79,3507362.3,2133696.964
20170829,6.08,6.03,6.08,5.98,0.03,0.5,1712718.79,1036639.115
20170830,5.97,6.08,6.11,5.89,-0.11,-1.81,2629250.61,1577121.146
20170831,5.9,5.95,5.98,5.84,-0.07,-1.17,2531552.76,1493536.355
20170901,5.79,5.86,5.92,5.76,-0.11,-1.86,3399657.42,1987960.684
20170904,5.88,5.77,5.89,5.76,0.09,1.55,2116663.94,1238614.676
20170905,5.95,5.87,6.0,5.86,0.07,1.19,2339241.65,1393241.003
20170906,5.9,5.93,5.97,5.88,-0.05,-0.84,1233432.3,728517.833
20170907,5.88,5.9,5.91,5.84,-0.02,-0.34,1158944.72,679893.182
20170908,5.9,5.87,5.94,5.85,0.02,0.34,1087328.18,640112.794
20170911,5.89,5.92,5.98,5.88,-0.01,-0.17,1756428.89,1041184.834
20170912,5.93,5.88,5.94,5.83,0.04,0.68,1446317.18,849024.158
20170913,5.93,5.91,5.96,5.9,0.0,0.0,1218444.98,723510.862
20170914,5.88,5.92,5.97,5.86,-0.05,-0.84,1762811.76,1044554.338
20170915,5.77,5.86,5.86,5.75,-0.11,-1.87,2024035.42,1172719.62
20170918,5.76,5.8,5.81,5.73,-0.01,-0.17,1276890.33,736307.003
20170919,5.78,5.75,5.79,5.67,0.02,0.35,2126809.45,1219244.26
20170920,5.79,5.75,5.81,5.72,0.01,0.17,1200302.0,693451.293
20170921,5.95,5.78,5.96,5.77,0.16,2.76,2390301.48,1410591.951
20170922,5.98,5.94,6.05,5.93,0.03,0.5,1751785.47,1049237.628
20170925,6.11,5.95,6.14,5.95,0.13,2.17,2088885.84,1262477.863
20170926,6.07,6.09,6.13,6.07,-0.04,-0.65,1295644.18,790098.46
20170927,6.02,6.05,6.06,5.98,-0.05,-0.82,1702517.44,1023715.524
20170928,6.05,6.0,6.06,5.95,0.03,0.5,1408868.0,845388.054
20170929,6.0,6.04,6.06,5.96,-0.05,-0.83,1375295.92,825599.597
20171009,6.1,6.27,6.33,6.02,0.1,1.67,4143991.9,2549794.027
20171010,6.14,6.09,6.19,5.99,0.04,0.66,3160798.9,1927549.818
20171011,6.2,6.11,6.24,6.11,0.06,0.98,1961269.53,1211789.13
20171012,6.21,6.18,6.24,6.17,0.01,0.16,1295405.49,803900.184
20171013,6.14,6.2,6.22,6.13,-0.07,-1.13,1538436.98,949335.467
20171016,6.21,6.12,6.22,6.1,0.07,1.14,1799521.45,1110111.572
20171017,6.15,6.19,6.22,6.14,-0.06,-0.97,1455143.8,899597.525
20171018,6.28,6.17,6.29,6.13,0.13,2.11,2598969.11,1616782.253
20171019,6.34,6.25,6.4,6.24,0.06,0.96,2255113.82,1428684.4
20171020,6.24,6.32,6.33,6.23,-0.1,-1.58,1441587.95,903955.406
20171023,6.19,6.24,6.29,6.17,-0.05,-0.8,1546878.48,962512.348
20171024,6.23,6.19,6.25,6.18,0.04,0.65,1563806.29,972450.63
20171025,6.16,6.21,6.23,6.13,-0.07,-1.12,1658666.36,1022535.463
20171026,6.05,6.14,6.15,6.04,-0.11,-1.79,3648832.04,2217286.009
20171027,6.19,6.05,6.26,6.02,0.14,2.31,4563964.56,2808909.77
20171030,6.25,6.18,6.28,6.15,0.06,0.97,2632339.02,1641299.66
20171031,6.1,6.24,6.25,6.09,-0.15,-2.4,2028074.87,1247662.867
20171101,6.09,6.11,6.13,6.06,-0.01,-0.16,2090968.69,1272339.699
20171102,6.09,6.09,6.1,5.99,0.0,0.0,2049580.7,1240297.927
20171103,6.1,6.07,6.11,6.01,0.01,0.16,2102661.36,1273814.371
20171106,6.05,6.06,6.08,6.0,-0.05,-0.82,1596512.03,963361.047
20171107,6.07,6.03,6.1,6.0,0.02,0.33,3421529.72,2069480.027
20171108,6.04,6.06,6.09,6.0,-0.03,-0.49,3107053.52,1876195.231
20171109,5.94,6.02,6.03,5.94,-0.1,-1.66,2714198.66,1622576.916
20171110,5.82,5.95,5.95,5.81,-0.12,-2.02,4184662.73,2449725.064
20171113,5.96,5.84,5.98,5.83,0.14,2.41,4065795.75,2410240.641
20171114,5.91,5.96,5.98,5.88,-0.05,-0.84,1911099.21,1130754.341
20171115,5.91,5.88,5.95,5.86,0.0,0.0,1693957.53,1000239.409
20171116,5.85,5.89,5.91,5.82,-0.06,-1.02,2146232.74,1257739.386
20171117,6.03,5.86,6.04,5.86,0.18,3.08,4095053.67,2447884.551
20171120,6.11,6.01,6.14,5.98,0.08,1.33,3799938.25,2305443.629
20171121,6.12,6.08,6.17,6.04,0.01,0.16,4172912.09,2549098.893
20171122,6.23,6.14,6.29,6.14,0.11,1.8,4318695.96,2693415.698
20171123,6.12,6.23,6.31,6.06,-0.11,-1.77,3725663.9,2305971.06
20171124,6.07,6.11,6.13,5.98,-0.05,-0.82,3064491.38,1848711.911
20171127,5.98,6.04,6.04,5.92,-0.09,-1.48,3322823.32,1982702.596
20171128,5.92,5.95,5.97,5.89,-0.06,-1.0,1991047.27,1177612.54
20171129,5.92,5.94,5.99,5.88,0.0,0.0,1851999.03,1097060.365
20171130,5.92,5.92,5.93,5.87,0.0,0.0,1648187.56,971396.079
20171201,5.89,5.91,5.91,5.86,-0.03,-0.51,1634476.22,960961.441
20171204,5.89,5.87,5.92,5.84,0.0,0.0,1486331.25,874427.309
20171205,6.0,5.89,6.04,5.87,0.11,1.87,3648603.79,2176145.858
20171206,5.97,5.98,6.0,5.91,-0.03,-0.5,2051953.59,1221972.375
20171207,5.9,5.94,5.96,5.85,-0.07,-1.17,1646659.92,969897.035
20171208,5.88,5.88,5.9,5.86,-0.02,-0.34,1554173.4,913295.337
20171211,5.89,5.88,5.89,5.82,0.01,0.17,1753620.71,1025706.811
20171212,5.84,5.88,5.89,5.83,-0.05,-0.85,1227704.3,719258.69
20171213,5.9,5.85,5.91,5.81,0.06,1.03,1669401.95,978478.214
20171214,5.89,5.9,5.97,5.88,-0.01,-0.17,1469378.37,870053.895
20171215,5.85,5.88,5.89,5.83,-0.04,-0.68,1168481.54,684416.775
20171218,5.92,5.86,5.92,5.85,0.07,1.2,1670006.51,983204.991
20171219,5.98,5.9,6.0,5.89,0.06,1.01,2728215.69,1628202.576
20171220,5.97,5.99,6.03,5.94,-0.01,-0.17,1900410.16,1136206.448
20171221,5.96,5.97,5.99,5.94,-0.01,-0.17,1465818.53,874744.841
20171222,5.92,5.97,5.98,5.92,-0.04,-0.67,1186604.02,704959.35
20171225,6.0,5.93,6.03,5.93,0.08,1.35,2396364.48,1437036.003
20171226,6.08,6.0,6.1,5.98,0.08,1.33,2165329.09,1313822.197
20171227,6.05,6.09,6.15,6.02,-0.03,-0.49,2151400.64,1310856.357
20171228,6.14,6.03,6.14,6.02,0.09,1.49,2100886.44,1281417.931
20171229,6.2,6.13,6.22,6.12,0.06,0.98,2168997.73,1340016.987
20180102,6.18,6.19,6.39,6.11,-0.02,-0.32,5374662.07,3356778.409
20180103,6.16,6.18,6.32,6.12,-0.02,-0.32,3493611.24,2172614.073
20180104,6.07,6.18,6.18,6.06,-0.09,-1.46,4351365.22,2661279.489
20180105,6.08,6.09,6.11,6.06,0.01,0.16,2817842.65,1715071.5
20180108,6.07,6.09,6.1,6.04,-0.01,-0.16,2184876.04,1325134.03
20180109,6.09,6.07,6.11,6.04,0.02,0.33,1671857.06,1016901.409
20180110,6.16,6.08,6.19,6.06,0.07,1.15,2487389.58,1528503.369
20180111,6.21,6.18,6.24,6.14,0.05,0.81,1970473.06,1220745.187
20180112,6.25,6.2,6.3,6.2,0.04,0.64,2188517.99,1367945.833
20180115,6.43,6.24,6.48,6.24,0.18,2.88,5302095.0,3390801.519
20180116,6.59,6.43,6.59,6.38,0.16,2.49,3820653.05,2477463.823
20180117,6.72,6.64,6.99,6.64,0.13,1.97,5885365.73,3985715.09
20180118,7.13,6.75,7.15,6.75,0.41,6.1,5869909.42,4082204.721
20180119,7.12,7.14,7.2,6.98,-0.01,-0.14,4366550.41,3090202.754
20180122,7.17,7.04,7.35,7.01,0.05,0.7,4691221.4,3361424.941
20180123,7.49,7.15,7.53,7.11,0.32,4.46,6030551.04,4451129.294
20180124,7.4,7.49,7.66,7.3,-0.09,-1.2,5003507.85,3730795.529
20180125,7.35,7.33,7.42,7.13,-0.05,-0.68,3875393.65,2825420.229
20180126,7.37,7.29,7.55,7.27,0.02,0.27,4221498.23,3128361.719
20180129,7.43,7.37,7.69,7.36,0.06,0.81,3695341.82,2770750.386
20180130,7.28,7.4,7.42,7.21,-0.15,-2.02,2465403.67,1800131.407
20180131,7.48,7.28,7.5,7.21,0.2,2.75,3767759.32,2761036.083
20180201,7.68,7.44,7.7,7.42,0.2,2.67,4568140.17,3463752.676
20180202,7.6,7.6,7.67,7.44,-0.08,-1.04,3322599.56,2512792.373
20180205,7.75,7.48,7.77,7.46,0.15,1.97,4080189.69,3129790.805
20180206,7.57,7.59,7.65,7.4,-0.18,-2.32,6795771.75,5121172.363
20180207,7.13,7.57,7.67,7.0,-0.44,-5.81,6369817.42,4666865.512
20180208,6.82,7.05,7.08,6.69,-0.31,-4.35,5409203.79,3715985.911
20180209,6.68,6.58,6.72,6.43,-0.14,-2.05,6043811.55,3985698.498
20180212,6.61,6.64,6.71,6.52,-0.07,-1.05,3544422.41,2344434.626
20180213,6.8,6.66,6.88,6.64,0.19,2.87,4239094.48,2865744.342
20180214,6.88,6.79,6.9,6.73,0.08,1.18,1805734.19,1234093.936
20180222,7.0,7.03,7.08,6.96,0.12,1.74,2546631.05,1789568.288
20180223,7.01,7.03,7.04,6.93,0.01,0.14,1895043.05,1324991.245
20180226,7.02,7.06,7.17,6.94,0.01,0.14,2804496.42,1973958.671
20180227,6.79,7.0,7.03,6.71,-0.23,-3.28,3437453.92,2345465.632
20180228,6.67,6.71,6.77,6.63,-0.12,-1.77,2413871.93,1615860.477
20180301,6.69,6.63,6.76,6.59,0.02,0.3,1904846.06,1275672.236
20180302,6.68,6.61,6.72,6.58,-0.01,-0.15,1636773.5,1089812.841
20180305,6.62,6.67,6.72,6.53,-0.06,-0.9,2052887.78,1357444.336
20180306,6.55,6.65,6.68,6.48,-0.07,-1.06,4386066.96,2875033.346
20180307,6.63,6.59,6.73,6.58,0.08,1.22,3933426.35,2620109.832
20180308,6.55,6.65,6.67,6.52,-0.08,-1.21,2306817.57,1517502.717
20180309,6.55,6.58,6.61,6.53,0.0,0.0,1842561.34,1209625.214
20180312,6.48,6.6,6.62,6.45,-0.07,-1.07,4415456.32,2890852.262
20180313,6.5,6.49,6.58,6.48,0.02,0.31,2937149.05,1916691.862
20180314,6.44,6.46,6.5,6.4,-0.06,-0.92,1934814.84,1245072.024
20180315,6.46,6.41,6.47,6.4,0.02,0.31,1519619.87,979426.517
20180316,6.36,6.46,6.46,6.35,-0.1,-1.55,1642283.37,1051740.274
20180319,6.4,6.34,6.41,6.3,0.04,0.63,1504199.62,955871.368
20180320,6.53,6.35,6.54,6.34,0.13,2.03,2514772.73,1628315.187
20180321,6.49,6.55,6.58,6.43,-0.04,-0.61,2333607.95,1519914.85
20180322,6.47,6.49,6.49,6.36,-0.02,-0.31,1961055.09,1259729.602
20180323,6.3,6.34,6.35,6.15,-0.17,-2.63,3544713.03,2219790.458
20180326,6.02,6.23,6.28,5.95,-0.28,-4.44,4007328.53,2431016.333
20180327,5.98,6.09,6.13,5.92,-0.04,-0.66,3701265.02,2218556.532
20180328,5.98,5.92,6.1,5.9,0.0,0.0,3762391.91,2261921.883
20180329,6.09,6.0,6.24,5.92,0.11,1.84,4704740.62,2858443.177
20180330,6.09,6.1,6.15,6.06,0.0,0.0,2365589.57,1443446.371
20180402,5.96,6.08,6.12,5.93,-0.13,-2.13,3005908.45,1803979.996
20180403,5.88,5.9,5.94,5.84,-0.08,-1.34,2340767.53,1376478.11
20180404,5.87,5.9,5.94,5.84,-0.01,-0.17,1945170.2,1146884.49
20180409,5.86,5.88,5.91,5.85,-0.01,-0.17,1584898.7,931084.508
20180410,6.12,5.86,6.13,5.85,0.26,4.44,3274888.92,1964939.852
20180411,6.24,6.12,6.3,6.11,0.12,1.96,3386003.46,2100124.358
20180412,6.08,6.22,6.23,6.05,-0.16,-2.56,2074726.66,1273076.622
20180413,6.03,6.13,6.15,6.0,-0.05,-0.82,1716561.02,1039652.829
20180416,5.82,6.0,6.0,5.78,-0.21,-3.48,3926059.98,2296424.132
20180417,5.79,5.82,5.86,5.75,-0.03,-0.52,1976059.37,1147983.626
20180418,5.88,5.87,5.92,5.81,0.09,1.55,3131491.7,1836848.246
20180419,5.92,5.88,5.98,5.88,0.04,0.68,2143684.92,1271554.923
20180420,5.92,5.9,5.94,5.82,0.0,0.0,1919463.47,1129784.454
20180423,6.02,5.87,6.05,5.86,0.1,1.69,2379811.13,1423659.69
20180424,6.08,6.04,6.23,6.0,0.06,1.0,5343017.5,3262784.574
20180425,5.99,6.03,6.05,5.95,-0.09,-1.48,2085181.95,1249453.222
20180426,5.95,5.99,6.0,5.89,-0.04,-0.67,2054017.05,1218654.222
20180427,6.0,5.95,6.03,5.89,0.05,0.84,2197416.16,1307657.116
20180502,5.98,6.06,6.09,5.96,-0.02,-0.33,1718285.53,1033807.846
20180503,5.95,5.98,6.01,5.91,-0.03,-0.5,1497655.71,892588.509
20180504,5.91,5.93,5.96,5.89,-0.04,-0.67,1315969.52,778490.615
20180507,5.95,5.91,5.96,5.85,0.04,0.68,1916851.9,1132764.885
20180508,5.98,5.95,6.08,5.91,0.03,0.5,3228419.8,1938029.64
20180509,5.99,5.99,6.0,5.94,0.01,0.17,1461171.86,872576.939
20180510,6.0,6.01,6.04,5.95,0.01,0.17,1525428.17,914792.868
20180511,6.07,6.01,6.1,5.99,0.07,1.17,2787789.98,1690257.018
20180514,6.07,6.09,6.15,6.03,0.0,0.0,2498770.29,1520366.403
20180515,6.09,6.08,6.14,6.05,0.02,0.33,2043866.92,1244723.97
20180516,6.0,6.07,6.07,5.98,-0.09,-1.48,1602063.85,964628.887
20180517,5.97,6.01,6.01,5.94,-0.03,-0.5,1400923.33,835994.403
20180518,6.05,5.95,6.06,5.93,0.08,1.34,1442387.35,865674.057
20180521,6.03,6.08,6.08,5.99,-0.02,-0.33,2134080.51,1289062.932
20180522,5.97,6.01,6.02,5.94,-0.06,-1.0,1851435.86,1103615.932
20180523,5.85,5.95,5.96,5.85,-0.12,-2.01,2531641.13,1489993.006
20180524,5.77,5.86,5.88,5.76,-0.08,-1.37,2375144.53,1377893.276
20180525,5.78,5.76,5.8,5.74,0.01,0.17,1798287.77,1036800.692
20180528,5.76,5.76,5.79,5.73,-0.02,-0.35,1376079.25,792088.828
20180529,5.74,5.75,5.76,5.62,-0.02,-0.35,3014850.91,1713198.83
20180530,5.63,5.65,5.7,5.62,-0.11,-1.92,1461400.94,827711.227
20180531,5.66,5.66,5.68,5.61,0.03,0.53,1891983.38,1068918.82
20180601,5.64,5.64,5.7,5.61,-0.02,-0.35,1750361.89,989445.886
20180604,5.7,5.66,5.72,5.64,0.06,1.06,2041340.85,1161090.034
20180605,5.7,5.71,5.73,5.66,0.0,0.0,1468722.94,835579.978
20180606,5.65,5.69,5.69,5.65,-0.05,-0.88,1280016.88,725281.259
20180607,5.69,5.67,5.72,5.65,0.04,0.71,1634735.41,929255.91
20180608,5.58,5.67,5.68,5.57,-0.11,-1.93,2019455.61,1131400.542
20180611,5.58,5.57,5.6,5.52,0.0,0.0,1228751.73,682975.416
20180612,5.6,5.58,5.61,5.55,0.02,0.36,1166799.96,651384.56
20180613,5.58,5.58,5.59,5.53,-0.02,-0.36,1363998.27,757652.1
20180614,5.62,5.54,5.65,5.54,0.04,0.72,1403449.73,785016.596
20180615,5.7,5.61,5.73,5.6,0.08,1.42,2793783.92,1589976.53
20180619,5.74,5.66,5.76,5.61,0.04,0.7,4736599.02,2701231.48
20180620,5.69,5.7,5.72,5.65,-0.05,-0.87,1365347.86,775845.309
20180621,5.68,5.69,5.73,5.66,-0.01,-0.18,1394836.71,795973.903
20180622,5.67,5.65,5.68,5.63,-0.01,-0.18,1249003.86,705564.433
20180625,5.54,5.69,5.71,5.52,-0.13,-2.29,1716884.98,962182.102
20180626,5.42,5.51,5.51,5.36,-0.12,-2.17,2013273.06,1092349.079
20180627,5.31,5.4,5.41,5.28,-0.11,-2.03,1936487.58,1031488.535
20180628,5.2,5.28,5.29,5.18,-0.11,-2.07,1587600.44,831716.813
20180629,5.32,5.22,5.33,5.22,0.12,2.31,1303485.33,687593.339
20180702,5.08,5.3,5.3,5.05,-0.24,-4.51,1815530.8,939745.712
20180703,5.14,5.09,5.14,5.05,0.06,1.18,2210339.75,1127775.219
20180704,5.16,5.13,5.2,5.11,0.02,0.39,1236145.02,639122.725
20180705,5.23,5.17,5.29,5.16,0.07,1.36,1865183.48,972388.008
20180706,5.29,5.23,5.34,5.18,0.06,1.15,1925443.72,1013399.712
20180709,5.53,5.31,5.54,5.31,0.24,4.54,2155458.27,1174157.841
20180710,5.52,5.56,5.57,5.46,-0.01,-0.18,1289900.44,709528.373
20180711,5.48,5.41,5.52,5.39,-0.04,-0.72,1520448.61,831407.573
20180712,5.66,5.47,5.67,5.46,0.18,3.28,2134622.7,1199927.563
20180713,5.36,5.45,5.46,5.34,-0.06,-1.11,1458769.76,783719.147
20180716,5.23,5.33,5.35,5.21,-0.13,-2.43,1736925.2,912275.287
20180717,5.23,5.23,5.24,5.17,0.0,0.0,1018467.79,530286.625
20180718,5.23,5.24,5.32,5.23,0.0,0.0,963695.58,507877.468
20180719,5.17,5.24,5.25,5.14,-0.06,-1.15,1086481.58,563235.878
20180720,5.47,5.16,5.51,5.13,0.3,5.8027,3585294.46,1922223.457
20180723,5.6,5.48,5.71,5.43,0.13,2.3766,3924490.34,2191821.315
20180724,5.61,5.62,5.73,5.58,0.01,0.1786,2633342.77,1486706.112
20180725,5.62,5.61,5.64,5.55,0.01,0.1783,1904414.57,1065617.545
20180726,5.55,5.62,5.68,5.5,-0.07,-1.2456,1997142.53,1111538.907
20180727,5.54,5.53,5.57,5.5,-0.01,-0.1802,1142407.7,632774.801
20180730,5.59,5.53,5.65,5.52,0.05,0.9025,1711754.64,956312.739
20180731,5.65,5.59,5.68,5.53,0.06,1.0733,1311608.8,736427.123
20180801,5.55,5.65,5.71,5.54,-0.1,-1.7699,1648041.18,928819.142
20180802,5.44,5.52,5.54,5.41,-0.11,-1.982,1498228.51,818683.972
20180803,5.48,5.44,5.54,5.43,0.04,0.7353,1617001.94,889834.111
20180806,5.51,5.51,5.6,5.46,0.03,0.5474,1377022.65,762142.31
20180807,5.6,5.51,5.6,5.44,0.09,1.6334,2207547.91,1216576.016
20180808,5.51,5.56,5.58,5.5,-0.09,-1.6071,1213143.7,671774.821
20180809,5.57,5.47,5.58,5.46,0.06,1.0889,1517006.25,840654.618
20180810,5.5,5.55,5.57,5.47,-0.07,-1.2567,1559059.95,858992.392
20180813,5.4,5.47,5.47,5.31,-0.1,-1.8182,2190260.56,1177448.31
20180814,5.38,5.37,5.39,5.31,-0.02,-0.3704,1520363.2,812656.956
20180815,5.29,5.36,5.36,5.28,-0.09,-1.6729,1560965.93,830116.651
20180816,5.27,5.22,5.33,5.2,-0.02,-0.3781,1973864.55,1038415.577
20180817,5.26,5.3,5.31,5.24,-0.01,-0.1898,1401296.78,739626.562
20180820,5.36,5.29,5.39,5.26,0.1,1.9011,1520699.38,810195.905
20180821,5.4,5.38,5.43,5.35,0.04,0.7463,1487702.75,804435.697
20180822,5.39,5.4,5.45,5.34,-0.01,-0.1852,776009.67,417623.0
20180823,5.4,5.38,5.45,5.37,0.01,0.1855,911500.13,492518.601
20180824,5.49,5.39,5.53,5.35,0.09,1.6667,1711983.11,933085.403
20180827,5.53,5.49,5.54,5.43,0.04,0.7286,1977216.35,1087290.304
20180828,5.51,5.53,5.57,5.49,-0.02,-0.3617,1207773.18,667682.694
20180829,5.49,5.5,5.51,5.45,-0.02,-0.363,709947.78,388541.937
20180830,5.4,5.48,5.5,5.38,-0.09,-1.6393,1191030.58,646696.764
20180831,5.44,5.36,5.48,5.36,0.04,0.7407,2154535.08,1168298.958
20180903,5.43,5.42,5.47,5.39,-0.01,-0.1838,1089986.62,591034.971
20180904,5.44,5.43,5.47,5.36,0.01,0.1842,1279523.61,692475.397
20180905,5.35,5.41,5.43,5.35,-0.09,-1.6544,1176416.02,632498.333
20180906,5.33,5.33,5.37,5.3,-0.02,-0.3738,859739.6,458841.635
20180907,5.35,5.34,5.38,5.32,0.02,0.3752,862333.17,461299.835
20180910,5.34,5.34,5.4,5.31,-0.01,-0.1869,1064815.53,570727.308
20180911,5.34,5.34,5.39,5.31,0.0,0.0,931025.46,497613.979
20180912,5.29,5.31,5.33,5.28,-0.05,-0.9363,1008677.36,534499.953
20180913,5.37,5.34,5.38,5.3,0.08,1.5123,1148164.79,612783.452
20180914,5.37,5.39,5.39,5.35,0.0,0.0,681130.05,365783.31
20180917,5.32,5.36,5.37,5.31,-0.05,-0.9311,835209.49,445943.662
20180918,5.39,5.33,5.39,5.3,0.07,1.3158,1126595.07,601913.118
20180919,5.44,5.37,5.46,5.36,0.05,0.9276,1767880.92,959117.251
20180920,5.49,5.44,5.52,5.44,0.05,0.9191,1477091.02,809829.138
20180921,5.75,5.51,5.75,5.45,0.26,4.7359,3285182.06,1848963.749
20180925,5.67,5.67,5.72,5.64,-0.08,-1.3913,2118049.37,1202612.205
20180926,5.7,5.69,5.77,5.66,0.03,0.5291,2327120.67,1331842.938
20180927,5.69,5.69,5.71,5.6,-0.01,-0.1754,1298206.26,735440.798
20180928,5.77,5.69,5.8,5.68,0.08,1.406,2000095.58,1149909.897
20181008,5.56,5.63,5.64,5.52,-0.21,-3.6395,2195532.29,1224027.957
20181009,5.53,5.52,5.58,5.5,-0.03,-0.5396,1478667.55,818145.013
20181010,5.55,5.54,5.58,5.51,0.02,0.3617,1448229.35,802739.697
20181011,5.4,5.42,5.49,5.36,-0.15,-2.7027,2371310.43,1286482.198
20181012,5.53,5.4,5.55,5.4,0.13,2.4074,1651175.81,902635.315
20181015,5.43,5.52,5.52,5.43,-0.1,-1.8083,1055919.49,576406.049
20181016,5.45,5.43,5.52,5.42,0.02,0.3683,1016670.05,556342.93
20181017,5.43,5.5,5.52,5.38,-0.02,-0.367,1869574.21,1019074.792
20181018,5.35,5.42,5.43,5.35,-0.08,-1.4733,1497852.99,807226.98
20181019,5.48,5.35,5.52,5.28,0.13,2.4299,2483320.11,1345285.816
20181022,5.63,5.5,5.68,5.5,0.15,2.7372,2772704.72,1556976.411
20181023,5.47,5.63,5.66,5.45,-0.16,-2.8419,2045772.08,1134478.169
20181024,5.62,5.46,5.67,5.45,0.15,2.7422,2634179.53,1474702.211
20181025,5.65,5.52,5.67,5.47,0.03,0.5338,2202105.8,1230959.597
20181026,5.69,5.66,5.76,5.57,0.04,0.708,1992535.84,1122075.31
20181029,5.58,5.67,5.74,5.53,-0.11,-1.9332,1862819.37,1046638.853
20181030,5.63,5.61,5.68,5.56,0.05,0.8961,1517325.06,852383.405
20181031,5.63,5.61,5.65,5.58,0.0,0.0,1516160.71,851804.604
20181101,5.57,5.65,5.67,5.55,-0.06,-1.0657,1946329.49,1089281.16
20181102,5.64,5.63,5.66,5.54,0.07,1.2567,3405294.73,1910514.643
20181105,5.56,5.61,5.62,5.54,-0.08,-1.4184,1898292.31,1057512.736
20181106,5.53,5.57,5.58,5.5,-0.03,-0.5396,1581505.7,873981.044
20181107,5.52,5.53,5.57,5.5,-0.01,-0.1808,1527558.09,844666.274
20181108,5.53,5.53,5.56,5.51,0.01,0.1812,1222918.27,676676.589
20181109,5.35,5.47,5.47,5.3,-0.18,-3.255,4099081.93,2191481.176
20181112,5.36,5.31,5.37,5.3,0.01,0.1869,1912826.53,1020680.555
20181113,5.38,5.31,5.41,5.3,0.02,0.3731,1966675.07,1052653.345
20181114,5.31,5.37,5.37,5.3,-0.07,-1.3011,1771988.18,944287.68
20181115,5.35,5.31,5.35,5.3,0.04,0.7533,1208254.58,644050.3
20181116,5.34,5.35,5.38,5.33,-0.01,-0.1869,1395429.89,747277.332
20181119,5.41,5.36,5.41,5.35,0.07,1.3109,1768291.25,952026.363
20181120,5.35,5.39,5.4,5.31,-0.06,-1.1091,1431497.17,766521.317
20181121,5.36,5.31,5.37,5.31,0.01,0.1869,983231.6,526255.183
20181122,5.36,5.37,5.38,5.33,0.0,0.0,793685.33,424623.56
20181123,5.33,5.36,5.36,5.32,-0.03,-0.5597,897813.62,479130.038
20181126,5.35,5.35,5.38,5.33,0.02,0.3752,872378.81,466946.502
20181127,5.33,5.35,5.35,5.32,-0.02,-0.3738,661139.48,352717.518
20181128,5.35,5.33,5.36,5.32,0.02,0.3752,779603.74,416929.666
20181129,5.33,5.37,5.38,5.32,-0.02,-0.3738,814643.21,435063.214
20181130,5.33,5.32,5.35,5.31,0.0,0.0,611827.37,326057.56
20181203,5.41,5.41,5.44,5.38,0.08,1.5009,2223474.05,1203130.644
20181204,5.42,5.41,5.43,5.4,0.01,0.1848,963392.72,521579.413
20181205,5.4,5.38,5.41,5.37,-0.02,-0.369,948942.01,511551.963
20181206,5.35,5.35,5.39,5.33,-0.05,-0.9259,1126755.87,602594.757
20181207,5.35,5.35,5.37,5.33,0.0,0.0,595983.21,318833.133
20181210,5.33,5.31,5.34,5.31,-0.02,-0.3738,808751.51,430647.457
20181211,5.33,5.33,5.34,5.31,0.0,0.0,607028.59,323017.442
20181212,5.34,5.34,5.35,5.32,0.01,0.1876,622103.27,332160.888
20181213,5.39,5.35,5.4,5.34,0.05,0.9363,976390.78,524792.111
20181214,5.35,5.36,5.38,5.34,-0.04,-0.7421,751594.34,402565.671
20181217,5.37,5.33,5.37,5.32,0.02,0.3738,818948.7,438320.427
20181218,5.35,5.35,5.36,5.33,-0.02,-0.3724,976967.36,522120.363
20181219,5.33,5.36,5.37,5.32,-0.02,-0.3738,983026.93,526282.004
20181220,5.23,5.33,5.35,5.2,-0.1,-1.8762,1853115.87,971134.825
20181221,5.19,5.2,5.21,5.1,-0.04,-0.7648,2021416.64,1037461.964
20181224,5.22,5.14,5.23,5.12,0.03,0.578,1082039.25,559448.435
20181225,5.23,5.16,5.26,5.16,0.01,0.1916,1662552.82,864574.243
20181226,5.27,5.22,5.28,5.21,0.04,0.7648,898617.28,472229.363
20181227,5.28,5.3,5.32,5.27,0.01,0.1898,1016874.85,538020.359
20181228,5.29,5.3,5.34,5.29,0.01,0.1894,1115319.0,592871.422
20190102,5.2,5.3,5.31,5.17,-0.09,-1.7013,1131849.0,589032.055
20190103,5.2,5.18,5.23,5.17,0.0,0.0,943284.27,489960.755
20190104,5.27,5.18,5.28,5.15,0.07,1.3462,1224420.27,639955.298
20190107,5.24,5.3,5.3,5.23,-0.03,-0.5693,999757.87,525367.219
20190108,5.2,5.25,5.25,5.18,-0.04,-0.7634,1129184.31,586983.187
20190109,5.26,5.21,5.29,5.2,0.06,1.1538,1761937.93,927673.984
20190110,5.22,5.24,5.26,5.2,-0.04,-0.7605,839222.43,438941.576
20190111,5.24,5.23,5.25,5.21,0.02,0.3831,838921.8,438851.591
20190114,5.2,5.26,5.26,5.18,-0.04,-0.7634,951456.97,495446.484
20190115,5.23,5.21,5.25,5.19,0.03,0.5769,1189012.04,620636.208
20190116,5.24,5.23,5.24,5.21,0.01,0.1912,873639.57,456703.388
20190117,5.25,5.25,5.31,5.22,0.01,0.1908,1673145.24,880743.74
20190118,5.39,5.27,5.4,5.25,0.14,2.6667,2517758.98,1347139.882
20190121,5.45,5.41,5.48,5.4,0.06,1.1132,2126181.57,1155980.186
20190122,5.39,5.46,5.46,5.37,-0.06,-1.1009,1395486.3,755135.234
20190123,5.44,5.4,5.45,5.39,0.05,0.9276,1253884.81,680815.339
20190124,5.46,5.46,5.47,5.42,0.02,0.3676,888219.89,484066.271
20190125,5.52,5.48,5.58,5.48,0.06,1.0989,1666269.76,922146.109
20190128,5.5,5.6,5.64,5.48,-0.02,-0.3623,1639485.11,911337.389
20190129,5.54,5.51,5.56,5.48,0.04,0.7273,1300705.55,717789.267
20190130,5.55,5.54,5.57,5.51,0.01,0.1805,1373696.58,762016.503
20190131,5.66,5.57,5.7,5.55,0.11,1.982,2251050.48,1270118.548
20190201,5.65,5.68,5.7,5.61,-0.01,-0.1767,1436724.42,811725.29
20190211,5.64,5.62,5.65,5.56,-0.01,-0.177,1195632.34,671400.319
20190212,5.65,5.64,5.66,5.59,0.01,0.1773,845872.0,476043.887
20190213,5.71,5.65,5.74,5.61,0.06,1.0619,1757538.81,996024.2
20190214,5.65,5.69,5.7,5.63,-0.06,-1.0508,1554184.76,878284.583
20190215,5.51,5.63,5.63,5.48,-0.14,-2.4779,2130583.23,1182691.504
20190218,5.6,5.54,5.6,5.53,0.09,1.6334,1874015.57,1043454.663
20190219,5.57,5.59,5.64,5.55,-0.03,-0.5357,2126730.98,1186283.471
20190220,5.57,5.58,5.6,5.55,0.0,0.0,1068611.46,595932.403
20190221,5.56,5.57,5.61,5.54,-0.01,-0.1795,1583102.23,881970.594
20190222,5.55,5.55,5.55,5.47,-0.01,-0.1799,2983245.78,1643297.727
20190225,5.9,5.57,5.9,5.57,0.35,6.3063,6769225.45,3865185.131
20190226,5.77,5.89,5.9,5.74,-0.13,-2.2034,4585219.51,2666027.06
20190227,5.81,5.78,5.93,5.73,0.04,0.6932,4815141.88,2799706.27
20190228,5.75,5.79,5.83,5.71,-0.06,-1.0327,2787211.81,1607625.827
20190301,5.85,5.77,5.86,5.71,0.1,1.7391,3372006.5,1946441.855
20190304,5.86,5.9,5.99,5.83,0.01,0.1709,6018263.96,3548348.327
20190305,5.82,5.83,5.84,5.77,-0.04,-0.6826,3327884.98,1930794.205
20190306,5.85,5.8,5.85,5.79,0.03,0.5155,3261569.6,1897117.848
20190307,5.76,5.84,5.84,5.74,-0.09,-1.5385,4004888.19,2314378.722
20190308,5.59,5.7,5.7,5.58,-0.17,-2.9514,3578249.97,2021357.634
20190311,5.61,5.58,5.63,5.55,0.02,0.3578,2320634.38,1296366.8
20190312,5.62,5.63,5.68,5.6,0.01,0.1783,2743039.42,1547955.028
20190313,5.58,5.61,5.61,5.54,-0.04,-0.7117,3065094.53,1706659.371
20190314,5.57,5.57,5.61,5.54,-0.01,-0.1792,2263955.59,1262154.847
20190315,5.58,5.56,5.62,5.56,0.01,0.1795,2500673.44,1396909.155
20190318,5.65,5.57,5.65,5.56,0.07,1.2545,3633998.29,2037487.807
20190319,5.65,5.67,5.67,5.62,0.0,0.0,2457470.81,1387001.937
20190320,5.61,5.63,5.65,5.59,-0.04,-0.708,2362450.06,1327840.234
20190321,5.59,5.61,5.62,5.58,-0.02,-0.3565,2315734.32,1296886.937
20190322,5.58,5.59,5.6,5.55,-0.01,-0.1789,1912400.61,1065810.875
20190325,5.47,5.53,5.55,5.46,-0.11,-1.9713,3218764.22,1773948.858
20190326,5.45,5.49,5.49,5.43,-0.02,-0.3656,2079400.75,1134356.207
20190327,5.51,5.46,5.54,5.45,0.06,1.1009,2633869.47,1448761.846
20190328,5.45,5.49,5.5,5.44,-0.06,-1.0889,1922437.62,1048075.591
20190329,5.57,5.47,5.58,5.46,0.12,2.2018,3916036.43,2167140.511
20190401,5.64,5.59,5.66,5.59,0.07,1.2567,4879282.96,2746619.007
20190402,5.66,5.66,5.7,5.64,0.02,0.3546,3924760.36,2224158.954
20190403,5.7,5.6,5.71,5.6,0.04,0.7067,3262867.22,1849272.726
20190404,5.81,5.7,5.83,5.69,0.11,1.9298,4524539.54,2613628.429
20190408,5.82,5.85,5.98,5.78,0.01,0.1721,4293673.64,2520826.723
20190409,5.78,5.81,5.82,5.76,-0.04,-0.6873,2408015.73,1393045.154
20190410,5.75,5.75,5.79,5.7,-0.03,-0.519,2412362.89,1382006.765
20190411,5.73,5.75,5.79,5.71,-0.02,-0.3478,2171263.6,1248620.756
20190412,5.73,5.72,5.74,5.7,0.0,0.0,1536137.61,879599.556
20190415,5.81,5.81,5.93,5.8,0.08,1.3962,4734974.67,2779941.677
20190416,6.0,5.78,6.03,5.75,0.19,3.2702,5512072.42,3278481.934
20190417,6.01,5.99,6.08,5.96,0.01,0.1667,3642938.94,2192184.239
20190418,5.94,6.01,6.03,5.93,-0.07,-1.1647,2164783.99,1291541.522
20190419,5.98,5.94,6.01,5.94,0.04,0.6734,1845142.26,1102589.241
20190422,5.83,5.99,6.0,5.81,-0.15,-2.5084,2731242.5,1604367.134
20190423,5.81,5.84,5.85,5.79,-0.02,-0.3431,1831041.12,1064237.189
20190424,5.81,5.82,5.84,5.74,0.0,0.0,2091668.08,1213023.884
20190425,5.73,5.79,5.8,5.71,-0.08,-1.3769,2259720.35,1300357.961
20190426,5.71,5.71,5.76,5.7,-0.02,-0.349,1840006.08,1053851.685
20190429,5.8,5.73,5.84,5.71,0.09,1.5762,2119529.69,1225789.011
20190430,5.81,5.8,5.83,5.74,0.01,0.1724,1850456.85,1071096.005
20190506,5.72,5.69,5.8,5.56,-0.09,-1.5491,3942109.1,2231092.909
20190507,5.66,5.7,5.71,5.63,-0.06,-1.049,1680326.14,952166.816
20190508,5.59,5.6,5.64,5.57,-0.07,-1.2367,1355874.56,759565.823
20190509,5.52,5.57,5.58,5.5,-0.07,-1.2522,1676489.52,927332.814
20190510,5.61,5.54,5.66,5.5,0.09,1.6304,2165359.05,1208207.525
20190513,5.54,5.55,5.57,5.53,-0.07,-1.2478,1164306.74,645989.042
20190514,5.52,5.51,5.56,5.5,-0.02,-0.361,1248745.48,689966.955
20190515,5.57,5.54,5.59,5.51,0.05,0.9058,1615658.26,896828.177
20190516,5.59,5.54,5.61,5.53,0.02,0.3591,1546208.32,861855.987
20190517,5.57,5.6,5.61,5.54,-0.02,-0.3578,1594083.38,889465.004
20190520,5.61,5.56,5.65,5.55,0.04,0.7181,2414575.52,1354096.098
20190521,5.64,5.61,5.66,5.6,0.03,0.5348,1557976.78,878069.666
20190522,5.65,5.64,5.66,5.59,0.01,0.1773,1208877.09,681037.705
20190523,5.65,5.65,5.66,5.62,0.0,0.0,1865486.0,1051733.274
20190524,5.7,5.65,5.72,5.64,0.05,0.885,1400200.56,796791.416
20190527,5.65,5.68,5.69,5.62,-0.05,-0.8772,1781055.39,1006664.975
20190528,5.67,5.66,5.68,5.62,0.02,0.354,1893082.19,1070600.877
20190529,5.65,5.64,5.67,5.62,-0.02,-0.3527,1165485.99,657781.033
20190530,5.67,5.65,5.67,5.62,0.02,0.354,1205652.81,680596.423
20190531,5.61,5.65,5.66,5.6,-0.06,-1.0582,1488230.56,837910.267
20190603,5.7,5.62,5.7,5.62,0.09,1.6043,1869902.03,1059369.588
20190604,5.73,5.7,5.74,5.68,0.03,0.5263,1643915.69,939313.934
20190605,5.76,5.74,5.82,5.74,0.03,0.5236,1707521.19,987984.988
20190606,5.73,5.78,5.79,5.73,-0.03,-0.5208,1543094.02,887887.833
20190610,5.78,5.74,5.82,5.74,0.05,0.8726,1852676.56,1072572.133
20190611,5.79,5.78,5.8,5.76,0.01,0.173,2598938.16,1502386.897
20190612,5.76,5.78,5.79,5.74,-0.03,-0.5181,1902212.21,1096083.193
20190613,5.73,5.75,5.76,5.71,-0.03,-0.5208,1640528.94,940707.281
20190614,5.74,5.74,5.78,5.72,0.01,0.1745,1482278.28,851421.113
20190617,5.74,5.73,5.77,5.72,0.0,0.0,1582082.21,909396.131
20190618,5.74,5.74,5.76,5.72,0.0,0.0,2611020.48,1497382.199
20190619,5.78,5.81,5.84,5.76,0.04,0.6969,4025858.45,2330013.862
20190620,5.84,5.78,5.9,5.77,0.06,1.0381,5875141.52,3422036.508
20190621,5.85,5.84,5.89,5.82,0.01,0.1712,3183815.25,1863369.476
20190624,5.88,5.85,5.88,5.83,0.03,0.5128,1785277.88,1044893.557
20190625,5.83,5.87,5.88,5.77,-0.05,-0.8503,2684932.83,1565106.769
20190626,5.85,5.81,5.86,5.8,0.02,0.3431,1375845.93,803732.376
20190627,5.91,5.86,5.92,5.85,0.06,1.0256,2244569.16,1323644.589
20190628,5.89,5.89,5.91,5.84,-0.02,-0.3384,1561974.46,917321.841
20190701,5.92,5.94,5.97,5.9,0.03,0.5093,2927829.68,1733983.996
20190702,5.93,5.91,5.95,5.9,0.01,0.1689,2713569.68,1608451.266
20190703,5.67,5.68,5.69,5.64,-0.01,-0.1761,2096733.68,1186312.926
20190704,5.68,5.67,5.68,5.65,0.01,0.1764,1516906.47,859960.469
20190705,5.67,5.66,5.68,5.65,-0.01,-0.1761,1289392.2,729920.554
20190708,5.59,5.65,5.66,5.54,-0.08,-1.4109,1962590.34,1097056.866
20190709,5.58,5.57,5.59,5.56,-0.01,-0.1789,1193934.89,666052.044
20190710,5.55,5.58,5.59,5.54,-0.03,-0.5376,1056818.05,587125.216
20190711,5.57,5.56,5.58,5.55,0.02,0.3604,1062933.61,591679.257
20190712,5.62,5.58,5.64,5.56,0.05,0.8977,1411107.88,790560.846
20190715,5.6,5.6,5.61,5.54,-0.02,-0.3559,1261611.57,703712.105
20190716,5.61,5.6,5.62,5.57,0.01,0.1786,808805.41,453192.172
20190717,5.56,5.59,5.6,5.55,-0.05,-0.8913,1449433.69,806704.397
20190718,5.57,5.54,5.58,5.54,0.01,0.1799,1208150.69,671927.101
20190719,5.6,5.56,5.61,5.56,0.03,0.5386,1189488.18,665457.945
20190722,5.64,5.59,5.65,5.59,0.04,0.7143,1604548.21,903329.968
20190723,5.66,5.63,5.66,5.61,0.02,0.3546,1210511.76,682694.451
20190724,5.69,5.66,5.7,5.65,0.03,0.53,1701762.04,967315.317
20190725,5.69,5.69,5.69,5.66,0.0,0.0,1164247.04,660682.532
20190726,5.69,5.67,5.7,5.66,0.0,0.0,1130750.7,642681.828
20190729,5.65,5.69,5.69,5.64,-0.04,-0.703,1532497.76,866677.467
20190730,5.66,5.67,5.68,5.64,0.01,0.177,1340973.79,759884.552
20190731,5.64,5.65,5.66,5.62,-0.02,-0.3534,1093150.49,616467.314
20190801,5.61,5.62,5.64,5.6,-0.03,-0.5319,1041691.49,585216.834
20190802,5.56,5.56,5.59,5.5,-0.05,-0.8913,1636155.34,908481.761
20190805,5.48,5.54,5.55,5.48,-0.08,-1.4388,1473191.56,812704.127
20190806,5.41,5.43,5.44,5.4,-0.07,-1.2774,1741383.85,943338.864
20190807,5.39,5.43,5.44,5.38,-0.02,-0.3697,1121974.85,605815.403
20190808,5.43,5.41,5.45,5.39,0.04,0.7421,1308395.72,709635.128
20190809,5.46,5.44,5.49,5.43,0.03,0.5525,1509768.36,824562.308
20190812,5.51,5.46,5.53,5.45,0.05,0.9158,1138926.66,625444.071
20190813,5.51,5.49,5.53,5.48,0.0,0.0,1008889.18,555891.366
20190814,5.53,5.54,5.56,5.53,0.02,0.363,1075702.83,596398.429
20190815,5.56,5.48,5.56,5.46,0.03,0.5425,1024084.53,566358.431
20190816,5.5,5.56,5.56,5.5,-0.06,-1.0791,1152927.63,637791.324
20190819,5.47,5.47,5.5,5.38,-0.03,-0.5455,3309679.57,1797812.975
20190820,5.42,5.46,5.46,5.41,-0.05,-0.9141,2349322.25,1273619.748
20190821,5.43,5.41,5.44,5.4,0.01,0.1845,1058217.83,573831.805
20190822,5.39,5.44,5.44,5.38,-0.04,-0.7366,1643501.74,887219.738
20190823,5.42,5.4,5.43,5.38,0.03,0.5566,1263582.67,683684.532
20190826,5.38,5.36,5.4,5.36,-0.04,-0.738,1390794.15,747568.384
20190827,5.42,5.4,5.44,5.38,0.04,0.7435,2189476.97,1185475.198
20190828,5.4,5.41,5.42,5.38,-0.02,-0.369,1125786.16,607677.06
20190829,5.42,5.39,5.42,5.38,0.02,0.3704,1285365.86,694284.311
20190830,5.39,5.44,5.44,5.38,-0.03,-0.5535,1528963.91,826775.233
20190902,5.39,5.4,5.42,5.38,0.0,0.0,1892707.69,1020599.247
20190903,5.4,5.38,5.4,5.37,0.01,0.1855,1232397.49,663234.36
20190904,5.47,5.4,5.47,5.38,0.07,1.2963,2198547.65,1193234.818
20190905,5.5,5.48,5.54,5.47,0.03,0.5484,2959461.64,1630622.336
20190906,5.52,5.51,5.53,5.49,0.02,0.3636,1398795.41,771476.211
20190909,5.51,5.54,5.56,5.49,-0.01,-0.1812,1979916.88,1091900.683
20190910,5.5,5.51,5.52,5.48,-0.01,-0.1815,1621300.15,891826.027
20190911,5.55,5.52,5.56,5.5,0.05,0.9091,2026820.89,1121044.832
20190912,5.57,5.55,5.57,5.53,0.02,0.3604,1327617.19,736481.643
20190916,5.57,5.57,5.58,5.55,0.0,0.0,1414432.07,786981.778
20190917,5.51,5.56,5.57,5.49,-0.06,-1.0772,1372554.14,758429.381
20190918,5.5,5.52,5.53,5.49,-0.01,-0.1815,932774.8,513953.055
20190919,5.5,5.51,5.51,5.47,0.0,0.0,865239.07,474638.527
20190920,5.53,5.51,5.53,5.48,0.03,0.5455,1422582.52,784177.784
20190923,5.48,5.51,5.52,5.45,-0.05,-0.9042,1520159.34,832298.517
20190924,5.5,5.48,5.52,5.47,0.02,0.365,1013885.91,557207.488
20190925,5.49,5.49,5.52,5.47,-0.01,-0.1818,999090.55,549254.645
20190926,5.55,5.51,5.56,5.5,0.06,1.0929,2119003.05,1174808.257
20190927,5.54,5.55,5.58,5.48,-0.01,-0.1802,1910227.95,1056834.869
20190930,5.53,5.53,5.6,5.52,-0.01,-0.1805,1499032.94,833912.971
20191008,5.56,5.51,5.58,5.48,0.03,0.5425,1253175.91,694816.959
20191009,5.58,5.53,5.6,5.53,0.02,0.3597,1231203.36,686629.146
20191010,5.57,5.58,5.58,5.55,-0.01,-0.1792,760767.42,423452.59
20191011,5.64,5.56,5.65,5.56,0.07,1.2567,1643201.2,922238.774
20191014,5.72,5.65,5.77,5.64,0.08,1.4184,2195180.46,1254701.74
20191015,5.72,5.71,5.74,5.69,0.0,0.0,1143438.34,652994.101
20191016,5.72,5.75,5.79,5.67,0.0,0.0,1414081.81,810716.159
20191017,5.71,5.71,5.72,5.69,-0.01,-0.1748,706609.79,403474.493
20191018,5.67,5.72,5.76,5.66,-0.04,-0.7005,1264915.58,721838.808
20191021,5.79,5.68,5.79,5.67,0.12,2.1164,1941045.35,1116127.966
20191022,5.81,5.8,5.81,5.75,0.02,0.3454,1107654.65,640665.454
20191023,5.87,5.79,5.89,5.78,0.06,1.0327,1638487.1,957097.644
20191024,5.92,5.87,6.01,5.86,0.05,0.8518,2230287.0,1325648.418
20191025,5.98,5.91,5.99,5.84,0.06,1.0135,1766530.86,1046629.18
20191028,5.93,6.0,6.02,5.91,-0.05,-0.8361,1707052.43,1014224.887
20191029,5.91,5.93,5.97,5.88,-0.02,-0.3373,1198014.94,709827.271
20191030,5.95,5.92,5.98,5.9,0.04,0.6768,1233569.13,733775.252
20191031,5.91,5.97,5.97,5.87,-0.04,-0.6723,969326.43,572353.999
20191101,5.94,5.9,5.97,5.82,0.03,0.5076,1331794.14,785011.338
20191104,5.9,5.94,5.97,5.9,-0.04,-0.6734,1121642.13,664293.605
20191105,5.92,5.91,6.0,5.89,0.02,0.339,2021852.18,1202831.879
20191106,5.98,5.91,6.0,5.9,0.06,1.0135,1566204.23,932669.708
20191107,5.95,5.98,5.99,5.93,-0.03,-0.5017,1102570.31,657380.18
20191108,5.87,5.98,5.99,5.86,-0.08,-1.3445,1704203.98,1006735.31
20191111,5.77,5.84,5.85,5.75,-0.1,-1.7036,1356370.22,785921.491
20191112,5.8,5.77,5.82,5.75,0.03,0.5199,875125.54,506219.092
20191113,5.78,5.79,5.82,5.74,-0.02,-0.3448,1066182.66,616839.59
20191114,5.75,5.77,5.8,5.74,-0.03,-0.519,780185.38,449636.131
20191115,5.79,5.76,5.81,5.75,0.04,0.6957,930179.06,537829.174
20191118,5.82,5.78,5.82,5.76,0.03,0.5181,838837.82,486225.054
20191119,5.85,5.81,5.85,5.8,0.03,0.5155,1010758.35,589556.586
20191120,5.8,5.83,5.85,5.79,-0.05,-0.8547,707739.95,411396.344
20191121,5.73,5.77,5.78,5.71,-0.07,-1.2069,1420982.83,814571.213
20191122,5.71,5.73,5.75,5.71,-0.02,-0.349,1115087.37,639050.192
20191125,5.83,5.72,5.85,5.71,0.12,2.1016,1916305.2,1112388.234
20191126,5.85,5.85,5.89,5.83,0.02,0.3431,1536792.3,900597.531
20191127,5.88,5.86,5.89,5.83,0.03,0.5128,863818.62,506920.677
20191128,5.84,5.87,5.88,5.82,-0.04,-0.6803,754976.65,441313.058
20191129,5.79,5.82,5.88,5.79,-0.05,-0.8562,1032189.13,601912.619
20191202,5.81,5.8,5.83,5.8,0.02,0.3454,850038.34,493980.584
20191203,5.79,5.8,5.82,5.76,-0.02,-0.3442,747954.77,433027.81
20191204,5.76,5.79,5.79,5.74,-0.03,-0.5181,929448.79,535386.415
20191205,5.77,5.78,5.8,5.75,0.01,0.1736,790213.95,456172.044
20191206,5.75,5.77,5.79,5.72,-0.02,-0.3466,1096040.45,629666.588
20191209,5.74,5.74,5.76,5.7,-0.01,-0.1739,1104982.01,632087.933
20191210,5.7,5.73,5.73,5.69,-0.04,-0.6969,977657.65,557745.079
20191211,5.75,5.71,5.75,5.69,0.05,0.8772,1128807.54,646313.686
20191212,5.74,5.75,5.76,5.72,-0.01,-0.1739,909605.65,522169.061
20191213,5.82,5.78,5.82,5.75,0.08,1.3937,1494336.87,864842.609
20191216,5.78,5.81,5.81,5.76,-0.04,-0.6873,1411578.62,815376.177
20191217,5.84,5.79,5.88,5.75,0.06,1.0381,2384927.11,1386519.848
20191218,5.87,5.83,5.92,5.82,0.03,0.5137,1844467.06,1083556.133
20191219,5.93,5.87,5.95,5.87,0.06,1.0221,1668417.19,986230.754
20191220,5.94,5.92,5.95,5.89,0.01,0.1686,1201617.86,710919.147
20191223,5.88,5.93,5.93,5.86,-0.06,-1.0101,1191389.84,702161.148
20191224,5.86,5.86,5.88,5.84,-0.02,-0.3401,682187.61,400001.44
20191225,5.83,5.86,5.87,5.83,-0.03,-0.5119,781478.48,456919.139
20191226,5.86,5.85,5.87,5.82,0.03,0.5146,895144.69,523540.97
20191227,5.9,5.85,5.94,5.85,0.04,0.6826,1303194.42,769054.268
20191230,5.89,5.88,5.89,5.81,-0.01,-0.1695,2106664.99,1233513.921
20191231,5.88,5.87,5.91,5.84,-0.01,-0.1698,1400559.36,821744.258
20200102,5.97,5.92,6.03,5.91,0.09,1.5306,2349493.97,1404442.753
20200103,5.99,5.97,6.02,5.96,0.02,0.335,1522130.47,911951.562
20200106,5.97,5.96,6.05,5.95,-0.02,-0.3339,2265097.05,1359917.424
20200107,6.01,5.98,6.04,5.98,0.04,0.67,1168043.53,701615.827
20200108,5.91,5.96,5.97,5.9,-0.1,-1.6639,1585590.9,940552.725
20200109,5.91,5.95,5.96,5.88,0.0,0.0,1377134.29,813806.686
20200110,5.91,5.91,5.93,5.86,0.0,0.0,978377.73,576580.178
20200113,5.93,5.9,5.93,5.87,0.02,0.3384,1089910.03,642791.834
20200114,5.94,5.92,5.96,5.91,0.01,0.1686,1367700.59,812389.848
20200115,5.88,5.93,5.94,5.87,-0.06,-1.0101,1288907.56,759512.875
20200116,5.8,5.87,5.89,5.79,-0.08,-1.3605,2690313.51,1572007.903
20200117,5.82,5.81,5.84,5.8,0.02,0.3448,1039490.27,605076.653
20200120,5.84,5.81,5.86,5.8,0.02,0.3436,1033399.62,602786.615
20200121,5.77,5.82,5.83,5.76,-0.07,-1.1986,1432236.69,828268.482
20200122,5.79,5.76,5.79,5.71,0.02,0.3466,1283707.88,738870.049
20200123,5.72,5.76,5.78,5.7,-0.07,-1.209,2000376.55,1146238.55
20200203,5.42,5.3,5.58,5.3,-0.3,-5.2448,4680399.02,2524272.183
20200204,5.5,5.39,5.53,5.36,0.08,1.476,4013852.61,2178867.252
20200205,5.49,5.49,5.52,5.42,-0.01,-0.1818,2508538.05,1374458.723
20200206,5.5,5.5,5.53,5.44,0.01,0.1821,2809954.29,1538957.671
20200207,5.44,5.47,5.47,5.4,-0.06,-1.0909,2373189.96,1288428.158
20200210,5.42,5.41,5.43,5.38,-0.02,-0.3676,1902386.33,1027646.561
20200211,5.46,5.43,5.47,5.41,0.04,0.738,1984984.5,1081002.724
20200212,5.46,5.46,5.47,5.42,0.0,0.0,2039144.33,1109148.701
20200213,5.41,5.45,5.45,5.4,-0.05,-0.9158,1995657.62,1082005.691
20200214,5.43,5.4,5.44,5.39,0.02,0.3697,1415764.48,767126.663
20200217,5.49,5.42,5.49,5.41,0.06,1.105,2141949.06,1169117.31
20200218,5.46,5.47,5.48,5.44,-0.03,-0.5464,1845424.4,1007061.194
20200219,5.48,5.45,5.5,5.45,0.02,0.3663,2040523.82,1115986.859
20200220,5.51,5.48,5.52,5.44,0.03,0.5474,2836680.91,1552477.582
20200221,5.49,5.49,5.52,5.47,-0.02,-0.363,2237102.93,1228187.059
20200224,5.44,5.48,5.49,5.43,-0.05,-0.9107,1933291.9,1053685.893
20200225,5.41,5.4,5.42,5.39,-0.03,-0.5515,2301332.75,1243466.243
20200226,5.41,5.38,5.44,5.36,0.0,0.0,2579688.13,1393315.557
20200227,5.4,5.4,5.42,5.39,-0.01,-0.1848,2225556.23,1202215.361
20200228,5.3,5.37,5.38,5.28,-0.1,-1.8519,4229371.46,2256218.764
20200302,5.36,5.3,5.36,5.29,0.06,1.1321,2399023.17,1279829.481
20200303,5.38,5.37,5.4,5.35,0.02,0.3731,2554031.93,1374004.536
20200304,5.39,5.37,5.39,5.36,0.01,0.1859,1342815.89,721906.815
20200305,5.46,5.4,5.46,5.38,0.07,1.2987,3305397.55,1794965.702
20200306,5.41,5.42,5.43,5.39,-0.05,-0.9158,1959498.73,1059304.456
20200309,5.31,5.34,5.35,5.3,-0.1,-1.8484,2880620.25,1532677.429
20200310,5.36,5.29,5.37,5.29,0.05,0.9416,2508207.67,1336201.306
20200311,5.32,5.35,5.37,5.32,-0.04,-0.7463,1694069.55,904475.654
20200312,5.29,5.3,5.32,5.27,-0.03,-0.5639,2462964.88,1303003.586
20200313,5.22,5.16,5.27,5.13,-0.07,-1.3233,2997241.07,1553653.695
20200316,5.17,5.22,5.29,5.14,-0.05,-0.9579,3044663.05,1586443.7
20200317,5.17,5.16,5.23,5.12,0.0,0.0,2577129.32,1329255.603
20200318,5.11,5.18,5.2,5.11,-0.06,-1.1605,2025068.11,1045181.428
20200319,4.99,5.11,5.12,4.93,-0.12,-2.3483,2898849.68,1452206.739
20200320,5.08,5.02,5.11,5.0,0.09,1.8036,2125136.11,1073508.058
20200323,4.99,5.0,5.03,4.98,-0.09,-1.7717,1399893.11,699169.083
20200324,5.12,5.02,5.12,5.02,0.13,2.6052,2303316.06,1166514.215
20200325,5.18,5.17,5.18,5.1,0.06,1.1719,2321786.19,1195478.388
20200326,5.18,5.13,5.22,5.11,0.0,0.0,1556128.48,805142.973
20200327,5.21,5.21,5.25,5.18,0.03,0.5792,1727364.92,901046.977
20200330,5.22,5.18,5.24,5.15,0.01,0.1919,1953884.77,1016609.263
20200331,5.15,5.22,5.24,5.12,-0.07,-1.341,1761031.97,912323.378
20200401,5.16,5.15,5.19,5.13,0.01,0.1942,1018584.47,525623.743
20200402,5.19,5.14,5.19,5.11,0.03,0.5814,1228856.37,632366.527
20200403,5.14,5.16,5.18,5.12,-0.05,-0.9634,1096046.24,564119.678
20200407,5.16,5.18,5.19,5.13,0.02,0.3891,1703016.28,878022.933
20200408,5.14,5.14,5.15,5.12,-0.02,-0.3876,1034743.15,531023.692
20200409,5.13,5.14,5.15,5.12,-0.01,-0.1946,735820.92,377790.164
20200410,5.11,5.13,5.14,5.1,-0.02,-0.3899,978068.9,500477.715
20200413,5.1,5.1,5.13,5.09,-0.01,-0.1957,855087.09,436405.778
20200414,5.12,5.11,5.13,5.1,0.02,0.3922,883217.71,451932.583
20200415,5.13,5.11,5.13,5.1,0.01,0.1953,946035.41,484407.191
20200416,5.12,5.11,5.13,5.1,-0.01,-0.1949,700631.72,358394.225
20200417,5.15,5.13,5.17,5.11,0.03,0.5859,1382448.72,710819.554
20200420,5.12,5.14,5.15,5.12,-0.03,-0.5825,1038087.22,532094.032
20200421,5.08,5.11,5.12,5.07,-0.04,-0.7813,1176048.88,598287.912
20200422,5.09,5.07,5.1,5.05,0.01,0.1969,876583.56,445105.983
20200423,5.07,5.09,5.09,5.05,-0.02,-0.3929,1033422.43,523778.033
20200424,5.05,5.06,5.07,5.04,-0.02,-0.3945,687952.21,347600.182
20200427,5.09,5.05,5.11,5.05,0.04,0.7921,1172996.82,596976.653
20200428,5.11,5.09,5.12,5.04,0.02,0.3929,1505136.12,766309.872
20200429,5.15,5.1,5.15,5.08,0.04,0.7828,1210796.35,621183.01
20200430,5.17,5.15,5.18,5.14,0.02,0.3883,1040639.1,537925.254
20200506,5.11,5.12,5.12,5.08,-0.06,-1.1605,1620612.17,826750.78
20200507,5.1,5.1,5.11,5.09,-0.01,-0.1957,788981.87,402339.514
20200508,5.1,5.1,5.12,5.09,0.0,0.0,1148277.97,586300.547
20200511,5.14,5.11,5.14,5.1,0.04,0.7843,1130518.85,579421.726
20200512,5.13,5.13,5.15,5.11,-0.01,-0.1946,1016320.81,521289.496
20200513,5.13,5.12,5.13,5.11,0.0,0.0,556280.21,284796.153
20200514,5.1,5.12,5.13,5.09,-0.03,-0.5848,811525.0,414442.713
20200515,5.09,5.1,5.12,5.08,-0.01,-0.1961,959061.3,488458.006
20200518,5.1,5.09,5.1,5.07,0.01,0.1965,936178.81,476194.382
20200519,5.12,5.12,5.13,5.1,0.02,0.3922,1361800.96,696256.254
20200520,5.12,5.11,5.12,5.1,0.0,0.0,867648.68,443325.188
20200521,5.1,5.12,5.13,5.1,-0.02,-0.3906,810031.05,414491.659
20200522,5.05,5.1,5.11,5.05,-0.05,-0.9804,1433770.84,727859.693
20200525,5.09,5.06,5.1,5.04,0.04,0.7921,1055064.93,535413.169
20200526,5.08,5.1,5.11,5.08,-0.01,-0.1965,925221.25,471204.943
20200527,5.12,5.08,5.13,5.08,0.04,0.7874,1195940.05,611685.99
20200528,5.17,5.12,5.18,5.12,0.05,0.9766,1457287.39,751332.007
20200529,5.12,5.14,5.15,5.1,-0.05,-0.9671,1257614.11,644333.222
20200601,5.16,5.13,5.16,5.12,0.04,0.7813,1050078.87,540140.879
20200602,5.19,5.15,5.19,5.13,0.03,0.5814,1528291.99,788749.046
20200603,5.19,5.2,5.24,5.18,0.0,0.0,1345467.79,700101.34
20200604,5.18,5.2,5.21,5.17,-0.01,-0.1927,763941.15,396059.493
20200605,5.21,5.19,5.22,5.16,0.03,0.5792,1098657.57,569906.514
20200608,5.24,5.22,5.26,5.2,0.03,0.5758,1709294.14,894672.989
20200609,5.26,5.24,5.28,5.23,0.02,0.3817,1186765.21,624176.016
20200610,5.27,5.27,5.28,5.25,0.01,0.1901,1301161.67,685774.219
20200611,5.27,5.27,5.3,5.24,0.0,0.0,2019545.47,1065079.808
20200612,5.22,5.23,5.32,5.2,-0.05,-0.9488,3797260.25,2002673.521
20200615,5.24,5.24,5.31,5.23,0.02,0.3831,2160776.01,1137899.837
20200616,5.3,5.27,5.31,5.26,0.06,1.145,1230379.83,650847.977
20200617,5.26,5.28,5.3,5.25,-0.04,-0.7547,879844.68,463475.83
20200618,5.19,5.2,5.22,5.16,-0.07,-1.3308,2109655.06,1095065.086
20200619,5.2,5.18,5.21,5.15,0.01,0.1927,1986050.88,1029454.851
20200622,5.16,5.2,5.22,5.16,-0.04,-0.7692,1569839.57,814365.099
20200623,5.14,5.16,5.16,5.12,-0.02,-0.3876,1798935.42,924358.314
20200624,5.22,5.15,5.24,5.14,0.08,1.5564,1941727.76,1008333.086
20200629,5.25,5.28,5.31,5.2,0.03,0.5747,3000963.04,1574885.416
20200630,4.98,5.0,5.03,4.96,-0.01,-0.2004,2135599.08,1064429.272
20200701,4.99,4.98,4.99,4.92,0.01,0.2008,1953424.3,968080.285
20200702,5.06,4.98,5.07,4.96,0.07,1.4028,3336395.08,1672846.064
20200703,5.16,5.06,5.18,5.06,0.1,1.9763,3494607.78,1791281.772
20200706,5.6,5.2,5.61,5.19,0.44,8.5271,7463596.38,4044172.401
20200707,5.56,5.67,5.85,5.56,-0.04,-0.7143,6224564.8,3518396.225
20200708,5.47,5.52,5.59,5.38,-0.09,-1.6187,6130510.56,3357353.297
20200709,5.38,5.43,5.45,5.35,-0.09,-1.6453,5693420.48,3064469.064
20200710,5.22,5.36,5.37,5.2,-0.16,-2.974,6260793.27,3302585.366
20200713,5.21,5.2,5.25,5.16,-0.01,-0.1916,6089284.1,3167529.369
20200714,5.14,5.19,5.2,5.13,-0.07,-1.3436,4639220.5,2397441.231
20200715,5.08,5.16,5.18,5.07,-0.06,-1.1673,4611494.14,2355023.798
20200716,5.06,5.08,5.13,5.05,-0.02,-0.3937,4922858.09,2505984.42
20200717,5.06,5.06,5.08,5.03,0.0,0.0,2975297.98,1504161.297
20200720,5.13,5.07,5.14,5.05,0.07,1.3834,3865923.63,1974500.422
20200721,5.1,5.13,5.14,5.09,-0.03,-0.5848,2262537.59,1154453.551
20200722,5.09,5.1,5.14,5.07,-0.01,-0.1961,2926611.07,1493366.737
20200723,5.03,5.07,5.08,5.02,-0.06,-1.1788,3751365.63,1890158.446
20200724,4.98,5.03,5.03,4.96,-0.05,-0.994,3637610.06,1817042.791
20200727,4.97,4.98,5.0,4.95,-0.01,-0.2008,2176344.9,1082016.314
20200728,4.98,4.99,5.0,4.96,0.01,0.2012,1748445.91,870345.478
20200729,5.02,4.97,5.02,4.93,0.04,0.8032,2758566.64,1375574.099
20200730,4.98,5.02,5.02,4.98,-0.04,-0.7968,1537828.61,768439.793
20200731,4.96,4.98,5.01,4.95,-0.02,-0.4016,2549672.87,1268345.18
20200803,4.98,4.98,5.0,4.96,0.02,0.4032,2446867.81,1217707.58
20200804,5.05,4.99,5.07,4.97,0.07,1.4056,4012204.69,2015491.478
20200805,5.0,5.02,5.03,4.99,-0.05,-0.9901,2052320.06,1027991.586
20200806,5.02,5.01,5.03,4.98,0.02,0.4,2099270.52,1049299.499
20200807,4.98,5.01,5.01,4.97,-0.04,-0.7968,1921432.81,957716.708
20200810,4.99,4.97,5.0,4.96,0.01,0.2008,2009869.17,1001722.875
20200811,4.98,4.98,5.02,4.97,-0.01,-0.2004,2767245.52,1383596.404
20200812,4.99,4.97,4.99,4.96,0.01,0.2008,2256124.04,1121910.727
20200813,4.98,4.98,5.0,4.97,-0.01,-0.2004,1163829.32,580121.567
20200814,5.02,4.98,5.02,4.97,0.04,0.8032,2085844.53,1042149.48
20200817,5.09,5.02,5.11,5.02,0.07,1.3944,5486933.26,2783708.791
20200818,5.05,5.09,5.09,5.04,-0.04,-0.7859,2371955.04,1199875.631
20200819,5.03,5.06,5.07,5.03,-0.02,-0.396,1630051.4,821836.841
20200820,5.0,5.02,5.03,4.99,-0.03,-0.5964,1642453.23,821731.215
20200821,5.01,5.01,5.02,4.99,0.01,0.2,1301844.83,651086.296
20200824,4.99,5.01,5.02,4.99,-0.02,-0.3992,1200786.07,600551.218
20200825,5.0,5.0,5.01,4.98,0.01,0.2004,1548987.45,773465.195
20200826,4.98,5.0,5.0,4.97,-0.02,-0.4,1514622.46,754742.689
20200827,4.97,4.98,4.98,4.96,-0.01,-0.2008,1416656.58,703831.745
20200828,5.0,4.97,5.01,4.96,0.03,0.6036,2103678.49,1048187.711
20200831,4.96,4.99,5.01,4.96,-0.04,-0.8,2631484.38,1312043.186
20200901,4.96,4.96,4.97,4.94,0.0,0.0,1566483.75,776360.132
20200902,4.92,4.96,4.96,4.92,-0.04,-0.8065,2729008.52,1345657.21
20200903,4.91,4.92,4.94,4.89,-0.01,-0.2033,1839671.79,903223.968
20200904,4.9,4.89,4.91,4.88,-0.01,-0.2037,1409393.98,689451.433
20200907,4.9,4.89,4.92,4.88,0.0,0.0,1525627.38,748340.493
20200908,4.95,4.9,4.96,4.89,0.05,1.0204,1995480.82,984987.767
20200909,4.94,4.93,4.95,4.92,-0.01,-0.202,1613340.69,796614.938
20200910,4.91,4.94,4.95,4.9,-0.03,-0.6073,1444378.36,710761.036
20200911,4.93,4.9,4.95,4.9,0.02,0.4073,1494302.13,735936.771
20200914,4.93,4.93,4.94,4.91,0.0,0.0,1027571.21,505351.326
20200915,4.92,4.92,4.93,4.91,-0.01,-0.2028,828081.03,407040.417
20200916,4.94,4.92,4.94,4.9,0.02,0.4065,1076156.27,530226.172
20200917,4.94,4.94,4.95,4.92,0.0,0.0,1208863.68,596571.628
20200918,4.98,4.95,4.98,4.93,0.04,0.8097,2607344.28,1293690.927
20200921,4.96,4.97,4.99,4.94,-0.02,-0.4016,1217665.22,604081.552
20200922,4.93,4.95,4.96,4.92,-0.03,-0.6048,1097050.2,542057.884
20200923,4.92,4.93,4.94,4.91,-0.01,-0.2028,1005836.16,495260.688
20200924,4.9,4.91,4.92,4.88,-0.02,-0.4065,1265965.12,619885.384
20200925,4.89,4.9,4.91,4.88,-0.01,-0.2041,1080017.5,528791.477
20200928,4.94,4.9,4.94,4.88,0.05,1.0225,1634647.01,803113.059
20200929,4.91,4.94,4.95,4.91,-0.03,-0.6073,1156134.49,570003.173
20200930,4.92,4.92,4.95,4.91,0.01,0.2037,1512342.71,745278.042
20201009,4.91,4.94,4.94,4.91,-0.01,-0.2033,1289984.22,635218.844
20201012,4.96,4.92,4.97,4.91,0.05,1.0183,2525438.47,1248536.339
20201013,4.92,4.95,4.96,4.91,-0.04,-0.8065,1674336.69,825268.306
20201014,4.92,4.92,4.93,4.91,0.0,0.0,1408489.26,692484.41
20201015,4.93,4.92,4.95,4.9,0.01,0.2033,2011509.32,992203.997
20201016,4.99,4.92,5.02,4.92,0.06,1.217,5009557.53,2496968.034
20201019,5.02,4.99,5.08,4.98,0.03,0.6012,3458162.76,1741740.68
20201020,4.98,5.01,5.01,4.95,-0.04,-0.7968,2406896.29,1197285.748
20201021,5.05,4.98,5.07,4.95,0.07,1.4056,3258761.82,1637539.375
20201022,5.06,5.05,5.07,5.02,0.01,0.198,1910634.54,963485.741
20201023,5.06,5.05,5.08,5.03,0.0,0.0,2356155.63,1193368.824
20201026,5.02,5.06,5.07,5.01,-0.04,-0.7905,1797835.63,905802.521
20201027,5.03,5.01,5.04,5.0,0.01,0.1992,1597958.96,801971.542
20201028,5.0,5.02,5.03,4.98,-0.03,-0.5964,1820638.73,910381.917
20201029,4.96,4.98,4.99,4.95,-0.04,-0.8,1674461.5,831255.143
20201030,4.92,4.96,4.98,4.91,-0.04,-0.8065,2107643.27,1040631.799
20201102,4.94,4.92,4.95,4.91,0.02,0.4065,1572267.09,775279.272
20201103,4.95,4.95,4.98,4.94,0.01,0.2024,1353574.06,671170.596
20201104,4.95,4.97,4.98,4.93,0.0,0.0,1464984.96,726041.151
20201105,4.95,4.97,4.99,4.94,0.0,0.0,1637349.75,811620.262
20201106,4.96,4.95,4.98,4.93,0.01,0.202,1659587.43,822468.06
20201109,4.98,4.97,4.99,4.96,0.02,0.4032,2256021.24,1122494.987
20201110,5.02,5.01,5.05,5.0,0.04,0.8032,2591683.87,1300974.713
20201111,5.07,5.01,5.08,5.0,0.05,0.996,3096115.02,1564938.518
20201112,5.01,5.06,5.06,5.01,-0.06,-1.1834,1398752.2,702982.495
20201113,4.96,5.01,5.01,4.95,-0.05,-0.998,1922654.08,955481.766
20201116,4.98,4.97,4.99,4.96,0.02,0.4032,1282415.96,637821.655
20201117,5.0,4.98,5.0,4.97,0.02,0.4016,1220332.8,608551.314
20201118,5.03,5.0,5.05,4.98,0.03,0.6,1935618.19,972693.582
20201119,5.04,5.02,5.05,5.02,0.01,0.1988,1545693.94,778151.977
20201120,5.03,5.05,5.06,5.01,-0.01,-0.1984,1265720.54,636625.58
20201123,5.07,5.01,5.08,5.01,0.04,0.7952,2825800.46,1428218.316
20201124,5.05,5.07,5.09,5.05,-0.02,-0.3945,1893180.43,959879.197
20201125,5.04,5.08,5.11,5.04,-0.01,-0.198,2002929.65,1017147.724
20201126,5.09,5.04,5.1,5.03,0.05,0.9921,1973922.78,1002567.142
20201127,5.39,5.11,5.39,5.11,0.3,5.8939,9297495.13,4879296.144
20201130,5.32,5.46,5.64,5.31,-0.07,-1.2987,12456636.54,6850764.187
20201201,5.47,5.31,5.5,5.28,0.15,2.8195,5303736.31,2868661.473
20201202,5.45,5.44,5.53,5.35,-0.02,-0.3656,3518096.33,1915490.212
20201203,5.38,5.45,5.48,5.34,-0.07,-1.2844,2788019.3,1502313.598
20201204,5.31,5.38,5.38,5.22,-0.07,-1.3011,3302805.02,1743943.25
20201207,5.19,5.29,5.33,5.17,-0.12,-2.2599,2754023.06,1438818.983
20201208,5.12,5.19,5.22,5.11,-0.07,-1.3487,2661064.33,1368985.714
20201209,5.1,5.14,5.16,5.09,-0.02,-0.3906,2437226.31,1248006.372
20201210,5.06,5.1,5.11,5.04,-0.04,-0.7843,2594726.52,1313829.152
20201211,5.08,5.06,5.08,5.02,0.02,0.3953,2792732.63,1408322.766
20201214,5.05,5.07,5.09,5.03,-0.03,-0.5906,2721059.52,1375565.026
20201215,5.01,5.05,5.05,4.98,-0.04,-0.7921,3407518.2,1703696.313
20201216,5.0,5.01,5.05,4.99,-0.01,-0.1996,2660674.96,1333083.487
20201217,5.03,5.0,5.04,4.96,0.03,0.6,3311278.67,1653433.805
20201218,5.0,5.01,5.03,4.98,-0.03,-0.5964,2197721.7,1098952.028
20201221,5.0,5.01,5.02,4.98,0.0,0.0,2058288.22,1029138.053
20201222,4.94,4.99,5.0,4.92,-0.06,-1.2,3657493.94,1813673.04
20201223,4.96,4.94,4.97,4.93,0.02,0.4049,2191463.83,1083275.738
20201224,4.96,4.96,4.98,4.94,0.0,0.0,1222627.63,606453.338
20201225,4.97,4.96,4.97,4.95,0.01,0.2016,1532838.72,760124.137
20201228,4.97,4.96,4.97,4.93,0.0,0.0,2319268.12,1148788.802
20201229,4.98,4.97,4.98,4.95,0.01,0.2012,2542023.19,1262344.538
20201230,4.96,4.97,4.98,4.94,-0.02,-0.4016,2540784.89,1258737.039
20201231,4.99,4.95,5.01,4.95,0.03,0.6048,3100039.9,1545155.692
20210104,5.01,4.97,5.01,4.95,0.02,0.4008,3539511.77,1762309.487
20210105,4.97,4.99,4.99,4.94,-0.04,-0.7984,3710103.7,1839470.542
20210106,4.97,4.96,4.98,4.95,0.0,0.0,3463183.59,1717383.498
20210107,5.0,4.97,5.0,4.95,0.03,0.6036,3190474.0,1587574.808
20210108,5.0,5.0,5.03,4.98,0.0,0.0,3422029.83,1710555.285
20210111,4.99,5.0,5.04,4.98,-0.01,-0.2,4956515.0,2483547.36
20210112,5.02,4.99,5.02,4.96,0.03,0.6012,3504956.97,1745570.165
20210113,5.06,5.03,5.06,5.0,0.04,0.7968,4046442.02,2037164.963
20210114,5.08,5.05,5.15,5.04,0.02,0.3953,3884095.48,1975738.477
20210115,5.15,5.1,5.26,5.1,0.07,1.378,7006634.1,3629241.419
20210118,5.14,5.13,5.18,5.08,-0.01,-0.1942,3981897.84,2039374.953
20210119,5.2,5.14,5.22,5.1,0.06,1.1673,4330690.19,2239901.452
20210120,5.15,5.18,5.25,5.13,-0.05,-0.9615,3145664.69,1629660.426
20210121,5.13,5.16,5.17,5.1,-0.02,-0.3883,2456775.13,1259494.67
20210122,5.04,5.12,5.12,5.03,-0.09,-1.7544,2774286.48,1402382.795
20210125,5.05,5.03,5.05,4.99,0.01,0.1984,2190551.8,1097970.398
20210126,5.03,5.03,5.07,5.01,-0.02,-0.396,2103793.85,1060814.307
20210127,5.07,5.04,5.15,5.03,0.04,0.7952,3709866.33,1891316.03
20210128,5.03,5.05,5.07,5.01,-0.04,-0.789,2850794.92,1432841.334
20210129,5.09,5.03,5.12,5.02,0.06,1.1928,4111437.04,2088594.441
20210201,5.14,5.08,5.15,5.05,0.05,0.9823,3813222.01,1949170.573
20210202,5.09,5.14,5.18,5.08,-0.05,-0.9728,2599985.88,1334133.657
20210203,5.04,5.09,5.12,5.03,-0.05,-0.9823,3375579.15,1711432.806
20210204,5.07,5.04,5.12,5.03,0.03,0.5952,2524440.08,1280634.53
20210205,5.18,5.07,5.21,5.06,0.11,2.1696,5937442.34,3063814.604
20210208,5.16,5.18,5.2,5.12,-0.02,-0.3861,3671269.32,1896286.395
20210209,5.15,5.14,5.15,5.11,-0.01,-0.1938,2782988.45,1427909.673
20210210,5.25,5.24,5.37,5.21,0.1,1.9417,6647042.24,3503636.815
20210218,5.24,5.33,5.33,5.22,-0.01,-0.1905,3284009.33,1729904.261
20210219,5.24,5.22,5.3,5.21,0.0,0.0,2424131.24,1272825.16
20210222,5.37,5.25,5.41,5.24,0.13,2.4809,6020820.16,3210856.211
20210223,5.38,5.35,5.45,5.32,0.01,0.1862,4671505.23,2515406.549
20210224,5.3,5.37,5.42,5.24,-0.08,-1.487,3850657.47,2050842.778
20210225,5.44,5.29,5.48,5.28,0.14,2.6415,5097002.17,2755175.018
20210226,5.37,5.39,5.49,5.35,-0.07,-1.2868,4351701.21,2353185.888
20210301,5.34,5.36,5.42,5.32,-0.03,-0.5587,2406633.15,1289476.168
20210302,5.29,5.35,5.35,5.24,-0.05,-0.9363,2500312.65,1322171.845
20210303,5.45,5.28,5.48,5.26,0.16,3.0246,4469111.21,2420613.521
20210304,5.45,5.43,5.51,5.41,0.0,0.0,3734192.53,2041014.989
20210305,5.57,5.43,5.59,5.37,0.12,2.2018,4787743.56,2629997.848
20210308,5.53,5.58,5.61,5.51,-0.04,-0.7181,4291683.05,2390324.693
20210309,5.46,5.57,5.63,5.43,-0.07,-1.2658,4663950.21,2577277.082
20210310,5.4,5.44,5.46,5.35,-0.06,-1.0989,3067843.16,1658235.909
20210311,5.48,5.45,5.54,5.43,0.08,1.4815,2824228.15,1547729.634
20210312,5.44,5.47,5.5,5.43,-0.04,-0.7299,1848416.36,1009519.475
20210315,5.55,5.45,5.58,5.42,0.11,2.0221,3037976.06,1680121.698
20210316,5.6,5.56,5.63,5.54,0.05,0.9009,2730799.94,1529009.421
20210317,5.53,5.58,5.6,5.48,-0.07,-1.25,2037134.43,1125314.257
20210318,5.48,5.52,5.54,5.46,-0.05,-0.9042,2245441.99,1232892.978
20210319,5.36,5.49,5.5,5.32,-0.12,-2.1898,3325305.19,1790956.578
20210322,5.42,5.32,5.45,5.32,0.06,1.1194,2325313.4,1256741.319
20210323,5.4,5.4,5.5,5.35,-0.02,-0.369,3259731.3,1762122.172
20210324,5.41,5.37,5.43,5.33,0.01,0.1852,1899836.67,1023433.745
20210325,5.36,5.41,5.46,5.35,-0.05,-0.9242,2073948.17,1119656.596
20210326,5.35,5.37,5.38,5.3,-0.01,-0.1866,2471983.68,1318532.528
20210329,5.46,5.37,5.47,5.33,0.11,2.0561,3479499.8,1883572.374
20210330,5.48,5.46,5.48,5.43,0.02,0.3663,1932973.81,1055760.163
20210331,5.54,5.47,5.55,5.44,0.06,1.0949,2424348.67,1333971.679
20210401,5.5,5.51,5.54,5.47,-0.04,-0.722,1324761.54,729322.831
20210402,5.42,5.5,5.51,5.4,-0.08,-1.4545,1847807.4,1004165.175
20210406,5.42,5.42,5.43,5.37,0.0,0.0,1228942.35,663506.407
20210407,5.45,5.42,5.46,5.4,0.03,0.5535,1756961.99,954364.771
20210408,5.44,5.46,5.47,5.41,-0.01,-0.1835,1239713.65,673843.054
20210409,5.42,5.44,5.44,5.4,-0.02,-0.3676,1311275.92,710198.881
20210412,5.48,5.42,5.5,5.39,0.06,1.107,2196348.06,1197623.267
20210413,5.51,5.48,5.53,5.45,0.03,0.5474,1739371.09,955601.023
20210414,5.45,5.51,5.52,5.43,-0.06,-1.0889,1533739.1,838785.29
20210415,5.45,5.43,5.45,5.39,0.0,0.0,1572157.97,851588.448
20210416,5.43,5.43,5.46,5.41,-0.02,-0.367,1108743.02,602808.763
20210419,5.44,5.44,5.46,5.41,0.01,0.1842,1757543.3,955148.031
20210420,5.39,5.43,5.44,5.38,-0.05,-0.9191,1770716.74,956571.771
20210421,5.37,5.38,5.41,5.37,-0.02,-0.3711,1353647.63,729408.438
20210422,5.33,5.38,5.39,5.31,-0.04,-0.7449,2114983.49,1128744.302
20210423,5.29,5.31,5.34,5.27,-0.04,-0.7505,1648980.57,873476.386
20210426,5.27,5.31,5.32,5.26,-0.02,-0.3781,1706931.35,901989.201
20210427,5.24,5.26,5.27,5.22,-0.03,-0.5693,1491237.7,781815.67
20210428,5.2,5.24,5.25,5.18,-0.04,-0.7634,1829764.37,951527.126
20210429,5.22,5.2,5.24,5.18,0.02,0.3846,1889873.15,984719.706
20210430,5.13,5.21,5.22,5.08,-0.09,-1.7241,3957487.28,2029640.682
20210506,5.12,5.11,5.18,5.1,-0.01,-0.1949,2160396.82,1111237.174
20210507,5.22,5.12,5.23,5.11,0.1,1.9531,2819970.42,1463579.747
20210510,5.25,5.21,5.25,5.18,0.03,0.5747,2074711.44,1082434.696
20210511,5.23,5.24,5.25,5.21,-0.02,-0.381,1392521.41,728865.905
20210512,5.26,5.22,5.28,5.21,0.03,0.5736,1500463.33,788520.443
20210513,5.24,5.25,5.28,5.21,-0.02,-0.3802,1460695.72,764148.328
20210514,5.28,5.24,5.28,5.21,0.04,0.7634,1550005.39,813767.333
20210517,5.27,5.26,5.29,5.24,-0.01,-0.1894,1708819.7,899549.356
20210518,5.26,5.27,5.27,5.23,-0.01,-0.1898,1016399.97,533290.393
20210519,5.21,5.25,5.26,5.2,-0.05,-0.9506,1481871.87,772568.444
20210520,5.23,5.2,5.23,5.18,0.02,0.3839,1282338.76,666829.935
20210521,5.17,5.21,5.22,5.16,-0.06,-1.1472,1519668.14,787505.846
20210524,5.19,5.17,5.2,5.16,0.02,0.3868,1065409.01,552108.955
20210525,5.26,5.19,5.26,5.16,0.07,1.3487,2666746.19,1392450.021
20210526,5.26,5.25,5.29,5.23,0.0,0.0,2056034.06,1081284.307
20210527,5.26,5.26,5.28,5.23,0.0,0.0,1831175.91,963010.881
20210528,5.27,5.26,5.27,5.23,0.01,0.1901,1700005.19,892744.989
20210531,5.21,5.25,5.26,5.19,-0.06,-1.1385,2919607.61,1520925.681
20210601,5.18,5.21,5.21,5.17,-0.03,-0.5758,2245141.02,1162897.689
20210602,5.19,5.18,5.21,5.14,0.01,0.1931,2577451.54,1330994.609
20210603,5.15,5.19,5.2,5.15,-0.04,-0.7707,1937089.44,1001184.002
20210604,5.17,5.16,5.2,5.15,0.02,0.3883,2397084.28,1240163.844
20210607,5.17,5.18,5.18,5.16,0.0,0.0,1476962.07,763427.211
20210608,5.2,5.17,5.2,5.16,0.03,0.5803,1963000.35,1017275.136
20210609,5.19,5.19,5.22,5.18,-0.01,-0.1923,2061471.47,1071905.449
20210610,5.2,5.19,5.22,5.18,0.01,0.1927,2052732.27,1067542.199
20210611,5.19,5.2,5.2,5.17,-0.01,-0.1923,1735732.58,899678.382
20210615,5.16,5.18,5.19,5.15,-0.03,-0.578,1812073.62,935309.205
20210616,5.17,5.16,5.19,5.15,0.01,0.1938,1486551.27,768523.574
20210617,5.18,5.17,5.2,5.15,0.01,0.1934,1958783.37,1015002.289
20210618,5.18,5.17,5.18,5.16,0.0,0.0,1532488.58,792203.51
20210621,5.15,5.17,5.18,5.15,-0.03,-0.5792,1996642.7,1030022.536
20210622,5.16,5.16,5.18,5.15,0.01,0.1942,1789340.78,924193.353
20210623,5.14,5.16,5.17,5.14,-0.02,-0.3876,2522193.54,1299166.847
20210624,5.2,5.14,5.2,5.14,0.06,1.1673,2465297.21,1275936.039
20210625,5.23,5.19,5.25,5.18,0.03,0.5769,2460594.6,1286463.194
20210628,5.18,5.23,5.23,5.16,-0.05,-0.956,2576344.69,1337751.545
20210629,5.17,5.18,5.2,5.16,-0.01,-0.1931,2226935.06,1151485.062
20210630,5.17,5.18,5.18,5.16,0.0,0.0,1549342.53,800438.588
20210701,5.26,5.17,5.26,5.16,0.09,1.7408,2770137.4,1441176.257
20210702,5.25,5.21,5.27,5.19,-0.01,-0.1901,3551892.84,1854458.893
20210705,5.2,5.23,5.24,5.18,-0.05,-0.9524,2761719.05,1438307.913
20210706,4.95,4.96,4.96,4.93,0.02,0.4057,2657630.47,1314029.712
20210707,4.94,4.95,4.96,4.92,-0.01,-0.202,1776707.65,877305.343
20210708,4.89,4.94,4.95,4.88,-0.05,-1.0121,2883648.12,1412588.548
20210709,4.85,4.89,4.91,4.83,-0.04,-0.818,2737420.38,1330231.107
20210712,4.77,4.87,4.88,4.75,-0.08,-1.6495,5056773.67,2426435.426
20210713,4.75,4.77,4.78,4.74,-0.02,-0.4193,2932780.41,1394984.363
20210714,4.71,4.75,4.75,4.68,-0.04,-0.8421,3020828.55,1420168.143
20210715,4.75,4.71,4.77,4.69,0.04,0.8493,2775908.51,1316100.926
20210716,4.74,4.75,4.75,4.71,-0.01,-0.2105,1704073.98,805756.077
20210719,4.73,4.73,4.74,4.7,-0.01,-0.211,1683757.95,793714.596
20210720,4.71,4.71,4.72,4.7,-0.02,-0.4228,1025529.24,483183.662
20210721,4.69,4.72,4.73,4.69,-0.02,-0.4246,1646258.57,773916.484
20210722,4.71,4.7,4.72,4.69,0.02,0.4264,1476369.65,695491.005
20210723,4.7,4.71,4.72,4.69,-0.01,-0.2123,1390745.61,653652.762
20210726,4.67,4.69,4.7,4.65,-0.03,-0.6383,2245916.33,1047502.898
20210727,4.62,4.66,4.67,4.61,-0.05,-1.0707,2088992.0,969160.413
20210728,4.67,4.61,4.68,4.6,0.05,1.0823,2479934.18,1154474.144
20210729,4.62,4.67,4.67,4.61,-0.05,-1.0707,1716806.34,794734.066
20210730,4.59,4.62,4.62,4.57,-0.03,-0.6494,1847471.54,847608.533
20210802,4.6,4.58,4.61,4.53,0.01,0.2179,2143222.62,980307.727
20210803,4.58,4.59,4.59,4.55,-0.02,-0.4348,1352457.87,617612.567
20210804,4.55,4.58,4.58,4.54,-0.03,-0.655,1483019.02,675234.462
20210805,4.54,4.55,4.57,4.53,-0.01,-0.2198,1097471.57,499522.161
20210806,4.53,4.55,4.55,4.51,-0.01,-0.2203,1587328.42,717679.984
20210809,4.55,4.52,4.57,4.51,0.02,0.4415,1925600.63,876596.527
20210810,4.56,4.55,4.57,4.52,0.01,0.2198,1773891.03,805586.221
20210811,4.65,4.57,4.66,4.57,0.09,1.9737,3307272.49,1532111.349
20210812,4.63,4.63,4.67,4.62,-0.02,-0.4301,1182781.36,548759.52
20210813,4.61,4.63,4.64,4.6,-0.02,-0.432,935428.19,431809.85
20210816,4.62,4.61,4.64,4.6,0.01,0.2169,1161093.33,536195.505
20210817,4.62,4.61,4.64,4.6,0.0,0.0,1951383.06,901396.444
20210818,4.67,4.61,4.68,4.6,0.05,1.0823,2598466.18,1206854.887
20210819,4.64,4.66,4.67,4.62,-0.03,-0.6424,1482787.26,687957.237
20210820,4.66,4.64,4.67,4.62,0.02,0.431,1903425.77,884926.716
20210823,4.63,4.64,4.67,4.63,-0.03,-0.6438,1177076.75,546712.339
20210824,4.63,4.63,4.65,4.63,0.0,0.0,954530.98,442656.393
20210825,4.63,4.64,4.64,4.62,0.0,0.0,1003847.89,464385.845
20210826,4.62,4.62,4.63,4.6,-0.01,-0.216,1176893.09,542560.911
20210827,4.64,4.61,4.64,4.6,0.02,0.4329,1161297.16,536676.655
20210830,4.58,4.63,4.64,4.56,-0.06,-1.2931,2034266.05,933775.426
20210831,4.62,4.59,4.62,4.57,0.04,0.8734,1917114.5,880980.368
20210901,4.68,4.61,4.69,4.6,0.06,1.2987,2681033.61,1249115.489
20210902,4.69,4.68,4.69,4.66,0.01,0.2137,1467903.56,686983.93
20210903,4.73,4.69,4.75,4.66,0.04,0.8529,2025437.2,954773.062
20210906,4.73,4.7,4.75,4.7,0.0,0.0,1605364.98,758568.371
20210907,4.75,4.73,4.77,4.7,0.02,0.4228,1948513.19,921859.134
20210908,4.77,4.74,4.78,4.73,0.02,0.4211,1747800.48,832426.92
20210909,4.75,4.76,4.77,4.72,-0.02,-0.4193,1553117.48,737594.016
20210910,4.79,4.75,4.83,4.74,0.04,0.8421,2503592.69,1200536.537
20210913,4.77,4.78,4.78,4.75,-0.02,-0.4175,1688548.99,804351.061
20210914,4.71,4.76,4.78,4.7,-0.06,-1.2579,1854203.45,877628.018
20210915,4.68,4.7,4.72,4.66,-0.03,-0.6369,1751216.28,820551.878
20210916,4.68,4.68,4.71,4.67,0.0,0.0,1678220.42,787701.858
20210917,4.7,4.68,4.71,4.68,0.02,0.4274,1102571.7,517329.961
20210922,4.63,4.65,4.66,4.62,-0.07,-1.4894,2176460.13,1008833.745
20210923,4.66,4.65,4.68,4.63,0.03,0.6479,1325156.69,616352.62
20210924,4.64,4.64,4.67,4.63,-0.02,-0.4292,1098914.31,510211.553
20210927,4.63,4.63,4.65,4.6,-0.01,-0.2155,1644683.54,759535.614
20210928,4.66,4.62,4.68,4.61,0.03,0.6479,1633795.42,759632.535
20210929,4.68,4.65,4.7,4.62,0.02,0.4292,2438136.54,1138094.98
20210930,4.66,4.68,4.68,4.63,-0.02,-0.4274,1504131.52,698898.764
20211008,4.71,4.66,4.73,4.65,0.05,1.073,1859946.25,872488.109
20211011,4.74,4.72,4.77,4.71,0.03,0.6369,1818624.63,863201.212
20211012,4.75,4.74,4.76,4.71,0.01,0.211,1449305.9,686903.968
20211013,4.72,4.74,4.75,4.71,-0.03,-0.6316,1123056.96,530545.726
20211014,4.71,4.72,4.73,4.71,-0.01,-0.2119,719637.08,339578.661
20211015,4.75,4.72,4.75,4.71,0.04,0.8493,1255588.56,594356.222
20211018,4.73,4.75,4.77,4.71,-0.02,-0.4211,1173696.21,555326.047
20211019,4.72,4.72,4.74,4.71,-0.01,-0.2114,1058826.12,499759.095
20211020,4.7,4.73,4.73,4.68,-0.02,-0.4237,1074596.35,504948.858
20211021,4.74,4.7,4.74,4.69,0.04,0.8511,1351316.27,637824.658
20211022,4.73,4.74,4.76,4.71,-0.01,-0.211,931086.29,440144.708
20211025,4.72,4.71,4.73,4.69,-0.01,-0.2114,1033423.97,486689.967
20211026,4.7,4.72,4.74,4.69,-0.02,-0.4237,1187350.03,559100.062
20211027,4.7,4.7,4.71,4.65,0.0,0.0,1257712.16,588428.87
20211028,4.67,4.68,4.7,4.67,-0.03,-0.6383,783008.44,366506.428
20211029,4.67,4.67,4.69,4.66,0.0,0.0,1149807.98,537655.506
20211101,4.73,4.68,4.73,4.67,0.06,1.2848,1876235.31,881706.429
20211102,4.65,4.73,4.73,4.64,-0.08,-1.6913,2115693.0,989837.39
20211103,4.64,4.67,4.67,4.63,-0.01,-0.2151,1460297.8,678038.229
20211104,4.65,4.64,4.65,4.63,0.01,0.2155,1001580.9,464799.864
20211105,4.66,4.64,4.67,4.63,0.01,0.2151,1113016.84,517754.657
20211108,4.63,4.65,4.66,4.63,-0.03,-0.6438,1473507.23,684049.048
20211109,4.64,4.64,4.65,4.63,0.01,0.216,866896.19,402174.123
20211110,4.62,4.64,4.64,4.61,-0.02,-0.431,1250475.3,577396.261
20211111,4.66,4.62,4.66,4.61,0.04,0.8658,1131059.25,525090.262
20211112,4.65,4.66,4.66,4.63,-0.01,-0.2146,1016837.94,472333.219
20211115,4.67,4.65,4.68,4.64,0.02,0.4301,900470.27,419795.012
20211116,4.65,4.66,4.68,4.64,-0.02,-0.4283,962814.73,448267.809
20211117,4.65,4.64,4.66,4.64,0.0,0.0,912332.73,423989.911
20211118,4.64,4.64,4.65,4.63,-0.01,-0.2151,764673.98,354706.417
20211119,4.66,4.64,4.67,4.63,0.02,0.431,1005572.57,467427.071
20211122,4.63,4.65,4.66,4.63,-0.03,-0.6438,1205829.21,559173.673
20211123,4.63,4.63,4.65,4.62,0.0,0.0,878259.91,406963.202
20211124,4.64,4.63,4.64,4.62,0.01,0.216,699612.34,324057.98
20211125,4.63,4.64,4.64,4.63,-0.01,-0.2155,596923.52,276623.127
20211126,4.61,4.63,4.64,4.61,-0.02,-0.432,978877.39,451910.174
20211129,4.58,4.6,4.61,4.56,-0.03,-0.6508,1822575.81,836194.182
20211130,4.58,4.58,4.59,4.57,0.0,0.0,1076841.86,492804.575
20211201,4.6,4.58,4.6,4.57,0.02,0.4367,1113050.51,511084.679
20211202,4.61,4.6,4.62,4.58,0.01,0.2174,1784682.19,820135.168
20211203,4.61,4.6,4.61,4.58,0.0,0.0,1127866.48,518341.585
20211206,4.63,4.61,4.64,4.6,0.02,0.4338,1795706.77,830641.841
20211207,4.66,4.64,4.67,4.62,0.03,0.6479,2057104.91,956152.03
20211208,4.64,4.66,4.66,4.63,-0.02,-0.4292,1377156.79,638961.849
20211209,4.66,4.65,4.68,4.63,0.02,0.431,1956554.82,911941.954
20211210,4.66,4.65,4.66,4.62,0.0,0.0,2154203.4,999479.302
20211213,4.63,4.64,4.66,4.63,-0.03,-0.6438,1346737.15,625469.69
20211214,4.62,4.63,4.64,4.61,-0.01,-0.216,1276969.43,589757.693
20211215,4.61,4.61,4.62,4.6,-0.01,-0.2165,1041596.89,479973.462
20211216,4.62,4.61,4.63,4.59,0.01,0.2169,1457255.14,671821.104
20211217,4.61,4.61,4.62,4.6,-0.01,-0.2165,1247899.48,575345.954
20211220,4.61,4.6,4.63,4.6,0.0,0.0,1486145.61,686198.264
20211221,4.65,4.61,4.66,4.6,0.04,0.8677,2029723.72,942740.126
20211222,4.64,4.65,4.66,4.63,-0.01,-0.2151,1411400.4,655780.551
20211223,4.65,4.64,4.65,4.63,0.01,0.2155,980909.9,455450.242
20211224,4.65,4.65,4.67,4.64,0.0,0.0,1279087.97,595172.746
20211227,4.66,4.64,4.66,4.64,0.01,0.2151,905033.12,421103.238
20211228,4.68,4.66,4.68,4.65,0.02,0.4292,2005504.69,936086.065
20211229,4.66,4.66,4.67,4.64,-0.02,-0.4274,976646.53,454516.937
20211230,4.64,4.65,4.66,4.63,-0.02,-0.4292,1412750.58,655490.356
20211231,4.63,4.63,4.65,4.63,-0.01,-0.2155,959022.15,444544.835
20220104,4.67,4.64,4.67,4.63,0.04,0.8639,1688756.35,785143.329
20220105,4.71,4.66,4.72,4.65,0.04,0.8565,2839546.21,1332859.587
20220106,4.7,4.7,4.73,4.68,-0.01,-0.2123,1903143.59,894943.768
20220107,4.74,4.69,4.75,4.68,0.04,0.8511,1939649.55,916673.916
20220110,4.75,4.74,4.76,4.72,0.01,0.211,1583293.03,750737.778
20220111,4.75,4.73,4.77,4.73,0.0,0.0,1670262.97,794398.037
20220112,4.72,4.75,4.75,4.7,-0.03,-0.6316,1857315.19,876687.477
20220113,4.73,4.71,4.78,4.71,0.01,0.2119,1793135.0,851827.613
20220114,4.68,4.74,4.74,4.67,-0.05,-1.0571,2251970.35,1057017.144
20220117,4.65,4.67,4.7,4.64,-0.03,-0.641,1787226.62,832701.574
20220118,4.69,4.65,4.7,4.63,0.04,0.8602,2169500.22,1011704.453
20220119,4.7,4.67,4.71,4.66,0.01,0.2132,1729131.75,810536.135
20220120,4.75,4.7,4.76,4.69,0.05,1.0638,3131274.49,1482850.094
20220121,4.7,4.73,4.74,4.69,-0.05,-1.0526,1735280.7,816856.403
20220124,4.7,4.7,4.72,4.68,0.0,0.0,1418871.3,665972.927
20220125,4.67,4.69,4.7,4.67,-0.03,-0.6383,1703836.68,798145.267
20220126,4.69,4.66,4.7,4.66,0.02,0.4283,1189948.14,557705.783
20220127,4.68,4.68,4.71,4.66,-0.01,-0.2132,1436955.02,672949.233
20220128,4.66,4.68,4.73,4.66,-0.02,-0.4274,2210438.8,1037472.492
20220207,4.74,4.69,4.75,4.67,0.08,1.7167,2575288.6,1216216.07
20220208,4.85,4.74,4.87,4.73,0.11,2.3207,4919720.42,2367215.816
20220209,4.84,4.85,4.9,4.81,-0.01,-0.2062,3522095.36,1710473.977
20220210,4.86,4.85,4.87,4.8,0.02,0.4132,2527509.88,1222399.402
20220211,4.87,4.84,4.89,4.83,0.01,0.2058,2168130.19,1055659.518
20220214,4.8,4.85,4.86,4.77,-0.07,-1.4374,2639674.46,1267336.371
20220215,4.76,4.79,4.82,4.75,-0.04,-0.8333,1957490.99,935314.542
20220216,4.78,4.77,4.81,4.75,0.02,0.4202,1554567.01,743663.746
20220217,4.78,4.78,4.81,4.77,0.0,0.0,1275750.79,610866.291
20220218,4.81,4.77,4.82,4.76,0.03,0.6276,1598895.48,766743.186
20220221,4.82,4.8,4.82,4.77,0.01,0.2079,1594033.65,764397.601
20220222,4.78,4.8,4.81,4.76,-0.04,-0.8299,1708437.55,816340.653
20220223,4.77,4.78,4.78,4.74,-0.01,-0.2092,2358015.79,1121673.859
20220224,4.7,4.75,4.77,4.69,-0.07,-1.4675,2566266.28,1211414.666
20220225,4.67,4.7,4.72,4.66,-0.03,-0.6383,2506018.2,1174239.875
20220228,4.66,4.67,4.68,4.64,-0.01,-0.2141,1949269.63,908084.763
20220301,4.68,4.67,4.7,4.65,0.02,0.4292,1942545.62,906672.524
20220302,4.7,4.67,4.71,4.66,0.02,0.4274,1520514.4,712736.651
20220303,4.74,4.69,4.76,4.69,0.04,0.8511,2273311.98,1075452.463
20220304,4.72,4.73,4.73,4.67,-0.02,-0.4219,1624987.74,764539.209
20220307,4.65,4.7,4.73,4.63,-0.07,-1.4831,3529409.72,1647036.756
20220308,4.62,4.65,4.66,4.6,-0.03,-0.6452,2811335.58,1302919.792
20220309,4.56,4.61,4.64,4.5,-0.06,-1.2987,4620584.76,2116239.86
20220310,4.56,4.59,4.61,4.55,0.0,0.0,2306743.82,1055255.232
20220311,4.61,4.55,4.61,4.52,0.05,1.0965,2707875.31,1233914.619
20220314,4.59,4.58,4.64,4.56,-0.02,-0.4338,2290872.59,1053445.742
20220315,4.54,4.57,4.6,4.51,-0.05,-1.0893,5130132.85,2327503.095
20220316,4.55,4.54,4.57,4.47,0.01,0.2203,4212432.43,1904496.884
20220317,4.52,4.57,4.57,4.51,-0.03,-0.6593,3098209.72,1403531.229
20220318,4.55,4.52,4.6,4.51,0.03,0.6637,3627797.32,1650775.565
20220321,4.54,4.56,4.57,4.53,-0.01,-0.2198,2069417.62,940187.354
20220322,4.59,4.54,4.6,4.53,0.05,1.1013,2193054.6,1003988.139
20220323,4.57,4.58,4.59,4.55,-0.02,-0.4357,2068590.15,945355.931
20220324,4.58,4.55,4.6,4.54,0.01,0.2188,1505590.56,689799.168
20220325,4.62,4.58,4.64,4.58,0.04,0.8734,2277815.41,1051862.686
20220328,4.69,4.62,4.7,4.6,0.07,1.5152,2870476.05,1338663.837
20220329,4.72,4.69,4.73,4.67,0.03,0.6397,1939580.79,912905.215
20220330,4.71,4.72,4.73,4.66,-0.01,-0.2119,2330530.21,1093920.777
20220331,4.77,4.7,4.78,4.68,0.06,1.2739,2876908.88,1367102.536
20220401,4.79,4.75,4.81,4.74,0.02,0.4193,2648250.48,1264764.211
20220406,4.83,4.78,4.85,4.77,0.04,0.8351,3493007.01,1680190.64
20220407,4.82,4.82,4.85,4.78,-0.01,-0.207,3045433.31,1467777.843
20220408,4.81,4.82,4.83,4.77,-0.01,-0.2075,2501732.55,1201783.976
20220411,4.78,4.8,4.82,4.76,-0.03,-0.6237,2726414.54,1304536.36
20220412,4.78,4.78,4.81,4.73,0.0,0.0,2761167.79,1319247.558
20220413,4.79,4.78,4.82,4.77,0.01,0.2092,1971223.6,946500.715
20220414,4.77,4.8,4.81,4.76,-0.02,-0.4175,1484144.96,708983.833
20220415,4.76,4.76,4.8,4.76,-0.01,-0.2096,1934877.75,924020.571
20220418,4.72,4.75,4.78,4.71,-0.04,-0.8403,1829658.37,866264.047
20220419,4.73,4.72,4.74,4.69,0.01,0.2119,1582093.54,745770.596
20220420,4.74,4.72,4.76,4.71,0.01,0.2114,1453319.08,688799.566
20220421,4.78,4.74,4.81,4.73,0.04,0.8439,3297911.38,1578338.095
20220422,4.84,4.76,4.85,4.76,0.06,1.2552,3904377.87,1885993.944
20220425,4.75,4.82,4.86,4.75,-0.09,-1.8595,4717826.13,2276075.261
20220426,4.81,4.75,4.83,4.73,0.06,1.2632,3636708.92,1741895.884
20220427,4.71,4.8,4.83,4.68,-0.1,-2.079,3835451.63,1821850.807
20220428,4.77,4.71,4.77,4.7,0.06,1.2739,2959970.69,1401689.37
20220429,4.78,4.76,4.8,4.72,0.01,0.2096,2639416.6,1258379.971
20220505,4.75,4.78,4.8,4.72,-0.03,-0.6276,2402048.34,1143770.289
20220506,4.74,4.74,4.77,4.71,-0.01,-0.2105,1690447.34,800177.342
20220509,4.76,4.73,4.77,4.71,0.02,0.4219,1613516.38,766272.587
20220510,4.73,4.75,4.77,4.72,-0.03,-0.6303,1942057.06,919233.037
20220511,4.66,4.73,4.74,4.66,-0.07,-1.4799,3534060.95,1656391.757
20220512,4.65,4.66,4.67,4.64,-0.01,-0.2146,1446944.24,673675.865
20220513,4.7,4.66,4.7,4.65,0.05,1.0753,1754111.95,822079.154
20220516,4.68,4.7,4.7,4.65,-0.02,-0.4255,1668263.15,779376.703
20220517,4.66,4.69,4.69,4.65,-0.02,-0.4274,2168890.33,1012483.465
20220518,4.62,4.66,4.67,4.61,-0.04,-0.8584,2260084.27,1045435.059
20220519,4.61,4.61,4.62,4.59,-0.01,-0.2165,1691556.29,778801.637
20220520,4.63,4.62,4.63,4.59,0.02,0.4338,2406916.32,1111835.552
20220523,4.62,4.62,4.64,4.62,-0.01,-0.216,1732243.51,801421.866
20220524,4.67,4.63,4.68,4.62,0.05,1.0823,2437748.64,1133742.35
20220525,4.66,4.67,4.68,4.65,-0.01,-0.2141,1523156.56,710288.253
20220526,4.65,4.66,4.67,4.63,-0.01,-0.2146,1917670.89,892015.484
20220527,4.67,4.66,4.67,4.64,0.02,0.4301,1249997.58,582773.258
20220530,4.65,4.67,4.69,4.64,-0.02,-0.4283,1588274.31,740859.756
20220531,4.66,4.64,4.68,4.63,0.01,0.2151,2513657.47,1171009.193
20220601,4.65,4.65,4.67,4.63,-0.01,-0.2146,1400676.61,651076.588
20220602,4.63,4.64,4.65,4.62,-0.02,-0.4301,1521638.07,704972.367
20220606,4.6,4.63,4.64,4.58,-0.03,-0.6479,2954334.37,1359071.286
20220607,4.61,4.6,4.63,4.59,0.01,0.2174,1873120.09,863790.898
20220608,4.64,4.62,4.64,4.61,0.03,0.6508,1736302.19,803663.719
20220609,4.66,4.63,4.67,4.62,0.02,0.431,2193619.73,1020144.722
20220610,4.69,4.66,4.69,4.65,0.03,0.6438,2647090.44,1236607.464
20220613,4.67,4.68,4.69,4.63,-0.02,-0.4264,2282411.27,1062970.281
20220614,4.72,4.66,4.73,4.65,0.05,1.0707,2271488.53,1065769.46
20220615,4.73,4.72,4.77,4.7,0.01,0.2119,2981358.89,1413770.158
20220616,4.7,4.73,4.74,4.69,-0.03,-0.6342,2101488.4,989353.107
20220617,4.75,4.7,4.75,4.69,0.05,1.0638,1810638.22,857162.918
20220620,4.7,4.75,4.75,4.7,-0.05,-1.0526,1864115.17,879332.783
20220621,4.76,4.71,4.77,4.7,0.06,1.2766,2094053.97,992313.781
20220622,4.75,4.75,4.79,4.74,-0.01,-0.2101,1567201.49,746302.086
20220623,4.77,4.76,4.78,4.75,0.02,0.4211,1754362.11,836115.739
20220624,4.74,4.76,4.78,4.72,-0.03,-0.6289,1838538.97,872916.586
20220627,4.71,4.74,4.75,4.7,-0.03,-0.6329,2315190.67,1092328.379
20220628,4.73,4.71,4.74,4.69,0.02,0.4246,1707371.01,805395.28
20220629,4.77,4.73,4.77,4.72,0.04,0.8457,2155490.58,1023870.244
20220630,4.77,4.76,4.78,4.74,0.0,0.0,1783255.35,849607.081
20220701,4.77,4.77,4.78,4.74,0.0,0.0,1349358.17,642345.557
20220704,4.77,4.77,4.79,4.75,0.0,0.0,1306120.61,622821.601
20220705,4.8,4.78,4.81,4.77,0.03,0.6289,2036720.06,975769.265
20220706,4.78,4.8,4.81,4.76,-0.02,-0.4167,1768551.07,844420.041
20220707,4.76,4.78,4.79,4.76,-0.02,-0.4184,1616038.98,771362.416
20220708,4.77,4.77,4.78,4.74,0.01,0.2101,1620288.79,771025.598
20220711,4.79,4.77,4.8,4.75,0.02,0.4193,3319089.02,1588548.779
20220712,4.51,4.52,4.53,4.5,0.01,0.2222,3134478.42,1415371.773
20220713,4.42,4.51,4.51,4.41,-0.09,-1.9956,3393612.24,1509312.922
20220714,4.37,4.42,4.42,4.32,-0.05,-1.1312,3430233.31,1493674.363
20220715,4.33,4.36,4.38,4.33,-0.04,-0.9153,2188862.6,953165.921
20220718,4.37,4.34,4.37,4.34,0.04,0.9238,1770539.74,771591.237
20220719,4.39,4.36,4.41,4.35,0.02,0.4577,1747358.65,766493.792
20220720,4.44,4.4,4.45,4.39,0.05,1.139,1629580.37,721830.507
20220721,4.39,4.45,4.45,4.39,-0.05,-1.1261,1486550.38,655999.435
20220722,4.41,4.39,4.43,4.39,0.02,0.4556,1438737.36,634607.518
20220725,4.44,4.41,4.44,4.4,0.03,0.6803,1315203.7,582040.207
20220726,4.42,4.44,4.45,4.42,-0.02,-0.4505,1382246.01,612318.085
20220727,4.39,4.42,4.43,4.39,-0.03,-0.6787,1259740.61,553990.999
20220728,4.39,4.39,4.42,4.39,0.0,0.0,1198583.7,527011.553
20220729,4.38,4.4,4.42,4.37,-0.01,-0.2278,1433017.79,629578.816
20220801,4.37,4.37,4.4,4.36,-0.01,-0.2283,1336474.35,585326.909
20220802,4.35,4.36,4.37,4.33,-0.02,-0.4577,1803066.67,782945.384
20220803,4.32,4.34,4.36,4.32,-0.03,-0.6897,1415814.5,614187.517
20220804,4.37,4.34,4.38,4.32,0.05,1.1574,1858632.44,809091.671
20220805,4.39,4.38,4.4,4.36,0.02,0.4577,1226915.18,537331.729
20220808,4.35,4.39,4.39,4.34,-0.04,-0.9112,1294709.48,564029.561
20220809,4.34,4.35,4.37,4.34,-0.01,-0.2299,820212.25,356859.073
20220810,4.33,4.34,4.35,4.32,-0.01,-0.2304,907585.27,393451.05
20220811,4.36,4.34,4.37,4.33,0.03,0.6928,1526533.08,664667.705
20220812,4.36,4.36,4.37,4.34,0.0,0.0,1126271.34,490393.04
20220815,4.34,4.35,4.36,4.33,-0.02,-0.4587,1193889.44,518417.996
20220816,4.33,4.34,4.35,4.33,-0.01,-0.2304,1292595.34,561093.999
20220817,4.34,4.34,4.35,4.32,0.01,0.2309,1737077.62,752698.402
20220818,4.32,4.34,4.34,4.32,-0.02,-0.4608,1079770.56,467337.83
20220819,4.33,4.33,4.35,4.32,0.01,0.2315,1065557.2,462040.416
20220822,4.33,4.33,4.35,4.32,0.0,0.0,1022983.46,443494.667
20220823,4.32,4.33,4.34,4.32,-0.01,-0.2309,1062128.2,459477.326
20220824,4.32,4.33,4.34,4.32,0.0,0.0,1102185.03,476974.353
20220825,4.34,4.33,4.34,4.32,0.02,0.463,1164669.1,504127.533
20220826,4.35,4.34,4.35,4.33,0.01,0.2304,981045.72,426084.963
20220829,4.33,4.34,4.35,4.32,-0.02,-0.4598,1029063.53,445969.001
20220830,4.36,4.34,4.36,4.33,0.03,0.6928,1340225.25,582803.339
20220831,4.38,4.35,4.38,4.34,0.02,0.4587,2592392.09,1132180.169
20220901,4.36,4.36,4.37,4.35,-0.02,-0.4566,1056918.15,460792.946
20220902,4.35,4.35,4.37,4.34,-0.01,-0.2294,1297846.55,565116.18
20220905,4.36,4.35,4.36,4.33,0.01,0.2299,1259091.16,547119.545
20220906,4.36,4.36,4.38,4.34,0.0,0.0,1845802.31,805772.141
20220907,4.35,4.36,4.36,4.34,-0.01,-0.2294,1189129.21,517187.728
20220908,4.35,4.36,4.36,4.34,0.0,0.0,1086742.4,472815.83
20220909,4.36,4.36,4.38,4.35,0.01,0.2299,1627950.22,710715.972
20220913,4.38,4.37,4.39,4.36,0.02,0.4587,2076228.55,908320.747
20220914,4.36,4.36,4.38,4.36,-0.02,-0.4566,1195215.47,521881.472
20220915,4.39,4.37,4.4,4.36,0.03,0.6881,2994070.17,1312876.135
20220916,4.36,4.39,4.4,4.36,-0.03,-0.6834,2427171.38,1062487.993
20220919,4.38,4.37,4.39,4.36,0.02,0.4587,2167207.03,948114.394
20220920,4.37,4.39,4.39,4.36,-0.01,-0.2283,1485249.42,650364.279
20220921,4.37,4.37,4.39,4.35,0.0,0.0,1578483.49,689565.518
20220922,4.39,4.36,4.4,4.35,0.02,0.4577,2857305.08,1248539.894
20220923,4.4,4.38,4.41,4.37,0.01,0.2278,2812241.6,1237026.682
20220926,4.35,4.39,4.4,4.35,-0.05,-1.1364,2626983.03,1147676.709
20220927,4.34,4.35,4.36,4.33,-0.01,-0.2299,1900358.23,825325.572
20220928,4.35,4.34,4.36,4.33,0.01,0.2304,1805772.77,784503.628
20220929,4.33,4.36,4.36,4.33,-0.02,-0.4598,1758825.32,763036.787
20220930,4.35,4.34,4.36,4.33,0.02,0.4619,1578628.46,686074.089
20221010,4.36,4.35,4.38,4.33,0.01,0.2299,3177781.53,1385758.856
20221011,4.37,4.36,4.38,4.34,0.01,0.2294,2071206.32,903371.612
20221012,4.4,4.37,4.4,4.36,0.03,0.6865,2592391.8,1135992.155
20221013,4.35,4.39,4.39,4.34,-0.05,-1.1364,2700348.47,1174850.511
20221014,4.34,4.35,4.36,4.33,-0.01,-0.2299,2629692.9,1142713.536
20221017,4.35,4.34,4.38,4.33,0.01,0.2304,2562545.27,1115347.729
20221018,4.35,4.36,4.36,4.34,0.0,0.0,1533381.79,666628.309
20221019,4.34,4.34,4.36,4.34,-0.01,-0.2299,1679225.86,730221.419
20221020,4.35,4.35,4.36,4.34,0.01,0.2304,1712897.85,745032.525
20221021,4.35,4.35,4.36,4.34,0.0,0.0,1846239.59,802815.21
20221024,4.36,4.35,4.36,4.33,0.01,0.2299,3982764.2,1731708.676
20221025,4.34,4.35,4.36,4.34,-0.02,-0.4587,2059834.43,895581.873
20221026,4.28,4.34,4.35,4.28,-0.06,-1.3825,4305151.47,1859606.05
20221027,4.25,4.28,4.29,4.24,-0.03,-0.7009,2614569.57,1114168.572
20221028,4.25,4.26,4.27,4.24,0.0,0.0,2322386.17,989014.765
20221031,4.15,4.25,4.26,4.14,-0.1,-2.3529,3136808.62,1315941.98
20221101,4.08,4.15,4.16,4.01,-0.07,-1.6867,6428447.8,2617808.617
20221102,4.07,4.05,4.07,4.01,-0.01,-0.2451,3450626.79,1394694.899
20221103,4.06,4.05,4.06,4.04,-0.01,-0.2457,1564672.37,634051.041
20221104,4.09,4.05,4.12,4.05,0.03,0.7389,3380993.45,1382391.65
20221107,4.08,4.09,4.09,4.06,-0.01,-0.2445,2420763.34,986337.817
20221108,4.09,4.08,4.09,4.07,0.01,0.2451,1266710.07,517079.54
20221109,4.1,4.09,4.11,4.08,0.01,0.2445,1368752.57,560691.18
20221110,4.11,4.09,4.11,4.08,0.01,0.2439,1423974.57,582648.249
20221111,4.15,4.12,4.16,4.11,0.04,0.9732,2768352.88,1144895.641
20221114,4.15,4.16,4.19,4.15,0.0,0.0,2708150.58,1129702.478
20221115,4.17,4.16,4.18,4.15,0.02,0.4819,1564140.1,651544.034
20221116,4.16,4.17,4.18,4.16,-0.01,-0.2398,1132770.31,472113.067
20221117,4.17,4.16,4.17,4.14,0.01,0.2404,1681716.59,698816.838
20221118,4.17,4.17,4.19,4.16,0.0,0.0,1785481.49,745303.163
20221121,4.18,4.17,4.19,4.15,0.01,0.2398,1805231.96,753341.792
20221122,4.23,4.18,4.25,4.17,0.05,1.1962,2702553.18,1140835.266
20221123,4.26,4.23,4.29,4.22,0.03,0.7092,3210906.57,1369621.339
20221124,4.25,4.27,4.28,4.24,-0.01,-0.2347,1413653.86,602139.323
20221125,4.32,4.25,4.33,4.25,0.07,1.6471,3698254.16,1591516.138
20221128,4.24,4.29,4.3,4.22,-0.08,-1.8519,2927271.24,1241390.938
20221129,4.32,4.25,4.34,4.24,0.08,1.8868,4116956.33,1769804.553
20221130,4.3,4.3,4.33,4.28,-0.02,-0.463,3121823.07,1342258.893
20221201,4.25,4.32,4.33,4.24,-0.05,-1.1628,3527083.71,1508271.593
20221202,4.24,4.25,4.26,4.23,-0.01,-0.2353,1998981.23,848573.118
20221205,4.3,4.26,4.32,4.25,0.06,1.4151,3497316.92,1499555.627
20221206,4.31,4.3,4.32,4.29,0.01,0.2326,2597515.49,1117747.056
20221207,4.29,4.31,4.32,4.28,-0.02,-0.464,2223357.63,956706.139
20221208,4.3,4.29,4.31,4.28,0.01,0.2331,1966006.46,845283.418
20221209,4.3,4.3,4.32,4.29,0.0,0.0,2564903.65,1103145.219
20221212,4.27,4.3,4.3,4.27,-0.03,-0.6977,1967081.31,843407.173
20221213,4.3,4.28,4.31,4.27,0.03,0.7026,1640735.77,704235.151
20221214,4.29,4.3,4.31,4.27,-0.01,-0.2326,1975053.51,845926.525
20221215,4.26,4.28,4.29,4.25,-0.03,-0.6993,1793039.37,763572.928
20221216,4.29,4.26,4.29,4.24,0.03,0.7042,1982171.66,846358.171
20221219,4.26,4.28,4.31,4.25,-0.03,-0.6993,1647837.22,704842.464
20221220,4.23,4.25,4.27,4.23,-0.03,-0.7042,1769707.42,751668.831
20221221,4.25,4.23,4.26,4.23,0.02,0.4728,1188930.37,504895.105
20221222,4.27,4.26,4.28,4.25,0.02,0.4706,1296888.69,553757.271
20221223,4.25,4.27,4.27,4.25,-0.02,-0.4684,904597.86,385322.879
20221226,4.26,4.26,4.28,4.24,0.01,0.2353,1470701.24,626352.011
20221227,4.3,4.27,4.31,4.26,0.04,0.939,1849633.29,793633.877
20221228,4.32,4.3,4.33,4.29,0.02,0.4651,1755915.54,757611.069
20221229,4.3,4.31,4.32,4.26,-0.02,-0.463,1885665.53,809605.996
20221230,4.34,4.31,4.35,4.3,0.04,0.9302,2983386.66,1293431.442
20230103,4.31,4.34,4.34,4.3,-0.03,-0.6912,2428809.7,1047725.002
20230104,4.36,4.32,4.36,4.31,0.05,1.1601,2351477.35,1022070.423
20230105,4.33,4.36,4.38,4.33,-0.03,-0.6881,2017797.78,877204.366
20230106,4.34,4.33,4.35,4.31,0.01,0.2309,1687138.02,731034.157
20230109,4.33,4.35,4.36,4.33,-0.01,-0.2304,1666791.6,723302.384
20230110,4.3,4.34,4.34,4.3,-0.03,-0.6928,1751258.73,755033.29
20230111,4.31,4.3,4.32,4.29,0.01,0.2326,1349496.38,581583.428
20230112,4.3,4.31,4.32,4.29,-0.01,-0.232,1095530.61,471371.597
20230113,4.34,4.3,4.34,4.3,0.04,0.9302,1310556.43,566908.49
20230116,4.34,4.34,4.36,4.33,0.0,0.0,2239500.53,972719.257
20230117,4.33,4.34,4.35,4.31,-0.01,-0.2304,1348396.46,583427.985
20230118,4.34,4.33,4.35,4.33,0.01,0.2309,1290402.2,559746.084
20230119,4.33,4.33,4.34,4.31,-0.01,-0.2304,1311153.98,566876.473
20230120,4.33,4.33,4.34,4.32,0.0,0.0,1423233.56,615310.375
20230130,4.32,4.34,4.35,4.31,-0.01,-0.2309,2451083.79,1060660.579
20230131,4.32,4.32,4.33,4.31,0.0,0.0,1687635.24,729242.573
20230201,4.31,4.32,4.33,4.3,-0.01,-0.2315,1729252.59,745664.75
20230202,4.3,4.32,4.32,4.3,-0.01,-0.232,2020736.28,870185.102
20230203,4.3,4.3,4.31,4.29,0.0,0.0,1974191.01,848654.204
20230206,4.29,4.3,4.3,4.28,-0.01,-0.2326,2162137.5,926939.859
20230207,4.29,4.29,4.31,4.28,0.0,0.0,1583521.42,680140.869
20230208,4.3,4.3,4.31,4.29,0.01,0.2331,1294928.29,556550.72
20230209,4.3,4.29,4.31,4.29,0.0,0.0,1307659.09,562487.646
20230210,4.31,4.31,4.31,4.29,0.01,0.2326,1202376.2,517287.828
20230213,4.29,4.3,4.31,4.29,-0.02,-0.464,1902540.36,817263.325
20230214,4.3,4.3,4.31,4.29,0.01,0.2331,1064557.57,457865.981
20230215,4.29,4.3,4.31,4.28,-0.01,-0.2326,2040446.17,875087.611
20230216,4.28,4.29,4.3,4.28,-0.01,-0.2331,1894246.99,812550.64
20230217,4.28,4.28,4.3,4.28,0.0,0.0,1786395.16,766064.99
20230220,4.31,4.29,4.31,4.28,0.03,0.7009,2339844.07,1004838.515
20230221,4.32,4.3,4.32,4.3,0.01,0.232,1678930.37,724398.198
20230222,4.3,4.32,4.32,4.3,-0.02,-0.463,937519.93,404187.271
20230223,4.3,4.31,4.32,4.3,0.0,0.0,1215628.07,523722.564
20230224,4.29,4.31,4.31,4.29,-0.01,-0.2326,1391182.56,597341.18
20230227,4.29,4.29,4.3,4.28,0.0,0.0,1201801.77,515168.67
20230228,4.3,4.29,4.3,4.28,0.01,0.2331,1580501.25,677615.166
20230301,4.3,4.3,4.31,4.29,0.0,0.0,2575566.7,1107847.947
20230302,4.32,4.3,4.32,4.29,0.02,0.4651,2209294.25,952727.208
20230303,4.36,4.32,4.37,4.32,0.04,0.9259,3222511.25,1399659.368
20230306,4.35,4.37,4.38,4.34,-0.01,-0.2294,3218611.78,1401037.315
20230307,4.39,4.35,4.48,4.34,0.04,0.9195,6770934.04,2992988.03
20230308,4.4,4.37,4.41,4.35,0.01,0.2278,2513977.16,1098665.504
20230309,4.38,4.4,4.44,4.38,-0.02,-0.4545,2410878.53,1062348.001
20230310,4.34,4.36,4.38,4.34,-0.04,-0.9132,2221254.32,968749.011
20230313,4.4,4.34,4.41,4.33,0.06,1.3825,2491912.4,1092169.163
20230314,4.41,4.39,4.44,4.38,0.01,0.2273,2542644.76,1122413.927
20230315,4.46,4.43,4.47,4.41,0.05,1.1338,2896830.79,1288387.303
20230316,4.52,4.45,4.57,4.44,0.06,1.3453,5873947.44,2655044.111
20230317,4.52,4.53,4.58,4.49,0.0,0.0,3428580.62,1553254.966
20230320,4.51,4.52,4.6,4.5,-0.01,-0.2212,3386446.15,1541399.77
20230321,4.45,4.52,4.55,4.44,-0.06,-1.3304,2735102.46,1222842.097
20230322,4.52,4.46,4.52,4.45,0.07,1.573,2218087.82,998009.99
20230323,4.52,4.51,4.53,4.48,0.0,0.0,1898473.48,855390.079
20230324,4.48,4.51,4.51,4.47,-0.04,-0.885,1619528.87,726293.38
20230327,4.46,4.47,4.48,4.41,-0.02,-0.4464,2126959.3,944911.324
20230328,4.49,4.47,4.5,4.44,0.03,0.6726,1718590.69,768256.378
20230329,4.51,4.5,4.53,4.46,0.02,0.4454,2153324.56,969916.345
20230330,4.52,4.51,4.55,4.48,0.01,0.2217,1810266.32,816555.471
20230331,4.46,4.52,4.52,4.45,-0.06,-1.3274,2345624.82,1050304.784
20230403,4.45,4.46,4.47,4.44,-0.01,-0.2242,2005186.09,892555.875
20230404,4.52,4.45,4.52,4.44,0.07,1.573,3061591.33,1376907.554
20230406,4.53,4.51,4.54,4.49,0.01,0.2212,1958216.08,884878.223
20230407,4.53,4.52,4.54,4.51,0.0,0.0,1247347.68,564750.744
20230410,4.55,4.53,4.56,4.5,0.02,0.4415,2403449.17,1090106.743
20230411,4.55,4.55,4.57,4.53,0.0,0.0,1852176.53,843163.088
20230412,4.61,4.56,4.64,4.55,0.06,1.3187,3198518.03,1472027.339
20230413,4.63,4.6,4.65,4.58,0.02,0.4338,2187342.68,1012149.962
20230414,4.63,4.65,4.65,4.61,0.0,0.0,1514960.89,701396.46
20230417,4.73,4.63,4.74,4.62,0.1,2.1598,3556291.81,1666156.219
20230418,4.77,4.73,4.81,4.72,0.04,0.8457,3952574.34,1882106.553
20230419,4.76,4.77,4.8,4.75,-0.01,-0.2096,2699213.78,1288443.209
20230420,4.74,4.76,4.79,4.68,-0.02,-0.4202,3180013.41,1502667.18
20230421,4.7,4.74,4.79,4.69,-0.04,-0.8439,3158540.05,1496588.9
20230424,4.72,4.7,4.75,4.68,0.02,0.4255,3062068.1,1443750.723
20230425,4.75,4.71,4.78,4.71,0.03,0.6356,3915674.75,1857660.019
20230426,4.75,4.74,4.78,4.65,0.0,0.0,4009611.15,1891851.111
20230427,4.75,4.74,4.75,4.7,0.0,0.0,2657079.62,1256636.714
20230428,4.72,4.74,4.78,4.7,-0.03,-0.6316,2503244.0,1185262.424
20230504,4.95,4.7,4.96,4.68,0.23,4.8729,7289708.42,3541568.882
20230505,4.99,4.94,5.1,4.94,0.04,0.8081,6828810.0,3428249.976
20230508,5.3,5.02,5.36,5.01,0.31,6.2124,10488613.02,5490372.106
20230509,5.27,5.37,5.47,5.22,-0.03,-0.566,9334986.15,4986593.624
20230510,5.03,5.22,5.26,4.99,-0.24,-4.5541,7516354.46,3815734.476
20230511,5.0,5.03,5.11,4.99,-0.03,-0.5964,4037362.61,2028244.04
20230512,4.98,4.99,5.05,4.95,-0.02,-0.4,3651839.27,1822660.939
20230515,5.04,4.99,5.06,4.85,0.06,1.2048,5121251.41,2529284.812
20230516,5.01,5.04,5.14,4.98,-0.03,-0.5952,3238579.0,1638354.828
20230517,4.99,4.99,5.04,4.93,-0.02,-0.3992,2615395.51,1303973.179
20230518,5.12,5.0,5.18,4.99,0.13,2.6052,4402893.21,2247012.011
20230519,5.04,5.11,5.14,5.04,-0.08,-1.5625,3082250.32,1566953.441
20230522,5.07,5.04,5.15,5.02,0.03,0.5952,2578695.76,1312745.93
20230523,4.93,5.06,5.11,4.91,-0.14,-2.7613,4411799.99,2195648.031
20230524,4.76,4.95,4.96,4.75,-0.17,-3.4483,5227541.45,2512302.395
20230525,4.74,4.73,4.77,4.7,-0.02,-0.4202,3461347.35,1637454.759
20230526,4.8,4.74,4.84,4.72,0.06,1.2658,2346930.92,1123359.457
20230529,4.85,4.81,4.88,4.8,0.05,1.0417,2980559.48,1441539.23
20230530,4.82,4.84,4.88,4.79,-0.03,-0.6186,2689175.49,1298717.694
20230531,4.83,4.81,4.87,4.78,0.01,0.2075,2513541.53,1215088.902
20230601,4.86,4.82,4.92,4.8,0.03,0.6211,2708660.17,1316044.948
20230602,4.88,4.86,4.9,4.84,0.02,0.4115,1594868.42,775899.59
20230605,4.96,4.88,4.98,4.86,0.08,1.6393,1961820.25,969318.119
20230606,4.96,4.96,5.05,4.94,0.0,0.0,2501764.9,1251780.679
20230607,5.01,4.97,5.05,4.97,0.05,1.0081,2192964.42,1099411.845
20230608,5.09,5.01,5.1,4.98,0.08,1.5968,2413816.83,1219117.768
20230609,5.07,5.08,5.12,5.06,-0.02,-0.3929,2114255.48,1075351.684
20230612,4.97,5.08,5.09,4.95,-0.1,-1.9724,2706656.25,1353794.292
20230613,5.0,4.96,5.01,4.95,0.03,0.6036,1622393.81,809442.49
20230614,4.87,4.99,5.02,4.86,-0.13,-2.6,3504577.16,1728125.975
20230615,4.91,4.9,4.96,4.87,0.04,0.8214,2252519.16,1105624.109
20230616,4.88,4.91,4.92,4.88,-0.03,-0.611,2177238.33,1066214.514
20230619,4.83,4.88,4.89,4.81,-0.05,-1.0246,2294115.14,1110369.621
20230620,4.83,4.83,4.87,4.8,0.0,0.0,1754802.58,847809.825
20230621,4.85,4.82,4.93,4.81,0.02,0.4141,2736087.67,1333802.3
20230626,4.77,4.85,4.86,4.75,-0.08,-1.6495,2989837.96,1430494.631
20230627,4.81,4.77,4.82,4.73,0.04,0.8386,2129214.48,1020036.538
20230628,4.82,4.8,4.84,4.78,0.01,0.2079,1914026.17,921642.614
20230629,4.78,4.81,4.82,4.78,-0.04,-0.8299,1768647.0,848123.797
20230630,4.82,4.79,4.84,4.79,0.04,0.8368,1789393.86,861972.306
20230703,4.88,4.84,4.89,4.8,0.06,1.2448,2885172.37,1401397.653
20230704,4.83,4.87,4.88,4.82,-0.05,-1.0246,2236081.29,1083994.704
20230705,4.82,4.83,4.85,4.79,-0.01,-0.207,1650508.24,795131.316
20230706,4.77,4.8,4.83,4.76,-0.05,-1.0373,2402678.18,1150747.048
20230707,4.76,4.76,4.81,4.75,-0.01,-0.2096,2204643.4,1052383.642
20230710,4.77,4.77,4.79,4.75,0.01,0.2101,1259393.4,600869.277
20230711,4.83,4.79,4.84,4.78,0.06,1.2579,1810361.38,872812.383
20230712,4.81,4.83,4.86,4.8,-0.02,-0.4141,1862673.15,899237.41
20230713,4.87,4.82,4.89,4.82,0.06,1.2474,2581133.39,1252501.956
20230714,4.87,4.88,4.9,4.84,0.0,0.0,3056799.51,1490328.854
20230717,4.57,4.6,4.61,4.55,0.0,0.0,2872925.76,1313140.48
20230718,4.54,4.57,4.58,4.52,-0.03,-0.6565,2104102.78,955282.786
20230719,4.56,4.53,4.57,4.52,0.02,0.4405,1451546.82,659323.287
20230720,4.58,4.57,4.6,4.56,0.02,0.4386,1444105.38,661920.422
20230721,4.58,4.57,4.59,4.56,0.0,0.0,1303226.32,596118.856
20230724,4.57,4.57,4.59,4.54,-0.01,-0.2183,1158905.83,528908.86
20230725,4.62,4.59,4.63,4.58,0.05,1.0941,1924507.6,887398.435
20230726,4.63,4.62,4.64,4.6,0.01,0.2165,1154337.68,533491.432
20230727,4.7,4.63,4.75,4.63,0.07,1.5119,2404240.94,1130511.654
20230728,4.79,4.68,4.8,4.67,0.09,1.9149,2585045.18,1229649.771
20230731,4.77,4.8,4.86,4.74,-0.02,-0.4175,2822097.05,1351064.41
20230801,4.78,4.77,4.8,4.75,0.01,0.2096,1849948.17,883177.021
20230802,4.67,4.75,4.76,4.65,-0.11,-2.3013,3016435.61,1414477.098
20230803,4.72,4.67,4.74,4.64,0.05,1.0707,2110533.35,991496.643
20230804,4.74,4.74,4.78,4.7,0.02,0.4237,2359550.82,1118833.388
20230807,4.71,4.73,4.73,4.67,-0.03,-0.6329,1899890.34,892038.939
20230808,4.68,4.7,4.71,4.67,-0.03,-0.6369,1292974.86,605700.032
20230809,4.71,4.67,4.71,4.67,0.03,0.641,1275891.57,599028.493
20230810,4.69,4.7,4.71,4.67,-0.02,-0.4246,1251263.26,586262.307
20230811,4.61,4.69,4.69,4.61,-0.08,-1.7058,2065553.65,958427.435
20230814,4.56,4.59,4.59,4.54,-0.05,-1.0846,2062904.37,940677.037
20230815,4.64,4.57,4.66,4.56,0.08,1.7544,1901957.41,876696.048
20230816,4.64,4.62,4.65,4.6,0.0,0.0,1319587.2,610777.724
20230817,4.6,4.63,4.63,4.57,-0.04,-0.8621,1777380.13,816332.097
20230818,4.61,4.59,4.67,4.58,0.01,0.2174,2106844.2,975878.347
20230821,4.56,4.61,4.63,4.56,-0.05,-1.0846,2008059.66,919967.016
20230822,4.62,4.57,4.64,4.55,0.06,1.3158,2591200.96,1189461.33
20230823,4.64,4.61,4.68,4.59,0.02,0.4329,2519848.55,1170788.998
20230824,4.59,4.65,4.66,4.59,-0.05,-1.0776,2117788.09,976867.24
20230825,4.66,4.58,4.68,4.58,0.07,1.5251,2670931.85,1238221.615
20230828,4.73,4.8,4.8,4.68,0.07,1.5021,4335473.77,2047848.273
20230829,4.63,4.71,4.72,4.61,-0.1,-2.1142,3805806.67,1766953.944
20230830,4.59,4.63,4.63,4.57,-0.04,-0.8639,3254210.81,1492263.143
20230831,4.62,4.58,4.64,4.56,0.03,0.6536,2894279.34,1328761.084
20230901,4.57,4.59,4.61,4.55,-0.05,-1.0823,2968283.99,1357727.426
20230904,4.6,4.58,4.61,4.56,0.03,0.6565,2511760.29,1153387.625
20230905,4.59,4.59,4.6,4.58,-0.01,-0.2174,1665329.13,764627.604
20230906,4.61,4.58,4.62,4.58,0.02,0.4357,1565622.16,721190.246
20230907,4.62,4.61,4.64,4.6,0.01,0.2169,2110284.8,975710.53
20230908,4.59,4.62,4.62,4.58,-0.03,-0.6494,1228218.74,563775.965
20230911,4.59,4.59,4.61,4.58,0.0,0.0,1734103.68,796563.541
20230912,4.6,4.59,4.6,4.58,0.01,0.2179,1260714.89,578873.994
20230913,4.62,4.6,4.63,4.59,0.02,0.4348,2062878.57,951230.236
20230914,4.68,4.63,4.68,4.62,0.06,1.2987,3511706.7,1638629.281
20230915,4.63,4.68,4.7,4.63,-0.05,-1.0684,2397323.57,1116627.267
20230918,4.64,4.64,4.65,4.61,0.01,0.216,1661257.86,768769.281
20230919,4.68,4.64,4.68,4.63,0.04,0.8621,2066133.2,963619.723
20230920,4.69,4.67,4.71,4.66,0.01,0.2137,2844159.41,1334624.084
20230921,4.69,4.69,4.74,4.68,0.0,0.0,2981619.43,1401644.984
20230922,4.74,4.69,4.74,4.67,0.05,1.0661,3099886.4,1460209.787
20230925,4.73,4.74,4.76,4.72,-0.01,-0.211,2372227.11,1124713.307
20230926,4.7,4.74,4.75,4.68,-0.03,-0.6342,2148475.45,1011746.717
20230927,4.65,4.7,4.71,4.65,-0.05,-1.0638,2258028.62,1054101.377
20230928,4.68,4.67,4.7,4.66,0.03,0.6452,1569716.96,734762.892
20231009,4.67,4.65,4.7,4.63,-0.01,-0.2137,2148065.59,1002756.576
20231010,4.68,4.69,4.72,4.67,0.01,0.2141,1860356.24,873180.32
20231011,4.72,4.69,4.73,4.69,0.04,0.8547,2692050.11,1269006.831
20231012,4.84,4.8,4.85,4.78,0.12,2.5424,5677657.57,2734640.605
20231013,4.89,4.81,4.94,4.8,0.05,1.0331,4282273.31,2094706.164
20231016,4.92,4.88,4.94,4.85,0.03,0.6135,2823494.73,1381506.632
20231017,4.92,4.91,4.93,4.89,0.0,0.0,1900438.65,932409.041
20231018,4.93,4.91,4.98,4.9,0.01,0.2033,2757790.4,1360530.618
20231019,4.83,4.91,4.92,4.81,-0.1,-2.0284,3631633.94,1759426.129
20231020,4.79,4.8,4.84,4.76,-0.04,-0.8282,2747824.94,1317398.881
20231023,4.82,4.78,4.85,4.77,0.03,0.6263,2687135.43,1295265.514
20231024,4.76,4.82,4.83,4.73,-0.06,-1.2448,3355482.67,1596617.824
20231025,4.71,4.77,4.79,4.71,-0.05,-1.0504,3489260.2,1648499.684
20231026,4.79,4.71,4.8,4.71,0.08,1.6985,3065313.2,1460187.893
20231027,4.77,4.8,4.83,4.75,-0.02,-0.4175,2929633.33,1401153.452
20231030,4.69,4.75,4.76,4.66,-0.08,-1.6771,4686115.43,2199149.845
20231031,4.73,4.69,4.74,4.67,0.04,0.8529,2411116.06,1136787.73
20231101,4.77,4.74,4.78,4.7,0.04,0.8457,2166782.45,1029343.589
20231102,4.78,4.78,4.82,4.77,0.01,0.2096,2132217.16,1023208.913
20231103,4.74,4.78,4.79,4.73,-0.04,-0.8368,1995544.43,948809.75
20231106,4.71,4.74,4.76,4.7,-0.03,-0.6329,3155535.62,1487054.517
20231107,4.72,4.71,4.75,4.69,0.01,0.2123,1762681.14,831535.432
20231108,4.71,4.71,4.74,4.69,-0.01,-0.2119,2307978.03,1088088.168
20231109,4.78,4.7,4.79,4.7,0.07,1.4862,2774644.05,1319361.414
20231110,4.78,4.77,4.82,4.74,0.0,0.0,2157019.07,1030812.616
20231113,4.76,4.78,4.78,4.72,-0.02,-0.4184,1784472.23,845699.968
20231114,4.79,4.75,4.79,4.73,0.03,0.6303,2065392.73,983406.086
20231115,4.79,4.78,4.8,4.77,0.0,0.0,1510144.82,722371.077
20231116,4.8,4.78,4.82,4.77,0.01,0.2088,1783049.21,856430.948
20231117,4.78,4.8,4.81,4.76,-0.02,-0.4167,1733745.18,828856.95
20231120,4.81,4.78,4.82,4.77,0.03,0.6276,1737244.26,833340.524
20231121,4.81,4.81,4.84,4.8,0.0,0.0,1855786.21,893722.004
20231122,4.8,4.8,4.83,4.79,-0.01,-0.2079,1426232.61,685928.359
20231123,4.8,4.81,4.81,4.77,0.0,0.0,1713015.15,820169.689
20231124,4.8,4.8,4.82,4.79,0.0,0.0,1862324.46,895099.924
20231127,4.78,4.79,4.8,4.75,-0.02,-0.4167,2183710.03,1041992.127
20231128,4.79,4.78,4.8,4.77,0.01,0.2092,1333511.04,638025.597
20231129,4.77,4.78,4.79,4.76,-0.02,-0.4175,1608007.36,767506.443
20231130,4.81,4.77,4.81,4.76,0.04,0.8386,2146402.58,1027384.355
20231201,4.81,4.8,4.83,4.79,0.0,0.0,2500466.51,1202312.573
20231204,4.8,4.81,4.83,4.8,-0.01,-0.2079,1531861.34,736651.082
20231205,4.76,4.8,4.81,4.76,-0.04,-0.8333,1981988.79,948472.231
20231206,4.7,4.76,4.76,4.7,-0.06,-1.2605,2952964.99,1394679.54
20231207,4.73,4.7,4.75,4.68,0.03,0.6383,2347758.11,1108498.604
20231208,4.73,4.74,4.77,4.72,0.0,0.0,1983784.01,940179.674
20231211,4.73,4.72,4.75,4.65,0.0,0.0,2796161.94,1313136.708
20231212,4.79,4.72,4.8,4.7,0.06,1.2685,2769037.14,1320664.344
20231213,4.79,4.79,4.81,4.77,0.0,0.0,2490304.27,1194973.334
20231214,4.77,4.79,4.81,4.76,-0.02,-0.4175,1521738.1,727096.831
20231215,4.73,4.77,4.79,4.73,-0.04,-0.8386,1953904.87,929151.542
20231218,4.77,4.73,4.8,4.71,0.04,0.8457,2380762.15,1134338.057
20231219,4.79,4.77,4.8,4.76,0.02,0.4193,1753940.13,840048.362
20231220,4.79,4.8,4.83,4.77,0.0,0.0,2219819.82,1066878.03
20231221,4.79,4.78,4.8,4.73,0.0,0.0,2465344.66,1174701.829
20231222,4.78,4.79,4.8,4.76,-0.01,-0.2088,2218555.54,1060976.699
20231225,4.8,4.77,4.81,4.77,0.02,0.4184,1094809.35,524989.286
20231226,4.82,4.8,4.82,4.79,0.02,0.4167,1487371.76,715555.035
20231227,4.83,4.82,4.84,4.78,0.01,0.2075,1843188.2,886215.652
20231228,4.77,4.83,4.85,4.77,-0.06,-1.2422,3465162.02,1664753.044
20231229,4.78,4.78,4.8,4.77,0.01,0.2096,1800477.63,861564.197
20240102,4.79,4.78,4.83,4.77,0.01,0.2092,2071811.11,995101.442
20240103,4.84,4.79,4.85,4.78,0.05,1.0438,2488954.27,1201719.346
20240104,4.89,4.84,4.9,4.83,0.05,1.0331,2865675.59,1396443.521
20240105,4.87,4.89,4.94,4.86,-0.02,-0.409,2860747.2,1403610.998
20240108,4.88,4.87,4.91,4.85,0.01,0.2053,3252257.28,1588242.673
20240109,4.88,4.88,4.89,4.83,0.0,0.0,2257344.56,1097994.737
20240110,4.85,4.87,4.91,4.83,-0.03,-0.6148,2342434.92,1138531.555
20240111,4.78,4.84,4.85,4.77,-0.07,-1.4433,3306668.51,1587950.047
20240112,4.81,4.77,4.83,4.76,0.03,0.6276,2300664.93,1105695.049
20240115,4.86,4.8,4.86,4.79,0.05,1.0395,1810482.9,874409.887
20240116,4.89,4.84,4.9,4.84,0.03,0.6173,2480399.13,1207827.031
20240117,4.84,4.88,4.9,4.84,-0.05,-1.0225,2766317.05,1349034.066
20240118,4.85,4.83,4.88,4.72,0.01,0.2066,5232772.95,2503424.284
20240119,4.89,4.83,4.89,4.79,0.04,0.8247,3867215.35,1875529.373
20240122,4.89,4.87,4.94,4.86,0.0,0.0,4420635.13,2173336.066
20240123,4.89,4.89,4.92,4.84,0.0,0.0,3107488.1,1515560.674
20240124,4.97,4.9,4.98,4.88,0.08,1.636,3348474.64,1650534.905
20240125,5.01,4.98,5.05,4.97,0.04,0.8048,3437583.76,1721285.077
20240126,5.09,5.01,5.11,4.99,0.08,1.5968,3899367.54,1970826.387
20240129,5.16,5.08,5.2,5.08,0.07,1.3752,3844041.39,1981081.369
20240130,5.13,5.14,5.18,5.09,-0.03,-0.5814,2914816.62,1498554.326
20240131,5.17,5.12,5.19,5.1,0.04,0.7797,2963858.63,1525456.799
20240201,5.14,5.15,5.2,5.13,-0.03,-0.5803,2993715.09,1544401.622
20240202,5.17,5.14,5.2,5.09,0.03,0.5837,4075978.19,2103998.356
20240205,5.29,5.17,5.3,5.16,0.12,2.3211,6159388.32,3242203.982
20240206,5.32,5.29,5.38,5.27,0.03,0.5671,5649136.91,3006603.608
20240207,5.23,5.31,5.31,5.08,-0.09,-1.6917,7753354.96,4010563.947
20240208,5.16,5.16,5.17,5.09,-0.07,-1.3384,4653693.43,2383629.316
20240219,5.27,5.16,5.28,5.1,0.11,2.1318,4797143.86,2503180.356
20240220,5.35,5.27,5.36,5.23,0.08,1.518,3059780.96,1626681.256
20240221,5.41,5.34,5.47,5.33,0.06,1.1215,3467348.93,1875270.275
20240222,5.42,5.4,5.43,5.36,0.01,0.1848,2231278.68,1204599.969
20240223,5.48,5.41,5.52,5.41,0.06,1.107,3583185.46,1967299.036
20240226,5.32,5.48,5.48,5.3,-0.16,-2.9197,3677178.6,1977747.711
20240227,5.3,5.3,5.36,5.25,-0.02,-0.3759,2940999.47,1560959.829
20240228,5.33,5.3,5.37,5.23,0.03,0.566,3806093.95,2021720.033
20240229,5.33,5.31,5.36,5.3,0.0,0.0,2520777.65,1342717.318
20240301,5.34,5.32,5.35,5.29,0.01,0.1876,2477511.46,1317310.136
20240304,5.32,5.32,5.34,5.28,-0.02,-0.3745,2557572.75,1359409.11
20240305,5.46,5.32,5.48,5.3,0.14,2.6316,4298467.12,2323265.996
20240306,5.35,5.45,5.49,5.35,-0.11,-2.0147,3527871.55,1910626.811
20240307,5.38,5.35,5.4,5.34,0.03,0.5607,3074594.09,1650760.69
20240308,5.39,5.37,5.4,5.34,0.01,0.1859,2472003.99,1328152.98
20240311,5.37,5.38,5.39,5.33,-0.02,-0.3711,2243026.48,1200710.433
20240312,5.2,5.36,5.36,5.19,-0.17,-3.1657,5117147.72,2688688.96
20240313,5.17,5.19,5.21,5.14,-0.03,-0.5769,3003607.21,1555083.541
20240314,5.19,5.16,5.23,5.14,0.02,0.3868,2413114.21,1253072.994
20240315,5.21,5.19,5.24,5.19,0.02,0.3854,2258614.2,1177297.474
20240318,5.18,5.21,5.22,5.17,-0.03,-0.5758,1911734.51,991424.88
20240319,5.15,5.18,5.2,5.15,-0.03,-0.5792,2028046.19,1048062.766
20240320,5.2,5.15,5.22,5.12,0.05,0.9709,2453975.99,1270999.033
20240321,5.22,5.2,5.24,5.18,0.02,0.3846,2051062.53,1069468.123
20240322,5.25,5.23,5.27,5.18,0.03,0.5747,2657844.34,1390667.475
20240325,5.29,5.25,5.29,5.24,0.04,0.7619,2374081.0,1252612.475
20240326,5.33,5.29,5.33,5.26,0.04,0.7561,2433596.24,1289061.751
20240327,5.36,5.32,5.39,5.3,0.03,0.5629,2907078.55,1558334.37
20240328,5.25,5.34,5.35,5.22,-0.11,-2.0522,3978897.68,2091220.999
20240329,5.28,5.25,5.33,5.23,0.03,0.5714,2298122.71,1217142.787
20240401,5.29,5.28,5.32,5.27,0.01,0.1894,2019199.27,1069899.178
20240402,5.34,5.29,5.36,5.28,0.05,0.9452,3142501.34,1675629.707
20240403,5.33,5.34,5.36,5.3,-0.01,-0.1873,2182241.33,1164487.633
20240408,5.4,5.33,5.41,5.31,0.07,1.3133,3070468.83,1649825.52
20240409,5.33,5.4,5.44,5.32,-0.07,-1.2963,3139150.16,1683877.064
20240410,5.34,5.34,5.39,5.32,0.01,0.1876,2449472.47,1311190.477
20240411,5.32,5.32,5.34,5.27,-0.02,-0.3745,2002637.55,1064148.84
20240412,5.32,5.32,5.35,5.29,0.0,0.0,2483943.69,1321908.574
20240415,5.42,5.33,5.43,5.33,0.1,1.8797,4012439.4,2162688.286
20240416,5.47,5.42,5.5,5.38,0.05,0.9225,4000692.53,2183179.673
20240417,5.5,5.45,5.52,5.39,0.03,0.5484,3322041.61,1811875.418
20240418,5.52,5.49,5.63,5.48,0.02,0.3636,3879727.59,2153809.249
20240419,5.55,5.5,5.59,5.5,0.03,0.5435,2559405.97,1421250.834
20240422,5.48,5.57,5.64,5.47,-0.07,-1.2613,3275212.49,1813431.121
20240423,5.5,5.49,5.58,5.46,0.02,0.365,3309129.67,1827802.629
20240424,5.47,5.5,5.52,5.46,-0.03,-0.5455,2360259.75,1292875.949
20240425,5.49,5.48,5.5,5.45,0.02,0.3656,1650745.56,903595.425
20240426,5.4,5.49,5.54,5.39,-0.09,-1.6393,4710331.31,2563059.301
20240429,5.38,5.39,5.44,5.34,-0.02,-0.3704,3490150.64,1882123.563
20240430,5.43,5.37,5.45,5.36,0.05,0.9294,2601743.83,1410153.799
20240506,5.37,5.45,5.47,5.36,-0.06,-1.105,4058714.0,2189241.442
20240507,5.4,5.37,5.41,5.35,0.03,0.5587,2781631.43,1495708.24
20240508,5.41,5.4,5.45,5.38,0.01,0.1852,2967672.33,1608594.647
20240509,5.38,5.4,5.41,5.37,-0.03,-0.5545,2401955.98,1293993.946
20240510,5.4,5.39,5.42,5.38,0.02,0.3717,2646861.14,1429642.027
20240513,5.41,5.4,5.43,5.36,0.01,0.1852,2390939.56,1289851.74
20240514,5.37,5.41,5.41,5.36,-0.04,-0.7394,2578666.93,1387229.378
20240515,5.38,5.37,5.39,5.36,0.01,0.1862,1427081.45,766846.437
20240516,5.41,5.37,5.42,5.36,0.03,0.5576,2971888.55,1603335.346
20240517,5.47,5.41,5.47,5.39,0.06,1.1091,3830016.26,2079470.08
20240520,5.46,5.47,5.53,5.44,-0.01,-0.1828,3318202.67,1817190.585
20240521,5.5,5.46,5.51,5.44,0.04,0.7326,2736760.42,1498524.386
20240522,5.51,5.5,5.54,5.49,0.01,0.1818,2458440.77,1356650.24
20240523,5.49,5.52,5.53,5.47,-0.02,-0.363,2241625.38,1231956.387
20240524,5.44,5.49,5.51,5.44,-0.05,-0.9107,2261860.85,1238699.584
20240527,5.48,5.45,5.49,5.44,0.04,0.7353,2155681.86,1178996.874
20240528,5.49,5.48,5.51,5.46,0.01,0.1825,1957240.15,1074148.916
20240529,5.47,5.49,5.51,5.45,-0.02,-0.3643,2277199.46,1247889.692
20240530,5.44,5.47,5.48,5.42,-0.03,-0.5484,2239850.68,1219754.897
20240531,5.43,5.45,5.47,5.43,-0.01,-0.1838,2037423.14,1110323.552
