trade_date,close,open,high,low,change,pct_chg,vol,amount
20110105,11.24,11.24,11.31,11.18,-0.15,-1.32,209086.82,234787.257
20110106,11.14,11.24,11.3,11.1,-0.1,-0.89,154700.66,172780.571
20110107,11.18,11.12,11.35,11.07,0.04,0.36,237501.64,266230.759
20110110,11.11,11.18,11.25,11.1,-0.07,-0.63,189929.55,211746.638
20110111,11.23,11.11,11.3,11.02,0.12,1.08,268460.3,299076.172
20110112,11.24,11.28,11.31,11.17,0.01,0.09,203994.28,229360.854
20110113,11.39,11.29,11.49,11.2,0.15,1.33,384909.21,437325.872
20110114,11.42,11.33,11.46,11.18,0.03,0.26,339066.56,384222.17
20110117,11.4,11.4,11.52,11.23,-0.02,-0.18,514634.37,586535.253
20110118,11.24,11.3,11.45,11.18,-0.16,-1.4,223802.72,252101.143
20110119,11.37,11.24,11.41,11.2,0.13,1.16,249592.46,282591.498
20110120,11.02,11.36,11.36,10.99,-0.35,-3.08,301851.21,336315.456
20110121,11.12,10.97,11.27,10.92,0.1,0.91,231964.64,258062.382
20110124,11.28,11.12,11.44,11.1,0.16,1.44,319261.29,360882.484
20110125,11.19,11.24,11.37,11.15,-0.09,-0.8,173551.06,195433.944
20110126,11.22,11.2,11.28,11.12,0.03,0.27,108769.85,121657.794
20110127,11.36,11.17,11.42,11.13,0.14,1.25,287113.0,323818.374
20110128,11.28,11.3,11.35,11.22,-0.08,-0.7,152348.39,171756.393
20110131,11.42,11.33,11.45,11.28,0.14,1.24,276653.42,314901.821
20110201,11.68,11.49,11.75,11.44,0.26,2.28,477718.27,556522.873
20110209,11.46,11.53,11.66,11.42,-0.22,-1.88,281910.77,325260.264
20110210,11.53,11.44,11.54,11.39,0.07,0.61,208417.39,238609.471
20110211,11.45,11.51,11.52,11.4,-0.08,-0.69,314725.18,360280.659
20110214,11.68,11.44,11.76,11.42,0.23,2.01,570927.84,661404.164
20110215,11.71,11.65,11.9,11.6,0.03,0.26,609934.23,715641.871
20110216,11.7,11.68,11.73,11.57,-0.01,-0.09,305736.41,356428.495
20110217,11.69,11.73,11.84,11.61,-0.01,-0.09,344596.39,403907.429
20110218,11.58,11.72,11.74,11.52,-0.11,-0.94,272611.22,316316.216
20110221,11.71,11.62,11.75,11.51,0.13,1.12,578343.54,672049.424
20110222,11.59,11.86,11.97,11.48,-0.12,-1.02,907925.94,1064646.36
20110223,11.45,11.58,11.59,11.4,-0.14,-1.21,477036.45,547595.914
20110224,11.53,11.52,11.71,11.46,0.08,0.7,459697.33,530829.532
20110225,11.41,11.5,11.52,11.33,-0.12,-1.04,331222.3,378144.53
20110228,11.41,11.41,11.45,11.31,0.0,0.0,386339.54,439405.577
20110301,11.45,11.41,11.47,11.36,0.04,0.35,337910.94,385830.697
20110302,11.49,11.43,11.56,11.4,0.04,0.35,401109.82,461182.453
20110303,11.65,11.56,11.75,11.47,0.16,1.39,734276.33,852101.316
20110304,11.79,11.63,11.82,11.57,0.14,1.2,796037.35,931699.206
20110307,12.1,11.81,12.24,11.8,0.31,2.63,1233940.43,1489355.304
20110308,12.08,12.05,12.16,11.94,-0.02,-0.17,522971.55,629849.833
20110309,12.0,12.07,12.11,11.98,-0.08,-0.66,314415.99,378348.601
20110310,11.92,12.0,12.07,11.84,-0.08,-0.67,467189.66,556307.438
20110311,11.84,11.82,11.98,11.78,-0.08,-0.67,299672.3,355245.703
20110314,11.69,11.78,11.8,11.65,-0.15,-1.27,378852.91,444410.872
20110315,11.54,11.62,11.68,11.4,-0.15,-1.28,436374.71,502403.665
20110316,11.55,11.5,11.61,11.46,0.01,0.09,266041.73,306984.114
20110317,11.64,11.5,11.8,11.45,0.09,0.78,441385.31,513170.155
20110318,11.57,11.76,11.85,11.51,-0.07,-0.6,323847.58,380006.037
20110321,11.75,11.73,11.86,11.68,0.18,1.56,316118.8,372038.269
20110322,11.76,11.83,11.84,11.68,0.01,0.09,231929.97,272687.69
20110323,11.79,11.8,11.81,11.72,0.03,0.26,215818.48,254103.441
20110324,11.93,11.78,12.15,11.77,0.14,1.19,744793.16,893158.952
20110325,11.94,11.91,12.02,11.9,0.01,0.08,328461.69,393184.606
20110328,11.99,11.95,12.12,11.92,0.05,0.42,445265.65,535628.936
20110329,11.87,11.95,12.11,11.73,-0.12,-1.0,393069.22,467155.938
20110330,11.94,11.83,12.0,11.79,0.07,0.59,421872.7,501743.803
20110331,11.9,11.93,11.95,11.74,-0.04,-0.34,291056.98,344752.12
20110401,12.0,11.96,12.03,11.84,0.1,0.84,340927.11,407479.687
20110406,12.15,12.02,12.17,11.97,0.15,1.25,594583.36,717727.86
20110407,12.11,12.17,12.19,12.05,-0.04,-0.33,496070.45,601654.629
20110408,12.17,12.1,12.22,12.07,0.06,0.5,349862.89,425234.986
20110411,12.18,12.2,12.41,12.16,0.01,0.08,550887.17,677448.416
20110412,12.05,12.11,12.2,11.88,-0.13,-1.07,452208.71,545788.497
20110413,12.02,11.95,12.03,11.87,-0.03,-0.25,395998.44,472653.712
20110414,12.02,12.02,12.1,11.93,0.0,0.0,346919.88,416707.251
20110415,12.02,12.0,12.1,11.94,0.0,0.0,201732.05,242104.585
20110418,12.11,12.0,12.23,11.98,0.09,0.75,476249.04,578129.665
20110419,11.86,12.05,12.06,11.86,-0.25,-2.06,281498.82,336483.449
20110420,11.9,11.94,11.98,11.83,0.04,0.34,183468.55,218404.755
20110421,11.95,11.98,12.02,11.89,0.05,0.42,209952.25,251130.389
20110422,11.89,11.95,11.99,11.87,-0.06,-0.5,231277.38,275777.167
20110425,11.78,11.83,11.91,11.77,-0.11,-0.93,202310.95,239181.264
20110426,11.72,11.8,11.86,11.66,-0.06,-0.51,173563.46,204288.13
20110427,11.68,11.74,11.8,11.65,-0.04,-0.34,171315.32,200877.72
20110428,11.68,11.76,11.82,11.66,0.0,0.0,225228.71,264491.363
20110429,11.71,11.71,11.77,11.65,0.03,0.26,238881.62,279396.514
20110503,11.72,11.71,11.74,11.61,0.01,0.09,219030.2,255537.586
20110504,11.46,11.67,11.68,11.45,-0.26,-2.22,264093.05,305029.541
20110505,11.4,11.42,11.5,11.35,-0.06,-0.52,237014.47,270428.317
20110506,11.15,11.19,11.25,11.08,-0.25,-2.19,312297.26,348572.723
20110509,11.15,11.15,11.22,11.1,0.0,0.0,219417.63,244771.132
20110510,11.2,11.19,11.21,11.15,0.05,0.45,123567.68,138177.575
20110511,11.18,11.2,11.23,11.16,-0.02,-0.18,131093.75,146736.674
20110512,11.03,11.1,11.12,11.02,-0.15,-1.34,203902.27,225747.191
20110513,11.13,11.08,11.15,11.0,0.1,0.91,148274.14,164264.429
20110516,11.05,11.1,11.14,11.03,-0.08,-0.72,103858.95,115106.468
20110517,11.02,11.05,11.09,10.98,-0.03,-0.27,161101.89,177743.707
20110519,11.04,11.07,11.11,11.02,0.02,0.18,143786.82,159183.779
20110520,11.08,11.04,11.12,11.03,0.04,0.36,119743.15,132600.781
20110523,10.87,11.08,11.1,10.8,-0.21,-1.9,211706.51,231668.964
20110524,10.66,10.86,10.9,10.62,-0.21,-1.93,271187.72,290307.305
20110525,10.84,10.69,10.85,10.61,0.18,1.69,436647.84,469442.809
20110526,10.88,10.81,11.04,10.8,0.04,0.37,193123.64,211039.504
20110527,10.97,10.98,11.12,10.92,0.09,0.83,278215.21,306926.189
20110530,10.98,10.98,11.07,10.88,0.01,0.09,172252.14,188961.968
20110531,11.01,10.98,11.05,10.95,0.03,0.27,169324.99,186287.328
20110601,10.86,10.89,10.89,10.74,0.03,0.28,221510.66,239557.178
20110602,10.7,10.78,10.84,10.66,-0.16,-1.47,137335.71,147188.669
20110603,10.71,10.71,10.74,10.64,0.01,0.09,128945.42,137857.098
20110607,10.83,10.71,10.85,10.64,0.12,1.12,316066.77,340094.422
20110608,10.84,10.78,10.89,10.68,0.01,0.09,159885.55,172817.08
20110609,10.81,10.82,10.9,10.69,-0.03,-0.28,170224.95,183329.019
20110610,10.83,10.78,10.87,10.75,0.02,0.19,158002.26,170747.496
20110613,10.82,10.8,10.84,10.6,-0.01,-0.09,242111.11,258322.508
20110614,10.87,10.74,10.88,10.71,0.05,0.46,222941.98,241326.647
20110615,10.92,10.83,10.95,10.81,0.05,0.46,281141.95,306176.006
20110616,10.72,10.82,10.91,10.68,-0.2,-1.83,130749.94,141201.33
20110617,10.77,10.75,10.83,10.7,0.05,0.47,132395.81,142864.479
20110620,10.66,10.75,10.77,10.65,-0.11,-1.02,103765.13,110863.805
20110621,10.67,10.73,10.73,10.61,0.01,0.09,138826.27,147992.119
20110622,10.69,10.67,10.71,10.61,0.02,0.19,127869.89,136383.028
20110623,10.74,10.67,10.75,10.61,0.05,0.47,182499.52,194604.644
20110624,10.82,10.68,10.87,10.65,0.08,0.74,414111.01,446071.276
20110627,10.82,10.81,10.86,10.78,0.0,0.0,367354.23,397561.753
20110628,10.76,10.82,10.82,10.7,-0.06,-0.55,201671.79,216886.036
20110629,10.78,10.79,10.89,10.74,0.02,0.19,226609.54,245287.431
20110630,10.89,10.83,10.95,10.79,0.11,1.02,212436.85,231169.099
20110701,10.83,10.9,10.91,10.82,-0.06,-0.55,137434.54,149306.507
20110704,10.95,10.88,10.98,10.85,0.12,1.11,337457.7,368063.396
20110705,10.93,10.95,10.97,10.89,-0.02,-0.18,224852.1,245784.066
20110706,11.06,10.93,11.08,10.76,0.13,1.19,609043.79,664132.855
20110707,10.94,11.0,11.02,10.88,-0.12,-1.09,304129.95,332516.221
20110708,10.88,10.93,10.96,10.85,-0.06,-0.55,164408.7,179161.401
20110711,10.88,10.85,10.89,10.82,0.0,0.0,104137.97,113202.869
20110712,10.72,10.85,10.85,10.7,-0.16,-1.47,177248.19,190805.766
20110713,10.76,10.71,10.78,10.71,0.04,0.37,138143.15,148557.907
20110714,10.79,10.77,10.81,10.73,0.03,0.28,163786.71,176365.28
20110715,10.76,10.78,10.78,10.71,-0.03,-0.28,169983.82,182662.419
20110718,10.69,10.75,10.78,10.67,-0.07,-0.65,284202.61,304192.357
20110719,10.68,10.65,10.79,10.65,-0.01,-0.09,249197.13,267076.325
20110720,10.7,10.72,10.76,10.67,0.02,0.19,178687.75,191455.767
20110721,10.61,10.74,10.74,10.6,-0.09,-0.84,175563.18,186849.091
20110722,10.58,10.61,10.66,10.58,-0.03,-0.28,181692.12,192909.32
20110725,10.36,10.59,10.6,10.3,-0.22,-2.08,298746.95,311564.136
20110726,10.6,10.35,10.62,10.32,0.24,2.32,259393.29,270695.014
20110727,10.73,10.48,10.79,10.45,0.13,1.23,438355.09,467830.312
20110728,10.79,10.65,10.8,10.5,0.06,0.56,290044.63,309494.007
20110729,10.68,10.71,10.81,10.6,-0.11,-1.02,164479.35,176003.955
20110801,10.65,10.67,10.72,10.62,-0.03,-0.28,78453.17,83665.151
20110802,10.45,10.6,10.63,10.41,-0.2,-1.88,141372.04,148123.47
20110803,10.45,10.43,10.54,10.38,0.0,0.0,168837.98,176338.007
20110804,10.45,10.45,10.49,10.42,0.0,0.0,59052.15,61716.989
20110805,10.18,10.28,10.34,10.14,-0.27,-2.58,247070.88,252584.602
20110808,9.86,10.12,10.23,9.85,-0.32,-3.14,317017.61,316488.886
20110809,9.76,9.79,9.85,9.7,-0.1,-1.01,328979.66,320882.664
20110810,9.85,9.84,10.0,9.81,0.09,0.92,210437.48,207946.881
20110811,9.92,9.78,9.97,9.75,0.07,0.71,143588.64,141764.201
20110812,9.97,9.95,10.04,9.92,0.05,0.5,125303.26,124979.952
20110815,10.04,9.99,10.05,9.92,0.07,0.7,112652.5,112627.238
20110816,9.97,10.05,10.06,9.96,-0.07,-0.7,106505.13,106529.719
20110817,9.96,9.96,10.02,9.93,-0.01,-0.1,73059.7,72767.093
20110818,9.87,9.98,9.99,9.86,-0.09,-0.9,99649.81,98821.238
20110819,9.81,9.8,9.86,9.76,-0.06,-0.61,125938.27,123361.803
20110822,9.77,9.83,9.88,9.75,-0.04,-0.41,90869.21,89095.043
20110823,9.89,9.8,9.89,9.77,0.12,1.23,78144.99,76771.585
20110824,9.84,9.9,9.93,9.82,-0.05,-0.51,87849.25,86852.695
20110825,10.1,9.86,10.14,9.85,0.26,2.64,209476.25,210045.207
20110826,10.04,10.03,10.07,9.98,-0.06,-0.59,166026.12,166180.381
20110829,9.94,9.98,9.99,9.91,-0.1,-1.0,101947.89,101373.144
20110830,9.92,10.0,10.05,9.91,-0.02,-0.2,117636.58,117546.285
20110831,9.88,9.91,9.95,9.85,-0.04,-0.4,118388.17,116990.46
20110901,9.85,9.88,9.93,9.83,-0.03,-0.3,94920.98,93690.724
20110902,9.77,9.85,9.88,9.72,-0.08,-0.81,119489.82,116898.457
20110905,9.6,9.74,9.76,9.58,-0.17,-1.74,172250.76,166185.675
20110906,9.7,9.61,9.84,9.55,0.1,1.04,136465.25,132455.573
20110907,9.79,9.74,9.8,9.66,0.09,0.93,105780.69,102997.816
20110908,9.78,9.84,9.86,9.75,-0.01,-0.1,94997.83,93152.365
20110909,9.81,9.83,9.87,9.78,0.03,0.31,102098.21,100391.485
20110913,9.73,9.76,9.77,9.7,-0.08,-0.82,106254.55,103436.744
20110914,9.8,9.78,9.85,9.69,0.07,0.72,115260.37,112496.54
20110915,9.71,9.7,9.75,9.63,0.07,0.73,125525.24,121582.792
20110916,9.69,9.75,9.78,9.66,-0.02,-0.21,79538.75,77257.294
20110919,9.57,9.68,9.68,9.57,-0.12,-1.24,67005.5,64301.482
20110920,9.63,9.58,9.77,9.56,0.06,0.63,105324.33,101684.258
20110921,9.77,9.65,9.8,9.58,0.14,1.45,140651.52,137002.058
20110922,9.6,9.71,9.76,9.59,-0.17,-1.74,125861.8,121802.528
20110923,9.57,9.53,9.65,9.45,-0.03,-0.31,133669.31,127347.466
20110926,9.63,9.5,9.68,9.46,0.06,0.63,152241.6,145632.963
20110927,9.7,9.66,9.74,9.57,0.07,0.73,116874.69,112890.021
20110928,9.76,9.71,9.79,9.62,0.06,0.62,186631.1,181387.086
20110929,9.81,9.7,9.85,9.67,0.05,0.51,199647.64,194812.992
20110930,9.87,9.78,9.9,9.74,0.06,0.61,190725.83,187564.612
20111010,9.76,9.86,9.86,9.75,-0.11,-1.11,88938.91,87251.353
20111011,9.81,9.85,9.9,9.5,0.05,0.51,211969.29,206528.944
20111012,9.98,9.7,9.99,9.6,0.17,1.73,272835.11,268965.018
20111013,9.99,9.91,10.0,9.8,0.01,0.1,253651.9,251406.166
20111014,9.89,9.94,9.95,9.82,-0.1,-1.0,93838.96,92737.337
20111017,9.92,9.88,9.93,9.8,0.03,0.3,187053.14,184392.172
20111018,9.73,9.86,9.86,9.72,-0.19,-1.92,103539.56,101286.564
20111019,9.74,9.76,9.78,9.72,0.01,0.1,75872.55,73997.497
20111021,9.65,9.68,9.72,9.55,-0.09,-0.92,132754.84,128099.39
20111024,9.83,9.65,9.86,9.63,0.18,1.87,175231.32,170992.435
20111025,9.86,9.8,9.89,9.77,0.03,0.31,143305.8,141018.447
20111026,9.88,9.83,9.92,9.81,0.02,0.2,206700.42,204263.805
20111027,9.89,9.88,9.98,9.87,0.01,0.1,152141.76,150792.461
20111028,9.98,9.96,10.03,9.91,0.09,0.91,212704.08,212021.204
20111031,9.88,9.98,9.98,9.85,-0.1,-1.0,119352.64,118253.158
20111101,9.89,9.85,10.02,9.84,0.01,0.1,156691.26,155594.164
20111102,9.96,9.81,9.98,9.79,0.07,0.71,147457.41,145502.947
20111103,9.96,9.96,10.03,9.92,0.0,0.0,230912.71,230291.176
20111104,10.11,10.02,10.13,10.0,0.15,1.51,274699.55,276808.486
20111107,10.04,10.08,10.15,10.03,-0.07,-0.69,163861.95,165240.417
20111108,10.13,10.06,10.28,10.03,0.09,0.9,355375.74,361288.26
20111109,10.19,10.19,10.28,10.1,0.06,0.59,181577.38,184788.304
20111110,10.06,10.11,10.23,10.05,-0.13,-1.28,169869.6,171768.574
20111111,10.09,10.1,10.16,10.05,0.03,0.3,102782.94,103845.913
20111114,10.18,10.15,10.26,10.11,0.09,0.89,108462.08,110452.241
20111115,10.12,10.16,10.2,10.09,-0.06,-0.59,73432.98,74334.847
20111116,9.92,10.11,10.14,9.88,-0.2,-1.98,161297.61,161259.266
20111117,9.91,9.92,9.95,9.89,-0.01,-0.1,94072.63,93277.446
20111118,9.81,9.86,9.93,9.79,-0.1,-1.01,92097.28,90571.637
20111121,9.79,9.8,9.81,9.76,-0.02,-0.2,58706.2,57434.319
20111122,9.77,9.78,9.81,9.68,-0.02,-0.2,67297.18,65583.051
20111123,9.7,9.78,9.8,9.69,-0.07,-0.72,61538.53,59818.17
20111124,9.68,9.66,9.75,9.62,-0.02,-0.21,65297.16,63183.199
20111125,9.65,9.68,9.7,9.63,-0.03,-0.31,55771.08,53844.701
20111128,9.72,9.66,9.8,9.65,0.07,0.73,81844.06,79557.15
20111129,9.77,9.74,9.78,9.71,0.05,0.51,58667.69,57148.715
20111130,9.46,9.74,9.76,9.39,-0.31,-3.17,208129.56,198362.244
20111201,9.59,9.6,9.75,9.55,0.13,1.37,174191.22,168010.061
20111202,9.62,9.57,9.66,9.52,0.03,0.31,78279.0,75066.276
20111205,9.66,9.67,9.67,9.55,0.04,0.42,95001.32,91315.95
20111206,9.7,9.63,9.71,9.59,0.04,0.41,78881.53,76212.244
20111207,9.7,9.7,9.73,9.64,0.0,0.0,54759.83,53036.695
20111208,9.68,9.69,9.74,9.61,-0.02,-0.21,56919.12,55057.97
20111209,9.66,9.66,9.73,9.64,-0.02,-0.21,49075.42,47571.275
20111212,9.55,9.66,9.67,9.5,-0.11,-1.14,71209.36,68226.493
20111213,9.56,9.53,9.68,9.48,0.01,0.1,166163.56,158961.694
20111214,9.64,9.53,9.68,9.52,0.08,0.84,143336.15,137774.617
20111215,9.51,9.57,9.6,9.5,-0.13,-1.35,124473.01,118710.729
20111216,9.63,9.51,9.66,9.48,0.12,1.26,123871.48,118171.133
20111219,9.63,9.57,9.66,9.35,0.0,0.0,177219.11,168112.866
20111220,9.68,9.55,9.7,9.54,0.05,0.52,145622.33,140409.849
20111221,9.7,9.69,9.79,9.65,0.02,0.21,149701.27,145495.725
20111222,9.75,9.66,9.81,9.64,0.05,0.52,189099.68,184216.717
20111223,9.83,9.76,9.89,9.71,0.08,0.82,165303.86,162533.477
20111226,9.71,9.76,9.82,9.68,-0.12,-1.22,87350.29,84971.285
20111227,9.68,9.71,9.77,9.59,-0.03,-0.31,138779.05,134068.489
20111228,9.77,9.64,9.78,9.6,0.09,0.93,135471.5,131515.727
20111229,9.79,9.75,9.83,9.73,0.02,0.2,108220.41,105979.46
20111230,9.74,9.79,9.86,9.69,-0.05,-0.51,154728.73,151216.501
20120104,9.75,9.79,9.88,9.7,0.01,0.1,207816.34,203706.453
20120105,9.8,9.72,9.91,9.7,0.05,0.51,159671.41,156441.996
20120106,9.96,9.89,10.04,9.88,0.16,1.63,364555.58,363305.907
20120109,10.03,9.97,10.08,9.85,0.07,0.7,214757.91,214327.598
20120110,10.12,10.01,10.15,9.98,0.09,0.9,267633.89,269910.412
20120111,10.04,10.1,10.21,10.01,-0.08,-0.79,232981.91,235452.743
20120112,10.06,10.02,10.07,9.98,0.02,0.2,149454.62,149802.024
20120113,10.2,10.06,10.28,10.0,0.14,1.39,239409.68,242048.562
20120116,10.09,10.17,10.25,10.06,-0.11,-1.08,179118.31,181443.582
20120117,10.32,10.1,10.35,10.01,0.23,2.28,339480.49,346394.318
20120118,10.22,10.3,10.33,10.1,-0.1,-0.97,182853.75,186637.401
20120119,10.26,10.21,10.3,10.16,0.04,0.39,164460.97,168529.48
20120120,10.26,10.27,10.31,10.22,0.0,0.0,128988.12,132363.866
20120130,10.13,10.3,10.31,10.12,-0.13,-1.27,169649.85,172951.973
20120131,10.21,10.13,10.22,10.13,0.08,0.79,96333.75,98115.511
20120201,10.18,10.19,10.31,10.17,-0.03,-0.29,101152.31,103676.441
20120202,10.21,10.2,10.25,10.14,0.03,0.29,133927.25,136480.336
20120203,10.22,10.21,10.26,10.15,0.01,0.1,113153.94,115491.199
20120206,10.23,10.24,10.26,10.18,0.01,0.1,185295.45,189322.545
20120207,10.09,10.19,10.23,10.04,-0.14,-1.37,124697.81,126137.447
20120208,10.26,10.14,10.34,10.08,0.17,1.68,222340.17,227311.515
20120209,10.29,10.24,10.32,10.19,0.03,0.29,180699.67,185559.638
20120210,10.31,10.25,10.31,10.21,0.02,0.19,165781.96,170128.411
20120213,10.26,10.22,10.32,10.21,-0.05,-0.49,96370.24,98925.326
20120214,10.24,10.25,10.32,10.22,-0.02,-0.19,71005.73,72855.994
20120215,10.25,10.22,10.29,10.17,0.01,0.1,120690.78,123670.868
20120216,10.17,10.26,10.29,10.14,-0.08,-0.78,176446.53,180269.903
20120217,10.18,10.2,10.24,10.15,0.01,0.1,100117.23,101987.335
20120220,10.29,10.24,10.34,10.23,0.11,1.08,226130.82,232694.806
20120221,10.26,10.3,10.32,10.19,-0.03,-0.29,139350.27,142696.7
20120222,10.27,10.26,10.28,10.2,0.01,0.1,124621.65,127565.69
20120223,10.31,10.27,10.38,10.23,0.04,0.39,214295.06,220837.414
20120224,10.43,10.35,10.45,10.3,0.12,1.16,280991.21,291547.685
20120227,10.55,10.48,10.74,10.39,0.12,1.15,690500.46,726859.14
20120228,10.6,10.53,10.69,10.46,0.05,0.47,300618.47,317534.646
20120229,10.52,10.56,10.61,10.5,-0.08,-0.75,165723.73,174798.03
20120301,10.44,10.46,10.54,10.42,-0.08,-0.76,137986.1,144518.146
20120302,10.59,10.47,10.64,10.45,0.15,1.44,245766.22,259610.674
20120305,10.47,10.55,10.61,10.45,-0.12,-1.13,204206.65,215039.801
20120306,10.32,10.45,10.51,10.29,-0.15,-1.43,172105.54,178693.549
20120307,10.28,10.29,10.45,10.26,-0.04,-0.39,115854.54,119617.57
20120308,10.33,10.31,10.37,10.28,0.05,0.49,117694.91,121417.032
20120309,10.33,10.34,10.36,10.25,0.0,0.0,123344.46,127174.114
20120312,10.28,10.3,10.34,10.26,-0.05,-0.48,185202.63,190561.352
20120313,10.37,10.25,10.39,10.25,0.09,0.88,158367.24,163765.707
20120314,10.18,10.39,10.44,10.17,-0.19,-1.83,266292.1,274361.449
20120315,10.23,10.18,10.3,10.16,0.05,0.49,183269.03,187695.614
20120316,10.3,10.22,10.31,10.21,0.07,0.68,112794.97,115668.358
20120319,10.26,10.32,10.33,10.22,-0.04,-0.39,106744.25,109487.056
20120320,10.21,10.32,10.33,10.21,-0.05,-0.49,165983.3,170315.466
20120321,10.1,10.2,10.25,10.03,-0.11,-1.08,189853.61,192359.073
20120322,10.05,10.09,10.1,10.02,-0.05,-0.5,113022.01,113685.699
20120323,10.04,10.05,10.07,9.98,-0.01,-0.1,130125.61,130402.831
20120326,10.05,10.04,10.09,10.02,0.01,0.1,64312.26,64624.09
20120327,10.03,10.06,10.08,10.0,-0.02,-0.2,78409.5,78742.33
20120328,9.87,10.02,10.05,9.85,-0.16,-1.6,130608.72,129956.785
20120329,9.71,9.87,9.9,9.67,-0.16,-1.62,168075.89,164002.54
20120330,9.69,9.74,9.75,9.63,-0.02,-0.21,126147.23,121995.055
20120405,9.72,9.7,9.73,9.61,0.03,0.31,166208.14,160785.973
20120406,9.71,9.72,9.73,9.66,-0.01,-0.1,87041.67,84357.678
20120409,9.62,9.7,9.71,9.6,-0.09,-0.93,109339.47,105256.744
20120410,9.66,9.6,9.67,9.55,0.04,0.42,98430.03,94617.751
20120411,9.7,9.63,9.7,9.57,0.04,0.41,132845.48,128127.646
20120412,9.85,9.71,9.87,9.65,0.15,1.55,191961.6,187105.969
20120413,9.81,9.85,9.85,9.77,-0.04,-0.41,125390.2,123013.341
20120416,9.79,9.78,9.81,9.75,-0.02,-0.2,100418.91,98173.017
20120417,9.79,9.79,9.84,9.75,0.0,0.0,87933.56,86108.484
20120418,9.89,9.8,9.95,9.75,0.1,1.02,134654.57,132604.572
20120419,9.87,9.86,9.91,9.83,-0.02,-0.2,108221.06,106677.234
20120420,9.95,9.85,9.97,9.84,0.08,0.81,135411.36,134219.663
20120423,9.85,9.94,9.95,9.85,-0.1,-1.01,104504.53,103393.988
20120424,9.86,9.9,10.0,9.79,0.01,0.1,166806.2,164890.869
20120425,9.92,9.83,9.95,9.8,0.06,0.61,159111.21,157339.904
20120426,9.91,9.9,9.94,9.88,-0.01,-0.1,95930.83,94991.221
20120427,9.93,9.9,9.96,9.89,0.02,0.2,124135.25,123328.138
20120502,10.14,10.01,10.17,10.0,0.21,2.11,304747.54,307265.281
20120503,10.11,10.13,10.15,10.06,-0.03,-0.3,132267.26,133713.303
20120504,10.08,10.1,10.16,10.05,-0.03,-0.3,145425.42,146746.13
20120507,9.98,10.05,10.07,9.9,-0.1,-0.99,252220.07,251026.912
20120508,9.93,9.98,9.98,9.89,-0.05,-0.5,167374.17,166081.8
20120509,9.73,9.9,9.91,9.7,-0.2,-2.01,290833.95,284310.074
20120510,9.66,9.75,9.76,9.63,-0.07,-0.72,348392.03,337398.854
20120511,9.66,9.67,9.68,9.62,0.0,0.0,230953.71,222719.451
20120514,9.65,9.69,9.71,9.64,-0.01,-0.1,196804.94,190403.07
20120515,9.6,9.63,9.63,9.53,-0.05,-0.52,288845.61,276474.257
20120516,9.52,9.58,9.58,9.5,-0.08,-0.83,253844.94,242092.979
20120517,9.61,9.53,9.66,9.51,0.09,0.95,324407.37,310360.583
20120518,9.51,9.57,9.57,9.48,-0.1,-1.04,210763.81,200607.821
20120521,9.52,9.51,9.55,9.48,0.01,0.11,133679.33,127229.414
20120522,9.56,9.55,9.58,9.53,0.04,0.42,148822.25,142320.017
20120524,9.51,9.52,9.55,9.49,-0.05,-0.52,142021.04,135112.704
20120525,9.48,9.52,9.52,9.46,-0.03,-0.32,125364.96,118906.162
20120528,9.56,9.46,9.6,9.43,0.08,0.84,152480.91,144778.414
20120529,9.58,9.55,9.61,9.53,0.02,0.21,231090.62,221204.785
20120530,9.55,9.58,9.58,9.49,-0.03,-0.31,209053.1,199064.85
20120531,9.45,9.5,9.5,9.43,-0.1,-1.05,212802.79,201153.624
20120601,9.46,9.45,9.5,9.43,0.01,0.11,146279.07,138373.391
20120604,9.3,9.4,9.4,9.29,-0.16,-1.69,270329.96,252352.486
20120605,9.33,9.33,9.36,9.31,0.03,0.32,123550.0,115327.747
20120606,9.33,9.34,9.37,9.3,0.0,0.0,153550.1,143358.078
20120607,9.13,9.28,9.28,9.13,-0.04,-0.44,104627.06,96148.194
20120608,9.11,9.16,9.18,9.04,-0.02,-0.22,148867.86,135682.11
20120611,9.21,9.11,9.27,9.09,0.1,1.1,139461.79,128452.466
20120612,9.17,9.18,9.24,9.08,-0.04,-0.43,123201.99,112632.67
20120613,9.19,9.17,9.2,9.1,0.02,0.22,96092.21,87972.895
20120614,9.18,9.19,9.22,9.15,-0.01,-0.11,90806.51,83317.011
20120615,9.21,9.19,9.25,9.18,0.03,0.33,144839.14,133589.88
20120618,9.24,9.23,9.3,9.2,0.03,0.33,122681.35,113544.379
20120619,9.19,9.24,9.24,9.17,-0.05,-0.54,62398.67,57368.844
20120620,9.26,9.2,9.27,9.18,0.07,0.76,133935.07,123782.19
20120621,9.12,9.22,9.23,9.11,-0.14,-1.51,116621.65,106789.025
20120625,9.08,9.1,9.17,9.07,-0.04,-0.44,88627.91,80832.844
20120626,9.04,9.07,9.07,9.01,-0.04,-0.44,86871.78,78530.261
20120627,9.03,9.04,9.13,9.0,-0.01,-0.11,120326.29,109060.184
20120628,8.98,9.04,9.06,8.98,-0.05,-0.55,97899.22,88178.685
20120629,9.05,8.98,9.06,8.95,0.07,0.78,126127.9,113644.33
20120702,9.06,9.11,9.11,9.03,0.01,0.11,114916.32,104187.933
20120703,9.12,9.06,9.15,9.04,0.06,0.66,104781.56,95545.436
20120704,9.07,9.15,9.17,9.05,-0.05,-0.55,78841.18,71751.258
20120705,9.09,9.11,9.14,9.01,0.02,0.22,126302.66,114624.999
20120706,9.11,9.11,9.12,9.01,0.02,0.22,98274.91,89105.177
20120709,8.86,9.07,9.09,8.8,-0.25,-2.74,179790.19,160713.446
20120710,8.96,8.84,9.08,8.81,0.1,1.13,176424.58,157466.443
20120711,8.97,8.91,9.02,8.87,0.01,0.11,126505.58,112992.431
20120712,8.93,8.98,9.03,8.75,-0.04,-0.45,236982.63,210913.908
20120713,8.95,8.93,8.97,8.87,0.02,0.22,96772.25,86390.232
20120716,8.91,8.95,8.98,8.88,-0.04,-0.45,130493.97,116491.059
20120717,8.92,8.9,8.95,8.89,0.01,0.11,59208.95,52848.165
20120718,8.93,8.9,8.95,8.89,0.01,0.11,78775.85,70297.59
20120719,9.0,8.93,9.02,8.92,0.07,0.78,152361.64,136996.957
20120720,8.98,9.0,9.01,8.94,-0.02,-0.22,95110.75,85328.162
20120723,8.88,8.95,8.95,8.86,-0.1,-1.11,69297.22,61642.923
20120724,8.86,8.86,8.91,8.84,-0.02,-0.23,69091.64,61274.068
20120725,8.87,8.85,8.88,8.82,0.01,0.11,57532.74,50904.589
20120726,8.82,8.86,8.89,8.81,-0.05,-0.56,66090.89,58474.058
20120727,8.89,8.85,8.9,8.83,0.07,0.79,87938.25,77933.073
20120730,8.85,8.89,8.9,8.82,-0.04,-0.45,75857.76,67302.939
20120731,8.86,8.86,8.96,8.85,0.01,0.11,121359.06,107982.557
20120801,8.91,8.88,8.93,8.87,0.05,0.56,70580.05,62844.638
20120802,8.91,8.9,8.92,8.87,0.0,0.0,59304.71,52760.43
20120803,9.02,8.9,9.03,8.88,0.11,1.23,120109.36,107721.736
20120806,9.02,9.0,9.05,9.0,0.0,0.0,108256.98,97771.193
20120807,9.01,9.02,9.04,8.99,-0.01,-0.11,98818.43,89051.784
20120808,9.02,9.03,9.04,8.98,0.01,0.11,119223.03,107412.588
20120809,9.03,9.03,9.04,8.98,0.01,0.11,65734.22,59278.77
20120810,9.0,9.05,9.05,9.0,-0.03,-0.33,61306.12,55294.249
20120813,8.98,8.98,9.0,8.94,-0.02,-0.22,91872.56,82459.006
20120814,8.98,8.99,9.02,8.96,0.0,0.0,68713.4,61794.646
20120815,8.91,8.98,8.99,8.9,-0.07,-0.78,61640.66,55075.958
20120816,8.91,8.89,8.94,8.88,0.0,0.0,39063.29,34827.271
20120817,8.96,8.91,9.0,8.91,0.05,0.56,105833.12,94884.536
20120820,8.91,8.93,8.96,8.87,-0.05,-0.56,53158.54,47309.949
20120821,8.93,8.9,8.95,8.87,0.02,0.22,86372.89,76949.498
20120822,8.92,8.93,8.93,8.87,-0.01,-0.11,64125.89,57022.841
20120823,8.88,8.9,8.93,8.84,-0.04,-0.45,116986.7,103988.377
20120824,8.85,8.88,8.88,8.83,-0.03,-0.34,89897.43,79586.162
20120827,8.77,8.82,8.84,8.77,-0.08,-0.9,98523.85,86657.674
20120828,8.95,8.75,9.08,8.72,0.18,2.05,262205.03,233733.425
20120829,8.81,8.9,8.96,8.79,-0.14,-1.56,136261.63,121105.689
20120830,8.87,8.78,8.88,8.78,0.06,0.68,73889.64,65306.92
20120831,8.81,8.83,8.91,8.8,-0.06,-0.68,79439.3,70267.186
20120903,8.81,8.84,8.85,8.79,0.0,0.0,129663.01,114356.683
20120904,8.78,8.81,8.85,8.76,-0.03,-0.34,94978.65,83578.811
20120905,8.77,8.76,8.81,8.74,-0.01,-0.11,58793.31,51531.758
20120906,8.78,8.77,8.8,8.75,0.01,0.11,79103.44,69370.967
20120907,9.0,8.8,9.03,8.8,0.22,2.51,269292.32,240745.601
20120910,8.99,9.01,9.02,8.93,-0.01,-0.11,135371.79,121479.696
20120911,8.91,9.0,9.0,8.88,-0.08,-0.89,117088.03,104430.305
20120912,8.93,8.94,8.96,8.88,0.02,0.22,87337.03,77861.193
20120913,8.89,8.92,8.94,8.88,-0.04,-0.45,72449.32,64515.612
20120914,8.95,8.93,8.98,8.9,0.06,0.67,120041.87,107413.146
20120917,8.89,8.95,8.97,8.89,-0.06,-0.67,107192.94,95752.31
20120918,8.78,8.75,8.88,8.7,0.04,0.46,125525.01,110286.33
20120919,8.78,8.8,8.82,8.73,0.0,0.0,93906.35,82390.765
20120920,8.63,8.74,8.76,8.62,-0.15,-1.71,124147.61,107841.661
20120921,8.67,8.63,8.72,8.62,0.04,0.46,109747.95,95180.169
20120924,8.62,8.63,8.69,8.6,-0.05,-0.58,93031.01,80244.076
20120925,8.66,8.63,8.68,8.61,0.04,0.46,71555.9,61901.181
20120926,8.52,8.68,8.69,8.47,-0.14,-1.62,106297.79,91028.115
20120927,8.72,8.52,8.96,8.5,0.2,2.35,172192.84,149903.801
20120928,8.78,8.69,8.8,8.65,0.06,0.69,118788.68,103716.583
20121008,8.72,8.78,8.83,8.7,-0.06,-0.68,72629.01,63511.891
20121009,8.83,8.76,8.88,8.74,0.11,1.26,164978.03,145763.71
20121010,8.85,8.83,8.87,8.81,0.02,0.23,78099.52,69065.045
20121011,8.82,8.84,8.86,8.8,-0.03,-0.34,73843.29,65188.815
20121012,8.85,8.85,8.95,8.81,0.03,0.34,100186.58,88842.991
20121015,8.86,8.85,8.87,8.81,0.01,0.11,62148.19,54951.331
20121016,8.87,8.86,8.89,8.81,0.01,0.11,92205.87,81784.679
20121017,8.97,8.88,9.0,8.87,0.1,1.13,175474.49,157066.313
20121018,8.99,8.98,9.06,8.96,0.02,0.22,217040.12,195784.047
20121019,8.94,8.97,9.03,8.93,-0.05,-0.56,170465.93,152852.387
20121022,8.85,8.91,8.95,8.77,-0.09,-1.01,320474.82,282710.535
20121023,8.84,8.84,8.86,8.8,-0.01,-0.11,112812.05,99616.034
20121024,8.84,8.82,8.86,8.8,0.0,0.0,80180.18,70825.705
20121025,8.82,8.83,8.87,8.81,-0.02,-0.23,96945.06,85765.312
20121026,8.73,8.81,8.83,8.7,-0.09,-1.02,145830.83,127921.397
20121029,8.71,8.74,8.77,8.7,-0.02,-0.23,51931.12,45302.313
20121030,8.74,8.72,8.79,8.69,0.03,0.34,101329.22,88530.05
20121031,8.68,8.71,8.73,8.63,-0.06,-0.69,98132.41,85109.888
20121101,8.74,8.68,8.79,8.67,0.06,0.69,142744.86,124717.445
20121102,8.78,8.75,8.79,8.71,0.04,0.46,121324.47,106205.573
20121105,8.79,8.76,8.8,8.73,0.01,0.11,131833.82,115607.859
20121106,8.78,8.8,8.8,8.69,-0.01,-0.11,105454.72,92351.237
20121107,8.82,8.77,8.85,8.75,0.04,0.46,94526.62,83074.816
20121108,8.72,8.78,8.84,8.7,-0.1,-1.13,113072.99,99177.832
20121109,8.69,8.69,8.74,8.68,-0.03,-0.34,72603.36,63220.45
20121112,8.75,8.69,8.76,8.67,0.06,0.69,69468.52,60511.498
20121113,8.63,8.74,8.74,8.61,-0.12,-1.37,90687.35,78443.891
20121114,8.66,8.64,8.7,8.63,0.03,0.35,104229.96,90343.979
20121115,8.61,8.63,8.72,8.6,-0.05,-0.58,113682.07,98529.757
20121116,8.57,8.6,8.64,8.49,-0.04,-0.46,125172.79,107023.147
20121119,8.56,8.57,8.59,8.52,-0.01,-0.12,60897.17,52109.533
20121120,8.54,8.57,8.6,8.53,-0.02,-0.23,35816.27,30647.523
20121121,8.59,8.54,8.62,8.5,0.05,0.59,95667.84,81978.701
20121122,8.51,8.57,8.59,8.49,-0.08,-0.93,86713.24,73986.975
20121123,8.52,8.53,8.56,8.51,0.01,0.12,55991.17,47800.277
20121126,8.51,8.51,8.54,8.51,-0.01,-0.12,67443.99,57486.873
20121127,8.56,8.51,8.61,8.5,0.05,0.59,125892.49,107592.744
20121128,8.52,8.54,8.58,8.48,-0.04,-0.47,141068.31,120279.72
20121129,8.5,8.52,8.54,8.48,-0.02,-0.23,66512.76,56621.65
20121130,8.47,8.49,8.51,8.44,-0.03,-0.35,109697.77,92986.403
20121203,8.47,8.47,8.51,8.45,0.0,0.0,77628.42,65898.528
20121204,8.58,8.49,8.69,8.46,0.11,1.3,132574.81,113068.894
20121205,8.69,8.58,8.71,8.53,0.11,1.28,371943.75,321378.662
20121206,8.67,8.68,8.69,8.63,-0.02,-0.23,190169.85,164668.943
20121207,8.71,8.66,8.75,8.63,0.04,0.46,205627.55,178566.653
20121210,8.73,8.72,8.75,8.68,0.02,0.23,189639.66,165334.369
20121211,8.69,8.71,8.71,8.65,-0.04,-0.46,123591.04,107320.359
20121212,8.73,8.68,8.74,8.67,0.04,0.46,113704.74,99057.662
20121213,8.68,8.71,8.72,8.66,-0.05,-0.57,77209.71,67063.528
20121214,8.9,8.69,8.91,8.68,0.22,2.53,339301.56,299737.335
20121217,8.91,8.9,8.96,8.86,0.01,0.11,301693.32,268917.742
20121218,8.91,8.9,8.94,8.82,0.0,0.0,235775.68,209380.356
20121219,8.9,8.9,8.95,8.87,-0.01,-0.11,201194.54,179319.91
20121220,8.9,8.88,8.96,8.87,0.0,0.0,155594.34,138867.136
20121221,8.82,8.91,8.95,8.79,-0.08,-0.9,199132.9,176368.766
20121224,8.8,8.82,8.86,8.79,-0.02,-0.23,156986.47,138388.206
20121225,8.97,8.8,9.01,8.75,0.17,1.93,365421.05,324743.979
20121226,8.96,8.97,8.99,8.92,-0.01,-0.11,192071.78,171918.182
20121227,8.92,8.97,9.03,8.91,-0.04,-0.45,190129.86,170201.955
20121228,8.97,8.94,8.98,8.89,0.05,0.56,221702.15,198085.118
20121231,9.04,8.98,9.07,8.93,0.07,0.78,381995.98,343704.07
20130104,9.05,9.04,9.08,8.99,0.01,0.11,282630.07,255609.258
20130107,9.05,9.04,9.11,9.02,0.0,0.0,310925.81,282120.901
20130108,9.02,9.05,9.14,8.99,-0.03,-0.33,262678.37,237897.84
20130109,9.02,9.01,9.05,8.98,0.0,0.0,185473.63,167112.971
20130110,9.0,9.02,9.04,8.96,-0.02,-0.22,246065.82,221510.395
20130111,8.91,9.0,9.02,8.89,-0.09,-1.0,203385.31,181988.762
20130114,9.03,8.9,9.04,8.86,0.12,1.35,283123.96,254068.796
20130115,9.03,9.04,9.06,9.0,0.0,0.0,254686.01,229931.294
20130116,8.97,9.04,9.04,8.91,-0.06,-0.66,330664.04,296503.242
20130117,8.91,8.98,8.98,8.9,-0.06,-0.67,163535.25,146053.299
20130118,9.0,8.95,9.03,8.92,0.09,1.01,195681.14,175514.666
20130121,9.11,9.03,9.16,9.02,0.11,1.22,477837.23,434977.904
20130122,9.01,9.11,9.11,8.98,-0.1,-1.1,411638.28,371457.634
20130123,9.04,9.01,9.06,8.98,0.03,0.33,238574.47,215226.905
20130124,9.04,9.03,9.14,9.01,0.0,0.0,432792.83,392616.755
20130125,9.0,9.03,9.05,8.98,-0.04,-0.44,183929.09,165765.969
20130128,9.07,9.01,9.1,8.99,0.07,0.78,328325.61,296966.393
20130129,9.07,9.06,9.08,9.02,0.0,0.0,308652.73,279014.788
20130130,9.35,9.07,9.36,9.04,0.28,3.09,980160.15,903929.893
20130131,9.26,9.35,9.36,9.2,-0.09,-0.96,559376.91,518104.387
20130201,9.29,9.24,9.39,9.16,0.03,0.32,484628.47,448728.316
20130204,9.36,9.3,9.5,9.26,0.07,0.75,608386.04,570900.573
20130205,9.32,9.3,9.38,9.24,-0.04,-0.43,413644.92,384699.54
20130206,9.27,9.31,9.36,9.24,-0.05,-0.54,339574.09,315192.784
20130207,9.26,9.27,9.29,9.22,-0.01,-0.11,301856.96,279389.438
20130208,9.33,9.26,9.34,9.25,0.07,0.76,379659.24,353327.554
20130218,9.4,9.36,9.46,9.3,0.07,0.75,456843.44,429022.589
20130219,9.28,9.39,9.43,9.25,-0.12,-1.28,318492.4,297507.691
20130220,9.3,9.28,9.35,9.24,0.02,0.22,216817.03,201474.198
20130221,9.05,9.27,9.27,9.04,-0.25,-2.69,357477.41,326515.429
20130222,8.98,9.05,9.09,8.95,-0.07,-0.77,288987.42,259937.909
20130225,9.01,9.03,9.08,8.99,0.03,0.33,188773.34,170377.862
20130226,8.89,8.98,9.0,8.87,-0.12,-1.33,246526.6,220601.852
20130227,8.96,8.89,8.99,8.88,0.07,0.79,207321.16,184955.819
20130228,9.05,8.97,9.1,8.92,0.09,1.0,244701.6,220634.054
20130301,9.01,9.05,9.06,8.98,-0.04,-0.44,165355.36,148975.996
20130304,8.84,9.01,9.01,8.82,-0.17,-1.89,338549.39,301248.307
20130305,8.86,8.84,8.93,8.76,0.02,0.23,254356.66,224993.823
20130306,8.92,8.87,8.92,8.85,0.06,0.68,181087.14,160903.264
20130307,8.85,8.92,8.93,8.8,-0.07,-0.78,285939.8,253027.025
20130308,8.88,8.85,8.92,8.85,0.03,0.34,165996.17,147573.503
20130311,8.88,8.86,8.91,8.83,0.0,0.0,96581.65,85611.886
20130312,8.96,8.89,9.01,8.87,0.08,0.9,271367.6,242431.434
20130313,8.86,8.95,8.98,8.84,-0.1,-1.12,217078.11,193585.632
20130314,8.87,8.81,8.89,8.8,0.01,0.11,145020.87,128138.398
20130315,8.92,8.85,8.95,8.83,0.05,0.56,221844.72,197533.398
20130318,8.84,8.9,8.94,8.84,-0.08,-0.9,182087.96,161733.747
20130319,8.89,8.89,8.9,8.82,0.05,0.57,133977.26,118717.599
20130320,8.95,8.87,8.96,8.83,0.06,0.67,245250.76,218411.536
20130321,8.93,8.95,8.95,8.91,-0.02,-0.22,176614.37,157639.481
20130322,8.89,8.9,8.94,8.86,-0.04,-0.45,211856.94,188506.26
20130325,8.93,8.92,8.98,8.91,0.04,0.45,249869.15,223422.816
20130326,8.83,8.9,8.91,8.79,-0.1,-1.12,185496.08,163804.913
20130327,8.82,8.84,8.88,8.8,-0.01,-0.11,128886.43,113899.605
20130328,8.71,8.8,8.84,8.66,-0.11,-1.25,279152.04,243540.577
20130329,8.69,8.71,8.74,8.66,-0.02,-0.23,114982.07,99977.013
20130401,8.69,8.66,8.7,8.65,0.0,0.0,101724.84,88195.354
20130402,8.73,8.69,8.77,8.67,0.04,0.46,109407.25,95455.604
20130403,8.72,8.74,8.77,8.7,-0.01,-0.11,93451.09,81621.519
20130408,8.61,8.67,8.67,8.56,-0.11,-1.26,163555.55,140689.5
20130409,8.61,8.63,8.65,8.6,0.0,0.0,98813.12,85153.502
20130410,8.65,8.62,8.77,8.59,0.04,0.46,158236.57,137289.02
20130411,8.63,8.7,8.71,8.61,-0.02,-0.23,83731.18,72369.522
20130412,8.63,8.62,8.74,8.59,0.0,0.0,145215.45,125679.793
20130415,8.52,8.6,8.66,8.49,-0.11,-1.27,178234.48,152400.361
20130416,8.53,8.51,8.55,8.45,0.01,0.12,125204.01,106410.422
20130417,8.52,8.54,8.55,8.5,-0.01,-0.12,86527.42,73712.4
20130418,8.48,8.5,8.58,8.46,-0.04,-0.47,176260.52,149694.656
20130419,8.56,8.51,8.57,8.5,0.08,0.94,226111.14,193332.356
20130422,8.57,8.54,8.58,8.52,0.01,0.12,132373.22,113280.362
20130423,8.47,8.56,8.57,8.46,-0.1,-1.17,143919.74,122063.927
20130424,8.51,8.49,8.53,8.45,0.04,0.47,129595.15,109973.076
20130425,8.52,8.5,8.55,8.46,0.01,0.12,132103.82,112405.866
20130426,8.48,8.52,8.55,8.47,-0.04,-0.47,140748.49,119721.177
20130502,8.43,8.46,8.48,8.38,-0.05,-0.59,176184.9,148375.988
20130503,8.5,8.44,8.55,8.43,0.07,0.83,151502.19,128896.819
20130506,8.54,8.52,8.56,8.51,0.04,0.47,115030.17,98263.502
20130507,8.53,8.54,8.56,8.5,-0.01,-0.12,132825.08,113127.629
20130508,8.56,8.55,8.59,8.53,0.03,0.35,137223.02,117435.857
20130509,8.53,8.58,8.58,8.51,-0.03,-0.35,88648.66,75762.092
20130510,8.55,8.53,8.57,8.5,0.02,0.23,122179.65,104323.845
20130513,8.5,8.53,8.55,8.48,-0.05,-0.58,110044.1,93593.109
20130514,8.44,8.5,8.52,8.41,-0.06,-0.71,125935.85,106429.109
20130515,8.45,8.44,8.47,8.42,0.01,0.12,73947.61,62413.372
20130516,8.51,8.44,8.55,8.41,0.06,0.71,163345.44,138741.311
20130517,8.59,8.5,8.61,8.49,0.08,0.94,242500.08,207896.55
20130520,8.63,8.59,8.66,8.55,0.04,0.47,221946.26,191076.563
20130521,8.6,8.62,8.63,8.58,-0.03,-0.35,122598.38,105456.744
20130522,8.58,8.61,8.62,8.57,-0.02,-0.23,103761.86,89176.993
20130523,8.51,8.57,8.59,8.5,-0.07,-0.82,136708.22,116828.517
20130524,8.54,8.54,8.58,8.51,0.03,0.35,110615.39,94530.911
20130527,8.55,8.55,8.59,8.52,0.01,0.12,110773.79,94717.611
20130528,8.6,8.57,8.6,8.53,0.05,0.58,231976.41,198572.297
20130529,8.58,8.6,8.62,8.58,-0.02,-0.23,204475.49,175831.926
20130530,8.54,8.58,8.59,8.52,-0.04,-0.47,151255.25,129400.142
20130531,8.52,8.55,8.58,8.52,-0.02,-0.23,101249.59,86559.228
20130603,8.53,8.5,8.55,8.49,0.01,0.12,111961.37,95427.421
20130604,8.5,8.53,8.55,8.48,-0.03,-0.35,157485.88,133960.779
20130605,8.51,8.5,8.51,8.48,0.01,0.12,72876.13,61944.191
20130606,8.37,8.42,8.42,8.36,-0.01,-0.12,95891.37,80327.108
20130607,8.28,8.37,8.38,8.26,-0.09,-1.08,149243.06,124120.555
20130613,8.11,8.28,8.29,8.03,-0.17,-2.05,253659.59,205775.227
20130614,8.13,8.13,8.15,8.05,0.02,0.25,197097.86,159425.747
20130617,8.13,8.13,8.24,8.01,0.0,0.0,221866.69,179708.281
20130618,8.12,8.15,8.15,8.05,-0.01,-0.12,135899.55,110054.271
20130619,8.12,8.09,8.13,8.03,0.0,0.0,117641.5,95006.257
20130620,8.01,8.09,8.14,8.0,-0.11,-1.35,170952.55,137574.783
20130621,7.88,7.98,8.0,7.84,-0.13,-1.62,224398.59,177267.372
20130624,7.53,7.88,7.91,7.53,-0.35,-4.44,293155.43,226804.214
20130625,7.39,7.53,7.57,7.08,-0.14,-1.86,439065.34,322452.705
20130626,7.31,7.37,7.4,7.25,-0.08,-1.08,231748.92,169203.751
20130627,7.36,7.32,7.39,7.3,0.05,0.68,215667.08,158461.764
20130628,7.61,7.24,7.64,7.22,0.25,3.4,388643.88,287598.07
20130701,7.69,7.48,7.74,7.44,0.08,1.05,340831.94,260469.071
20130702,7.85,7.71,7.86,7.59,0.16,2.08,308837.0,239378.118
20130703,8.02,7.81,8.05,7.8,0.17,2.17,390219.68,308428.919
20130704,8.04,7.98,8.04,7.88,0.02,0.25,275405.07,219428.635
20130705,8.06,7.97,8.07,7.95,0.02,0.25,203516.52,162978.905
20130708,8.07,8.0,8.09,7.93,0.01,0.12,355669.71,284831.915
20130709,8.1,8.03,8.13,7.99,0.03,0.37,259797.06,209713.337
20130710,8.09,8.05,8.13,8.02,-0.01,-0.12,247332.97,199716.707
20130711,8.14,8.08,8.21,8.03,0.05,0.62,440891.31,358070.552
20130712,8.12,8.13,8.15,8.03,-0.02,-0.25,259170.18,210041.504
20130715,8.1,8.1,8.15,8.08,-0.02,-0.25,147455.3,119623.142
20130716,7.99,8.08,8.12,7.93,-0.11,-1.36,199031.86,159061.247
20130717,7.92,7.97,8.03,7.91,-0.07,-0.88,172972.43,137812.283
20130718,7.89,7.91,7.92,7.81,-0.03,-0.38,191883.55,150723.409
20130719,8.02,7.89,8.03,7.84,0.13,1.65,324081.55,257820.82
20130722,8.08,7.98,8.1,7.93,0.06,0.75,215261.69,172385.038
20130723,8.12,8.09,8.19,8.03,0.04,0.5,247978.35,201573.05
20130724,8.07,8.1,8.17,8.05,-0.05,-0.62,149125.7,120705.958
20130725,8.01,8.07,8.11,7.99,-0.06,-0.74,187790.34,151020.928
20130726,7.96,7.99,8.0,7.91,-0.05,-0.62,196596.64,156497.649
20130729,7.88,7.88,7.9,7.8,-0.08,-1.01,179718.48,140925.155
20130730,8.05,7.87,8.06,7.83,0.17,2.16,209540.53,166898.84
20130731,8.08,8.06,8.11,8.02,0.03,0.37,140381.07,113306.205
20130801,8.08,8.1,8.15,8.05,0.0,0.0,121627.89,98572.861
20130802,8.06,8.12,8.15,8.0,-0.02,-0.25,156082.37,125940.315
20130805,8.06,8.08,8.08,7.97,0.0,0.0,110295.52,88541.894
20130806,8.05,8.01,8.09,8.0,-0.01,-0.12,94834.4,76261.805
20130807,7.97,8.03,8.09,7.9,-0.08,-0.99,159305.38,127717.043
20130808,7.97,7.96,8.0,7.93,0.0,0.0,94091.57,74873.569
20130809,7.98,7.98,8.05,7.91,0.01,0.13,109513.24,87324.819
20130812,8.14,8.0,8.15,7.98,0.16,2.01,259706.47,209800.757
20130813,8.11,8.13,8.15,8.08,-0.03,-0.37,93605.3,75967.862
20130814,8.11,8.14,8.15,8.08,0.0,0.0,129047.85,104722.752
20130815,8.03,8.11,8.11,8.03,-0.08,-0.99,114537.6,92344.25
20130816,8.04,8.02,8.83,7.93,0.01,0.12,469019.85,383428.047
20130819,8.05,8.0,8.07,7.93,0.01,0.12,168645.51,134973.172
20130820,7.96,8.02,8.05,7.96,-0.09,-1.12,115594.94,92480.232
20130821,7.98,7.96,7.98,7.91,0.02,0.25,124896.53,99176.539
20130822,7.96,7.98,8.0,7.93,-0.02,-0.25,100150.17,79736.911
20130823,7.91,7.98,8.01,7.78,-0.05,-0.63,135568.75,107363.542
20130826,7.99,7.91,8.01,7.89,0.08,1.01,121186.15,96513.904
20130828,7.95,7.85,7.97,7.81,-0.04,-0.5,202885.61,160278.332
20130829,7.92,7.95,7.96,7.9,-0.03,-0.38,110375.5,87392.626
20130830,7.83,7.9,7.91,7.81,-0.09,-1.14,257543.94,202218.725
20130902,7.82,7.8,7.85,7.77,-0.01,-0.13,186721.25,145660.353
20130903,7.87,7.85,7.88,7.81,0.05,0.64,195649.9,153565.274
20130904,7.92,7.85,7.94,7.85,0.05,0.64,153734.1,121434.491
20130905,7.89,7.91,7.93,7.87,-0.03,-0.38,91804.1,72465.009
20130906,7.89,7.89,7.9,7.85,0.0,0.0,142793.66,112474.089
20130909,8.05,7.9,8.48,7.9,0.16,2.03,310995.1,250711.918
20130910,8.18,8.05,8.18,8.02,0.13,1.61,439254.66,356243.01
20130911,8.24,8.19,8.32,8.15,0.06,0.73,526892.21,433941.124
20130912,8.12,8.16,8.16,8.05,0.04,0.5,278507.31,225674.596
20130913,8.08,8.12,8.15,8.06,-0.04,-0.49,193250.13,156372.745
20130916,8.07,8.12,8.12,8.06,-0.01,-0.12,166788.67,134825.203
20130917,8.0,8.08,8.08,7.99,-0.07,-0.87,168859.9,135577.571
20130918,7.91,7.99,8.03,7.89,-0.09,-1.13,202160.69,160676.582
20130923,7.96,7.93,8.02,7.93,0.05,0.63,129182.91,102884.978
20130924,7.94,7.99,8.0,7.92,-0.02,-0.25,124542.88,99068.047
20130925,7.91,7.95,7.96,7.91,-0.03,-0.38,83459.74,66182.674
20130926,7.84,7.9,7.94,7.83,-0.07,-0.89,128549.24,101093.673
20130927,7.84,7.82,7.89,7.82,0.0,0.0,80087.64,62777.84
20130930,7.84,7.84,7.86,7.8,0.0,0.0,105490.15,82532.316
20131008,7.9,7.83,7.93,7.79,0.06,0.77,120502.35,94613.559
20131009,7.87,7.89,7.9,7.83,-0.03,-0.38,113056.49,88830.269
20131010,7.82,7.89,7.89,7.8,-0.05,-0.64,139472.86,109282.352
20131011,7.88,7.86,7.9,7.82,0.06,0.77,143013.74,112578.687
20131014,7.88,7.88,7.91,7.85,0.0,0.0,134789.02,106172.075
20131015,7.88,7.88,7.9,7.86,0.0,0.0,127769.12,100667.779
20131016,7.81,7.89,7.9,7.8,-0.07,-0.89,125496.91,98162.044
20131017,7.81,7.83,7.86,7.8,0.0,0.0,89403.83,69958.785
20131018,7.81,7.81,7.83,7.79,0.0,0.0,69579.41,54321.092
20131021,7.84,7.81,7.85,7.77,0.03,0.38,107569.59,83998.327
20131022,7.8,7.81,7.83,7.77,-0.04,-0.51,103976.77,81021.328
20131023,7.71,7.82,7.83,7.7,-0.09,-1.15,160624.4,124655.956
20131024,7.6,7.71,7.73,7.59,-0.11,-1.43,203857.96,155695.322
20131025,7.51,7.61,7.62,7.5,-0.09,-1.18,139183.13,105240.823
20131028,7.55,7.52,7.58,7.51,0.04,0.53,79050.27,59648.672
20131029,7.61,7.56,7.69,7.53,0.06,0.79,160579.49,121990.303
20131030,7.78,7.63,7.8,7.59,0.17,2.23,292385.8,226160.137
20131031,7.84,7.79,7.85,7.76,0.06,0.77,245544.68,191796.39
20131101,7.86,7.84,7.92,7.8,0.02,0.26,224336.98,176399.434
20131104,7.83,7.88,7.88,7.76,-0.03,-0.38,117293.1,91547.14
20131105,7.81,7.8,7.86,7.75,-0.02,-0.26,158230.84,123719.602
20131106,7.91,7.79,7.99,7.78,0.1,1.28,372636.38,294851.713
20131107,7.83,7.88,7.88,7.78,-0.08,-1.01,175262.82,137253.866
20131108,7.76,7.82,7.84,7.74,-0.07,-0.89,109753.14,85433.056
20131111,7.73,7.76,7.8,7.72,-0.03,-0.39,70362.63,54529.927
20131112,7.77,7.74,7.79,7.72,0.04,0.52,107667.67,83475.391
20131113,7.65,7.73,7.75,7.61,-0.12,-1.54,109223.48,83721.945
20131114,7.64,7.65,7.7,7.63,-0.01,-0.1307,93737.96,71866.072
20131115,7.7,7.63,7.75,7.6,0.06,0.79,163010.84,125264.1
20131118,7.84,7.74,7.85,7.7,0.14,1.82,221810.5,172565.499
20131119,7.87,7.86,7.97,7.85,0.03,0.38,229078.57,181042.928
20131120,7.9,7.91,7.93,7.85,0.03,0.38,119525.2,94229.929
20131121,8.03,7.89,8.03,7.81,0.13,1.65,339956.54,269893.296
20131122,8.1,8.01,8.11,7.98,0.07,0.87,381145.27,306460.273
20131125,7.98,8.03,8.06,7.97,-0.12,-1.48,164498.45,132062.85
20131126,7.92,7.94,7.97,7.9,-0.06,-0.75,79167.05,62783.23
20131127,7.89,7.9,7.96,7.85,-0.03,-0.38,146034.02,115331.108
20131128,7.94,7.89,7.99,7.87,0.05,0.63,127572.97,101319.439
20131129,7.91,7.94,7.95,7.9,-0.03,-0.38,94586.96,74914.257
20131202,8.27,7.91,8.28,7.83,0.36,4.55,770173.26,622680.553
20131203,8.17,8.24,8.29,8.14,-0.1,-1.21,469306.46,386279.01
20131204,8.2,8.16,8.24,8.12,0.03,0.37,236391.55,193465.546
20131205,8.15,8.19,8.2,8.14,-0.05,-0.61,143836.83,117540.54
20131206,8.18,8.14,8.19,8.09,0.03,0.37,153163.61,124830.037
20131209,8.16,8.18,8.21,8.13,-0.02,-0.24,148737.88,121590.741
20131210,8.1,8.13,8.15,8.09,-0.06,-0.74,121065.08,98324.141
20131211,8.01,8.07,8.08,8.0,-0.09,-1.11,128000.27,102750.416
20131212,8.01,8.0,8.08,7.95,0.0,0.0,116495.12,93180.845
20131213,7.95,7.95,8.03,7.93,-0.06,-0.75,108640.38,86614.8
20131216,7.81,7.95,7.98,7.8,-0.14,-1.76,189253.79,149014.064
20131217,7.75,7.8,7.83,7.73,-0.06,-0.77,164724.33,127731.999
20131218,7.76,7.74,7.77,7.7,0.01,0.13,94177.22,72742.815
20131219,7.77,7.77,7.85,7.74,0.01,0.13,140627.14,109662.725
20131220,7.69,7.78,7.83,7.66,-0.08,-1.03,168135.6,130173.927
20131223,7.68,7.7,7.77,7.62,-0.01,-0.13,97162.29,74907.099
20131224,7.69,7.71,7.78,7.66,0.01,0.13,86193.01,66369.795
20131225,7.74,7.7,7.76,7.69,0.05,0.65,74537.29,57611.742
20131226,7.7,7.71,7.74,7.64,-0.04,-0.52,132194.94,101611.005
20131227,7.72,7.72,7.76,7.69,0.02,0.26,104473.52,80735.289
20131230,7.7,7.72,7.75,7.7,-0.02,-0.26,98767.58,76246.581
20131231,7.71,7.66,7.77,7.66,0.01,0.13,121878.15,93945.283
20140102,7.67,7.71,7.72,7.63,-0.04,-0.52,143002.73,109660.989
20140103,7.64,7.63,7.68,7.6,-0.03,-0.39,124741.58,95207.752
20140106,7.77,7.62,7.78,7.51,0.13,1.7,361686.27,276911.204
20140107,7.74,7.75,7.75,7.68,-0.03,-0.39,117674.61,90737.509
20140108,7.64,7.72,7.77,7.62,-0.1,-1.29,137705.94,105855.716
20140109,7.59,7.61,7.68,7.58,-0.05,-0.65,93983.0,71553.993
20140110,7.53,7.59,7.61,7.5,-0.06,-0.79,154510.62,116506.69
20140113,7.55,7.54,7.61,7.5,0.02,0.27,123716.96,93348.956
20140114,7.62,7.52,7.67,7.5,0.07,0.93,215072.55,163707.009
20140115,7.58,7.62,7.63,7.57,-0.04,-0.52,64380.34,48865.847
20140116,7.54,7.58,7.62,7.53,-0.04,-0.53,98921.34,74801.49
20140117,7.75,7.54,7.76,7.51,0.21,2.79,451423.95,346383.814
20140120,7.63,7.71,7.73,7.61,-0.12,-1.55,97851.46,75049.446
20140121,7.63,7.63,7.69,7.6,0.0,0.0,68459.3,52249.388
20140122,7.69,7.63,7.7,7.61,0.06,0.79,146705.07,112287.284
20140123,7.62,7.67,7.67,7.61,-0.07,-0.91,93349.2,71262.136
20140124,7.62,7.6,7.65,7.59,0.0,0.0,79173.04,60302.456
20140127,7.52,7.59,7.6,7.51,-0.1,-1.31,119673.83,90136.199
20140128,7.56,7.55,7.59,7.53,0.04,0.53,78215.78,59153.96
20140129,7.55,7.58,7.6,7.53,-0.01,-0.13,86184.89,65076.774
20140130,7.54,7.56,7.59,7.53,-0.01,-0.13,64800.08,48953.478
20140207,7.51,7.52,7.54,7.45,-0.03,-0.4,131172.32,98024.458
20140210,7.56,7.51,7.58,7.5,0.05,0.67,157871.62,119130.81
20140211,7.59,7.57,7.6,7.53,0.03,0.4,214833.64,162688.692
20140212,7.56,7.58,7.61,7.55,-0.03,-0.4,143800.37,108845.553
20140213,7.55,7.56,7.59,7.55,-0.01,-0.13,140220.82,106058.164
20140214,7.56,7.54,7.58,7.53,0.01,0.13,121311.5,91559.807
20140217,7.6,7.57,7.62,7.55,0.04,0.53,183969.54,139588.155
20140218,7.56,7.6,7.62,7.56,-0.04,-0.53,112250.82,85118.801
20140219,7.63,7.55,7.75,7.52,0.07,0.93,299136.91,228412.931
20140220,7.99,7.82,8.33,7.8,0.36,4.72,1018984.14,819499.722
20140221,7.68,7.83,7.86,7.63,-0.31,-3.88,482797.68,372742.632
20140224,7.51,7.61,7.64,7.5,-0.17,-2.21,234719.35,177055.082
20140225,7.51,7.51,7.62,7.5,0.0,0.0,244483.06,184538.916
20140226,7.55,7.51,7.56,7.48,0.04,0.53,166341.88,125145.179
20140227,7.74,7.57,8.03,7.52,0.19,2.52,635685.75,494094.822
20140228,7.69,7.69,7.84,7.64,-0.05,-0.65,305551.91,236182.337
20140303,7.75,7.67,7.85,7.66,0.06,0.78,314886.57,244464.595
20140304,7.7,7.73,7.75,7.59,-0.05,-0.65,276835.25,212019.676
20140305,7.59,7.69,7.69,7.58,-0.11,-1.43,156096.95,118987.962
20140306,7.67,7.6,7.72,7.55,0.08,1.05,214685.36,164066.608
20140307,7.78,7.67,7.95,7.67,0.11,1.43,453204.35,355457.885
20140310,7.8,7.72,7.89,7.71,0.02,0.26,469721.49,367411.464
20140311,7.73,7.77,7.77,7.61,-0.07,-0.9,261605.49,201370.189
20140312,7.56,7.7,7.7,7.49,-0.17,-2.2,322947.69,244721.523
20140313,7.58,7.57,7.61,7.53,0.02,0.26,159766.13,120949.516
20140314,7.54,7.55,7.59,7.51,-0.04,-0.53,106004.19,79941.191
20140317,7.6,7.58,7.63,7.54,0.06,0.8,118531.78,89876.461
20140318,7.57,7.62,7.63,7.55,-0.03,-0.39,97489.0,73830.331
20140319,7.58,7.55,7.59,7.53,0.01,0.13,117948.4,89123.918
20140320,7.56,7.57,7.63,7.54,-0.02,-0.26,142807.4,108299.57
20140321,7.67,7.59,7.73,7.59,0.11,1.46,364370.56,278824.076
20140324,7.7,7.68,7.72,7.61,0.03,0.39,304510.57,233130.426
20140325,7.68,7.68,7.75,7.64,-0.02,-0.26,238466.2,183255.058
20140326,7.63,7.66,7.7,7.59,-0.05,-0.65,184798.57,141153.878
20140327,7.56,7.61,7.63,7.53,-0.07,-0.92,226845.69,171778.615
20140328,7.57,7.56,7.61,7.54,0.01,0.13,177060.39,134037.917
20140331,7.6,7.57,7.61,7.55,0.03,0.4,124092.4,94139.166
20140401,7.6,7.6,7.62,7.57,0.0,0.0,94852.43,72038.938
20140402,7.61,7.6,7.63,7.59,0.01,0.13,120715.83,91844.369
20140403,7.58,7.62,7.63,7.57,-0.03,-0.39,116494.1,88525.547
20140404,7.59,7.56,7.6,7.56,0.01,0.13,94980.62,72019.13
20140408,7.66,7.58,7.68,7.57,0.07,0.92,263242.14,201308.95
20140409,7.7,7.67,7.73,7.66,0.04,0.52,219894.21,169046.162
20140410,7.73,7.69,7.76,7.65,0.03,0.39,285353.31,219775.499
20140411,7.69,7.71,7.73,7.64,-0.04,-0.52,204731.81,157403.024
20140414,7.69,7.67,7.72,7.64,0.0,0.0,149967.41,115105.669
20140415,7.63,7.68,7.72,7.61,-0.06,-0.78,203050.27,155348.269
20140416,7.63,7.63,7.65,7.62,0.0,0.0,81327.06,62079.041
20140417,7.65,7.64,7.66,7.62,0.02,0.26,102084.71,78048.131
20140418,7.61,7.63,7.64,7.58,-0.04,-0.52,92018.21,69989.946
20140421,7.56,7.6,7.63,7.55,-0.05,-0.66,105621.43,80100.594
20140422,7.6,7.56,7.6,7.55,0.04,0.53,94981.5,71919.627
20140423,7.6,7.59,7.61,7.55,0.0,0.0,134886.06,102134.299
20140424,7.59,7.57,7.61,7.56,-0.01,-0.13,96988.22,73606.09
20140425,7.54,7.6,7.61,7.54,-0.05,-0.66,92887.88,70336.636
20140428,7.48,7.54,7.57,7.47,-0.06,-0.8,157613.95,118455.706
20140429,7.51,7.48,7.53,7.48,0.03,0.4,92334.06,69232.603
20140430,7.52,7.52,7.54,7.5,0.01,0.13,68265.79,51288.602
20140505,7.51,7.5,7.53,7.47,-0.01,-0.13,91022.96,68215.671
20140506,7.5,7.5,7.52,7.49,-0.01,-0.13,76284.07,57213.393
20140507,7.48,7.49,7.51,7.47,-0.02,-0.27,83148.02,62260.226
20140508,7.49,7.48,7.54,7.48,0.01,0.13,68937.07,51731.323
20140509,7.52,7.49,7.53,7.49,0.03,0.4,87168.92,65448.108
20140512,7.59,7.55,7.61,7.52,0.07,0.93,184437.27,139807.408
20140513,7.65,7.64,7.76,7.63,0.06,0.79,297791.2,228965.305
20140514,7.66,7.66,7.69,7.6,0.01,0.13,152573.96,116476.591
20140515,7.59,7.65,7.65,7.59,-0.07,-0.91,80493.15,61309.192
20140516,7.63,7.59,7.63,7.58,0.04,0.53,72678.71,55304.504
20140519,7.59,7.63,7.63,7.53,-0.04,-0.52,93091.5,70444.959
20140520,7.63,7.59,7.63,7.57,0.04,0.53,96801.6,73558.951
20140521,7.67,7.62,7.67,7.58,0.04,0.52,117770.41,89982.991
20140522,7.64,7.69,7.7,7.64,-0.03,-0.39,131006.34,100418.938
20140523,7.65,7.63,7.66,7.61,0.01,0.13,82293.14,62835.676
20140526,7.65,7.63,7.68,7.62,0.0,0.0,83789.46,64101.193
20140527,7.62,7.63,7.66,7.61,-0.03,-0.39,85215.08,65088.053
20140528,7.63,7.62,7.64,7.58,0.01,0.13,117730.96,89560.225
20140529,7.63,7.64,7.66,7.62,0.0,0.0,96415.42,73640.764
20140530,7.6,7.64,7.65,7.58,-0.03,-0.39,97340.79,74136.37
20140603,7.63,7.61,7.66,7.61,0.03,0.39,109790.54,83872.189
20140604,7.65,7.63,7.67,7.57,0.02,0.26,144057.35,109701.536
20140605,7.5,7.51,7.51,7.46,0.01,0.13,100152.92,75005.934
20140606,7.47,7.5,7.5,7.45,-0.03,-0.4,65232.04,48756.955
20140609,7.48,7.46,7.52,7.45,0.01,0.13,72156.67,54006.118
20140610,7.51,7.5,7.54,7.46,0.03,0.4,127808.57,95966.38
20140611,7.51,7.51,7.52,7.47,0.0,0.0,115165.34,86287.204
20140612,7.5,7.5,7.51,7.48,-0.01,-0.13,97334.23,73009.685
20140613,7.55,7.5,7.55,7.49,0.05,0.67,166460.29,125279.006
20140616,7.62,7.55,7.63,7.53,0.07,0.93,217315.38,164951.275
20140617,7.58,7.62,7.62,7.54,-0.04,-0.52,143335.28,108473.236
20140618,7.57,7.55,7.58,7.54,-0.01,-0.13,119713.65,90454.902
20140619,7.52,7.56,7.59,7.5,-0.05,-0.66,157779.73,119211.566
20140620,7.56,7.52,7.56,7.49,0.04,0.53,118047.5,88773.341
20140623,7.52,7.55,7.57,7.51,-0.04,-0.53,65146.51,49074.614
20140624,7.53,7.53,7.55,7.5,0.01,0.13,67323.94,50634.163
20140625,7.53,7.51,7.54,7.48,0.0,0.0,123913.33,93014.082
20140626,7.53,7.52,7.54,7.49,0.0,0.0,142180.91,106904.341
20140627,7.53,7.52,7.56,7.5,0.0,0.0,122599.7,92296.259
20140630,7.54,7.52,7.56,7.51,0.01,0.13,94874.2,71532.638
20140701,7.51,7.52,7.54,7.49,-0.03,-0.4,125533.78,94271.785
20140702,7.53,7.51,7.53,7.5,0.02,0.27,88790.37,66740.803
20140703,7.55,7.52,7.55,7.51,0.02,0.27,102637.28,77339.51
20140704,7.54,7.55,7.55,7.52,-0.01,-0.13,81580.14,61462.303
20140707,7.54,7.53,7.55,7.51,0.0,0.0,84222.83,63380.982
20140708,7.53,7.52,7.54,7.51,-0.01,-0.13,98240.88,73955.092
20140709,7.48,7.52,7.53,7.47,-0.05,-0.66,158515.18,118820.921
20140710,7.48,7.48,7.5,7.47,0.0,0.0,88844.92,66533.832
20140711,7.5,7.48,7.51,7.47,0.02,0.27,85425.54,64013.406
20140714,7.52,7.5,7.53,7.48,0.02,0.27,83196.13,62471.642
20140715,7.55,7.53,7.55,7.52,0.03,0.4,151558.58,114139.978
20140716,7.57,7.54,7.57,7.53,0.02,0.26,157141.48,118692.423
20140717,7.54,7.57,7.57,7.51,-0.03,-0.4,110660.35,83336.849
20140718,7.55,7.53,7.56,7.52,0.01,0.13,108745.48,81948.941
20140721,7.5,7.53,7.54,7.47,-0.05,-0.66,133316.96,100017.221
20140722,7.53,7.47,7.53,7.47,0.03,0.4,185118.3,139028.294
20140723,7.55,7.52,7.56,7.51,0.02,0.27,204277.36,154059.85
20140724,7.65,7.55,7.69,7.55,0.1,1.32,491541.03,374572.245
20140725,7.7,7.67,7.7,7.62,0.05,0.65,250832.58,192420.038
20140728,7.85,7.75,7.91,7.72,0.15,1.95,474986.42,371708.426
20140729,7.8,7.87,7.9,7.79,-0.05,-0.64,274482.59,215139.772
20140730,8.04,7.9,8.15,7.9,0.24,3.08,1045017.28,842756.74
20140731,8.02,8.0,8.04,7.94,-0.02,-0.25,267386.76,213383.282
20140801,7.97,8.0,8.08,7.95,-0.05,-0.62,272152.72,218063.784
20140804,8.05,8.0,8.06,7.95,0.08,1.0,292807.95,234660.745
20140805,8.03,8.05,8.08,7.99,-0.02,-0.25,197160.64,158279.094
20140806,7.98,8.0,8.01,7.94,-0.05,-0.62,254006.62,202391.961
20140807,7.86,7.98,8.0,7.84,-0.12,-1.5,306192.62,242335.75
20140808,7.89,7.87,7.93,7.82,0.03,0.38,210079.81,165316.389
20140811,7.98,7.92,7.99,7.88,0.09,1.14,203213.93,161380.24
20140812,7.97,7.97,7.98,7.93,-0.01,-0.13,184165.88,146528.508
20140813,7.94,8.0,8.02,7.91,-0.03,-0.38,226108.06,180133.013
20140814,7.87,7.93,7.96,7.85,-0.07,-0.88,197867.85,156699.667
20140815,7.94,7.87,7.99,7.87,0.07,0.89,193943.77,154127.939
20140818,7.95,7.95,8.01,7.91,0.01,0.13,202808.8,161152.426
20140819,8.02,7.95,8.03,7.91,0.07,0.88,386024.4,307588.019
20140820,7.95,7.98,8.0,7.93,-0.07,-0.87,264879.72,210817.263
20140821,7.88,7.95,7.95,7.84,-0.07,-0.88,260950.54,205788.294
20140822,7.9,7.88,7.92,7.87,0.02,0.25,176498.82,139424.573
20140825,7.93,7.9,7.98,7.88,0.03,0.38,239925.1,190536.551
20140826,7.89,7.92,7.97,7.86,-0.04,-0.5,187030.79,147984.619
20140827,7.91,7.93,7.96,7.89,0.02,0.25,149442.34,118276.533
20140828,7.93,7.91,8.02,7.88,0.02,0.25,340416.54,270980.689
20140829,7.89,7.92,7.94,7.83,-0.04,-0.5,264943.42,208582.128
20140901,7.91,7.9,7.93,7.87,0.02,0.25,178798.81,141256.935
20140902,7.95,7.92,7.97,7.89,0.04,0.51,301095.75,238760.288
20140903,8.05,7.96,8.06,7.95,0.1,1.26,485594.0,389499.246
20140904,8.09,8.06,8.1,8.01,0.04,0.5,371314.61,299184.157
20140905,8.12,8.1,8.13,8.05,0.03,0.37,337673.5,273473.76
20140909,8.09,8.12,8.13,8.08,-0.03,-0.37,204238.0,165360.697
20140910,8.03,8.07,8.07,8.0,-0.06,-0.74,236480.85,189782.975
20140911,8.02,8.01,8.1,7.99,-0.01,-0.12,265566.96,213320.715
20140912,8.06,8.02,8.06,7.98,0.04,0.5,206716.88,165849.836
20140915,8.07,8.06,8.08,8.02,0.01,0.12,298335.63,240195.02
20140916,8.03,8.07,8.14,8.02,-0.04,-0.5,422059.22,340423.015
20140917,8.05,8.02,8.06,8.0,0.02,0.25,206361.67,165628.683
20140918,8.03,8.05,8.05,8.01,-0.02,-0.25,262640.86,210875.744
20140919,7.91,7.89,7.91,7.85,0.05,0.64,231789.58,182734.488
20140922,7.75,7.89,7.89,7.73,-0.16,-2.02,314332.6,245068.341
20140923,7.76,7.73,7.77,7.72,0.01,0.13,195458.38,151505.466
20140924,7.84,7.75,7.85,7.73,0.08,1.03,280591.54,218780.218
20140925,7.82,7.86,7.87,7.78,-0.02,-0.26,267306.3,209542.386
20140926,7.79,7.8,7.82,7.75,-0.03,-0.38,181663.65,141341.85
20140929,7.8,7.8,7.83,7.78,0.01,0.13,239516.14,186883.028
20140930,7.79,7.8,7.82,7.77,-0.01,-0.13,238121.33,185537.722
20141008,7.81,7.8,7.81,7.76,0.02,0.26,262398.8,204340.977
20141009,7.84,7.81,7.86,7.79,0.03,0.38,349944.8,274082.896
20141010,7.79,7.83,7.85,7.76,-0.05,-0.64,293428.83,228789.779
20141013,7.75,7.79,7.79,7.72,-0.04,-0.51,275005.23,212864.123
20141014,7.74,7.75,7.78,7.72,-0.01,-0.13,219475.27,170026.072
20141015,7.75,7.73,7.75,7.69,0.01,0.13,256405.81,197883.791
20141016,7.73,7.72,7.79,7.69,-0.02,-0.26,336153.99,260405.364
20141017,7.69,7.72,7.74,7.65,-0.04,-0.52,276793.56,212843.045
20141020,7.7,7.69,7.71,7.67,0.01,0.13,151361.79,116437.751
20141021,7.68,7.69,7.71,7.66,-0.02,-0.26,137231.77,105416.194
20141022,7.67,7.68,7.68,7.65,-0.01,-0.13,151541.94,116190.57
20141023,7.58,7.65,7.66,7.56,-0.09,-1.17,285254.71,217022.77
20141024,7.58,7.59,7.62,7.56,0.0,0.0,170172.76,129157.976
20141027,7.56,7.56,7.57,7.52,-0.02,-0.26,163392.85,123184.332
20141028,7.64,7.56,7.64,7.55,0.08,1.06,208796.13,158671.647
20141029,7.69,7.64,7.71,7.62,0.05,0.65,267587.22,205184.809
20141030,7.73,7.7,7.75,7.67,0.04,0.52,381988.84,294356.333
20141031,7.84,7.72,7.87,7.71,0.11,1.42,769940.7,600645.793
20141103,7.82,7.84,7.86,7.78,-0.02,-0.26,399947.23,312556.43
20141104,7.78,7.8,7.83,7.75,-0.04,-0.51,400776.13,312006.71
20141105,7.77,7.78,7.81,7.76,-0.01,-0.13,274112.68,213454.342
20141106,7.79,7.79,7.81,7.75,0.02,0.26,208945.83,162532.676
20141107,7.75,7.79,7.83,7.73,-0.04,-0.51,369570.58,287498.703
20141110,7.86,7.78,7.87,7.75,0.11,1.42,496230.85,388289.595
20141111,7.92,7.87,8.05,7.86,0.06,0.76,1431834.39,1138734.558
20141112,7.89,7.88,7.9,7.82,-0.03,-0.38,526005.71,413008.995
20141113,7.92,7.88,7.95,7.83,0.03,0.38,606224.43,478010.399
20141114,7.83,7.89,7.89,7.79,-0.09,-1.14,437098.78,342224.376
20141117,7.84,7.88,7.91,7.82,0.01,0.13,351869.73,276141.682
20141118,7.74,7.83,7.84,7.73,-0.1,-1.28,392882.14,305875.095
20141119,7.71,7.74,7.75,7.7,-0.03,-0.39,257471.3,198785.871
20141120,7.71,7.7,7.72,7.67,0.0,0.0,208986.28,160761.102
20141121,7.75,7.71,7.76,7.68,0.04,0.52,252247.23,194643.02
20141124,7.82,7.78,7.87,7.75,0.07,0.9,598306.62,467325.822
20141125,7.85,7.81,7.87,7.79,0.03,0.38,438790.91,343502.263
20141126,7.98,7.87,7.99,7.86,0.13,1.66,883353.63,699155.747
20141127,7.99,7.98,8.08,7.91,0.01,0.13,971441.83,777468.132
20141128,8.17,7.93,8.19,7.9,0.18,2.25,1808673.96,1456807.836
20141201,8.17,8.14,8.44,8.11,0.0,0.0,1878873.94,1553447.573
20141202,8.37,8.2,8.42,8.09,0.2,2.45,1846658.1,1522935.71
20141203,8.37,8.38,8.56,8.27,0.0,0.0,2420678.2,2040080.78
20141204,9.21,8.39,9.21,8.33,0.84,10.04,4402543.64,3873533.869
20141205,10.12,9.5,10.13,9.25,0.91,9.88,6602293.24,6425050.332
20141208,10.32,9.81,10.67,9.7,0.2,1.98,4630695.97,4706499.33
20141209,9.5,10.1,10.61,9.47,-0.82,-7.95,3754766.54,3773207.606
20141210,9.5,9.48,9.63,9.15,0.0,0.0,2218680.4,2077574.039
20141211,9.29,9.3,9.42,9.21,-0.21,-2.21,1566189.81,1458153.232
20141212,9.35,9.27,9.45,9.2,0.06,0.65,1450556.31,1354719.259
20141215,9.23,9.31,9.34,9.03,-0.12,-1.28,1136300.66,1040903.792
20141216,9.56,9.16,9.58,9.13,0.33,3.58,1915450.82,1796230.531
20141217,9.78,9.56,9.9,9.34,0.22,2.3,2748734.63,2644354.873
20141218,9.79,9.85,10.07,9.66,0.01,0.1,2141844.15,2111464.202
20141219,10.08,9.7,10.29,9.57,0.29,2.96,2780490.14,2753544.409
20141222,10.36,10.1,10.99,10.03,0.28,2.78,3449586.14,3583040.841
20141223,9.78,10.16,10.25,9.73,-0.58,-5.6,1910091.61,1913999.411
20141224,9.48,9.8,9.86,9.36,-0.3,-3.07,1564875.9,1496802.135
20141225,9.84,9.5,9.86,9.41,0.36,3.8,1389301.48,1336171.104
20141226,10.12,9.8,10.17,9.71,0.28,2.85,1737129.6,1730383.711
20141229,10.33,10.6,10.88,10.22,0.21,2.08,3148368.29,3318023.25
20141230,10.45,10.28,10.61,10.2,0.12,1.16,1973641.93,2053484.997
20141231,10.81,10.5,10.93,10.33,0.36,3.45,2834728.25,3020217.009
20150105,11.89,10.9,11.89,10.77,1.08,9.99,3726889.38,4228175.382
20150106,11.69,12.1,12.33,11.5,-0.2,-1.68,3892349.03,4626943.469
20150107,12.39,11.5,12.42,11.43,0.7,5.99,3292583.22,3900463.762
20150108,12.21,12.2,13.14,12.08,-0.18,-1.45,4257347.86,5362076.622
20150109,12.07,12.08,12.7,11.84,-0.14,-1.15,2971974.74,3640000.032
20150112,11.62,11.83,11.96,11.56,-0.45,-3.73,1956023.93,2295823.416
20150113,11.64,11.64,11.84,11.53,0.02,0.17,1337554.43,1560033.203
20150114,11.31,11.63,11.74,11.16,-0.33,-2.84,1608475.24,1839785.371
20150115,12.29,11.37,12.38,11.22,0.98,8.66,2494049.78,2920515.887
20150116,12.6,12.1,12.9,12.06,0.31,2.52,3274461.0,4086420.824
20150119,11.44,12.0,12.34,11.34,-1.16,-9.21,3430422.87,4045702.859
20150120,11.83,11.61,12.04,11.43,0.39,3.41,2475009.75,2918343.555
20150121,12.69,11.76,12.9,11.65,0.86,7.27,3513149.85,4311178.922
20150122,12.63,12.61,12.82,12.39,-0.06,-0.47,2491393.22,3141047.86
20150123,12.82,12.65,13.26,12.56,0.19,1.5,3113847.36,4005765.125
20150126,13.09,12.68,13.2,12.54,0.27,2.11,2327075.5,2977062.374
20150127,12.61,13.07,13.21,12.41,-0.48,-3.67,2524166.76,3219061.094
20150128,12.25,12.44,12.55,12.2,-0.36,-2.85,1671605.86,2066608.07
20150129,11.98,11.99,12.13,11.7,-0.27,-2.2,1821135.64,2176840.174
20150130,11.64,12.04,12.11,11.61,-0.34,-2.84,1413740.48,1672654.887
20150202,11.22,11.49,11.57,11.21,-0.42,-3.61,1342743.16,1528791.359
20150203,11.69,11.42,11.77,11.22,0.47,4.19,1688846.48,1936931.494
20150204,11.41,11.79,11.92,11.39,-0.28,-2.4,1615379.13,1889106.408
20150205,11.15,11.63,11.64,11.14,-0.26,-2.28,1484385.6,1689535.304
20150206,10.89,11.11,11.12,10.78,-0.26,-2.33,1291648.64,1415282.88
20150209,11.03,10.79,11.17,10.7,0.14,1.29,1106604.68,1213012.92
20150210,11.23,10.98,11.23,10.92,0.2,1.81,872538.83,970756.673
20150211,11.16,11.25,11.28,11.11,-0.07,-0.62,593227.42,662547.885
20150212,11.18,11.15,11.27,10.91,0.02,0.18,785475.03,871216.278
20150213,11.18,11.19,11.43,11.11,0.0,0.0,1171981.01,1321020.991
20150216,11.07,11.19,11.19,10.98,-0.11,-0.98,1027523.6,1136054.258
20150217,11.08,11.09,11.17,11.05,0.01,0.09,729689.24,810469.313
20150225,11.23,11.3,11.56,11.15,0.15,1.35,1997452.37,2269546.787
20150226,11.34,11.16,11.35,10.9,0.11,0.98,1652776.05,1836995.892
20150227,11.42,11.29,11.6,11.19,0.08,0.71,1961048.27,2237716.797
20150302,11.32,11.44,11.46,11.23,-0.1,-0.88,1467345.46,1657644.94
20150303,10.93,11.25,11.26,10.91,-0.39,-3.45,1929652.81,2130766.139
20150304,10.92,10.92,11.1,10.76,-0.01,-0.09,1131585.33,1235480.262
20150305,10.71,10.82,10.87,10.67,-0.21,-1.92,1092987.52,1174668.041
20150306,10.77,10.66,10.85,10.66,0.06,0.56,688373.46,740680.727
20150309,10.89,10.7,10.94,10.52,0.12,1.11,1196905.53,1282135.32
20150310,10.77,10.82,10.84,10.71,-0.12,-1.1,725119.33,781556.644
20150311,10.75,10.77,10.88,10.71,-0.02,-0.19,780455.14,843193.959
20150312,11.03,10.8,11.14,10.71,0.28,2.6,1690437.39,1852523.815
20150313,11.06,11.08,11.19,11.0,0.03,0.27,1125342.43,1247388.763
20150316,11.2,11.08,11.21,11.03,0.14,1.27,1495043.94,1667697.371
20150317,11.48,11.16,11.49,11.13,0.28,2.5,2594560.88,2926486.924
20150318,11.65,11.48,11.7,11.33,0.17,1.48,2562080.25,2955791.317
20150319,11.64,11.6,11.87,11.53,-0.01,-0.09,2225085.97,2594325.128
20150320,11.68,11.6,11.85,11.45,0.04,0.34,2362363.51,2745939.938
20150323,11.8,11.65,11.86,11.62,0.12,1.03,2380493.6,2793745.542
20150324,11.59,11.75,11.84,11.45,-0.21,-1.78,2102544.88,2446706.203
20150325,11.33,11.51,11.55,11.31,-0.26,-2.24,1639005.64,1871605.447
20150326,11.99,11.3,12.0,11.25,0.66,5.83,3886914.7,4542669.727
20150327,11.7,12.06,12.1,11.65,-0.29,-2.42,2411691.71,2844519.528
20150330,11.88,11.66,11.92,11.61,0.18,1.54,2399741.98,2832984.115
20150331,11.73,11.91,12.17,11.69,-0.15,-1.26,2764632.12,3302312.933
20150401,11.86,11.71,11.89,11.63,0.13,1.11,1756797.24,2065022.041
20150402,11.91,11.98,12.09,11.76,0.05,0.42,2215558.17,2641012.645
20150403,11.84,11.8,11.89,11.71,-0.07,-0.59,1746139.2,2059478.047
20150407,12.27,11.92,12.28,11.86,0.43,3.63,3589643.0,4326770.188
20150408,12.51,12.27,12.69,11.95,0.24,1.96,4747081.42,5847673.043
20150409,12.39,12.35,12.71,12.21,-0.12,-0.96,3230540.2,4023491.255
20150410,12.46,12.35,12.5,12.23,0.07,0.57,2481620.48,3071731.503
20150413,12.69,12.48,12.74,12.43,0.23,1.85,2736357.66,3450355.59
20150414,12.51,12.61,12.67,12.4,-0.18,-1.42,2327948.03,2916436.398
20150415,12.47,12.51,12.74,12.26,-0.04,-0.32,2936772.1,3687939.347
20150416,13.01,12.53,13.25,12.41,0.54,4.33,4555759.63,5858173.87
20150417,13.38,13.18,13.63,12.95,0.37,2.84,5606649.55,7434599.589
20150420,12.8,13.2,13.45,12.78,-0.58,-4.33,4306028.7,5631490.627
20150421,12.99,12.83,13.0,12.71,0.19,1.48,2402135.66,3088745.556
20150422,13.22,12.96,13.26,12.9,0.23,1.77,3177062.82,4156108.002
20150423,13.34,13.2,13.63,13.08,0.12,0.91,4151487.53,5507290.847
20150424,13.32,13.16,13.9,13.1,-0.02,-0.15,5132499.56,6916770.128
20150427,14.65,13.6,14.65,13.42,1.33,9.99,6299745.02,8970314.536
20150428,14.33,14.46,15.36,14.05,-0.32,-2.18,8501682.59,12561772.465
20150429,13.71,14.1,14.1,13.5,-0.62,-4.33,3704611.52,5074129.188
20150430,13.39,13.71,13.84,13.36,-0.32,-2.33,2551611.44,3456441.067
20150504,13.5,13.37,13.6,13.12,0.11,0.82,2206108.11,2947550.646
20150505,13.01,13.52,13.98,12.99,-0.49,-3.63,3385530.67,4589916.339
20150506,12.61,13.0,13.21,12.5,-0.4,-3.07,2476204.39,3199052.953
20150507,12.17,12.6,12.6,12.1,-0.44,-3.49,1907764.91,2352860.316
20150508,12.41,12.3,12.44,12.11,0.24,1.97,1722119.92,2113747.285
20150511,12.66,12.45,12.67,12.3,0.25,2.01,2058433.93,2569743.303
20150512,12.69,12.7,12.78,12.51,0.03,0.24,1937295.31,2450888.493
20150513,12.43,12.69,12.69,12.3,-0.26,-2.05,1857253.73,2324667.469
20150514,12.47,12.36,12.69,12.21,0.04,0.32,2075884.38,2588255.265
20150515,12.11,12.41,12.44,12.08,-0.36,-2.89,1594221.9,1949557.933
20150518,11.79,11.99,12.04,11.75,-0.32,-2.64,1397563.46,1662652.54
20150519,12.19,11.77,12.19,11.75,0.4,3.39,1509256.0,1817817.206
20150520,12.17,12.18,12.43,12.11,-0.02,-0.16,1764447.51,2166183.89
20150521,12.22,12.17,12.24,12.07,0.05,0.41,1325534.76,1611003.279
20150522,12.64,12.28,12.73,12.27,0.42,3.44,2525576.64,3170165.651
20150525,12.98,12.61,12.99,12.55,0.34,2.69,2469290.09,3169645.139
20150526,13.05,13.07,13.1,12.75,0.07,0.54,2648929.9,3426450.424
20150527,13.35,13.19,13.59,13.19,0.3,2.3,3254067.01,4348860.303
20150528,12.2,13.23,13.24,12.1,-1.15,-8.61,3471625.95,4449343.5
20150529,11.92,12.17,12.28,11.7,-0.28,-2.3,2345159.26,2804182.312
20150601,12.4,11.92,12.44,11.84,0.48,4.03,2061882.79,2506650.889
20150602,12.37,12.35,12.4,12.15,-0.03,-0.24,1862213.16,2288692.466
20150603,12.35,12.37,12.56,12.21,-0.02,-0.16,1688606.36,2092947.276
20150604,12.61,12.34,12.63,11.81,0.26,2.11,2595341.43,3198002.632
20150605,12.82,12.66,12.9,12.51,0.21,1.67,3270341.32,4163192.954
20150608,13.33,12.77,13.45,12.71,0.51,3.98,4281629.87,5602758.824
20150609,13.18,13.21,13.29,12.93,-0.15,-1.13,3279583.83,4305123.939
20150610,12.98,13.08,13.1,12.9,-0.2,-1.52,2169965.37,2822162.477
20150611,12.91,12.96,12.98,12.71,-0.07,-0.54,1823658.0,2342716.252
20150612,12.96,13.0,13.08,12.88,0.05,0.39,2136471.83,2774773.921
20150615,12.6,12.98,13.06,12.58,-0.36,-2.78,2238670.38,2865595.198
20150616,12.09,12.4,12.5,12.03,-0.51,-4.05,1922690.36,2357332.22
20150617,12.28,12.15,12.33,11.94,0.19,1.57,1738340.82,2109224.324
20150618,11.8,12.18,12.3,11.76,-0.48,-3.91,1635388.19,1976536.015
20150619,11.17,11.71,11.95,11.1,-0.63,-5.34,1979475.09,2311603.69
20150623,11.49,11.2,11.57,10.9,0.32,2.86,1649630.24,1854678.151
20150624,11.82,11.55,11.87,11.45,0.33,2.87,1931415.52,2250416.105
20150625,11.32,11.78,11.83,11.26,-0.5,-4.23,1644632.06,1913386.517
20150626,10.53,11.15,11.37,10.27,-0.79,-6.98,2459425.96,2689291.88
20150629,10.95,10.75,11.0,9.81,0.42,3.99,2765634.52,2924989.493
20150630,11.33,10.77,11.35,10.42,0.38,3.47,2513463.7,2763524.275
20150701,10.74,11.13,11.25,10.72,-0.59,-5.21,1841774.73,2039441.522
20150702,11.68,10.8,11.8,10.2,0.94,8.75,4522762.44,5051041.704
20150703,11.83,11.31,12.16,11.22,0.15,1.28,4623618.63,5462659.358
20150706,13.01,12.3,13.01,11.95,1.18,9.97,7696676.5,9759080.777
20150707,13.56,13.0,14.25,12.54,0.55,4.23,7317804.59,9961932.38
20150708,12.33,12.4,13.4,12.2,-1.23,-9.07,8735620.22,11271601.295
20150709,12.87,11.48,13.17,11.02,0.64,5.23,4370654.31,5327882.028
20150710,13.09,12.39,13.79,12.1,0.22,1.71,4924996.09,6472733.855
20150713,12.53,12.68,12.96,12.31,-0.56,-4.28,3319699.37,4179958.42
20150714,12.29,12.23,12.53,11.82,-0.24,-1.92,2706241.23,3284868.745
20150715,13.52,12.1,13.52,12.01,1.23,10.01,5499398.87,7133551.63
20150716,13.4,13.52,14.1,12.68,-0.12,-0.89,5814168.91,7823484.032
20150717,13.17,13.05,13.4,12.9,-0.23,-1.72,3805057.99,4993556.036
20150720,13.73,12.9,14.05,12.8,0.56,4.25,5593754.92,7535305.031
20150721,13.48,13.47,13.86,13.21,-0.25,-1.82,3774575.84,5088158.873
20150722,13.63,13.25,14.0,13.22,0.15,1.11,4427698.45,6034143.156
20150723,13.66,13.46,13.75,13.32,0.03,0.22,3584231.36,4863671.759
20150724,13.68,13.54,14.11,13.53,0.02,0.15,4739562.34,6553140.883
20150727,12.37,13.43,13.65,12.31,-1.31,-9.58,4224817.81,5556934.465
20150728,11.85,11.83,12.86,11.52,-0.52,-4.2,4008221.17,4892270.38
20150729,11.65,11.65,11.87,11.31,-0.2,-1.69,2937942.22,3399818.429
20150730,11.71,11.6,11.85,11.38,0.06,0.52,2740020.2,3173922.767
20150731,11.09,11.5,11.6,10.94,-0.62,-5.29,2269079.65,2551181.681
20150803,10.57,10.88,10.95,10.53,-0.52,-4.69,1830549.62,1957197.401
20150804,10.82,10.59,10.89,10.5,0.25,2.37,1589530.96,1700959.959
20150805,10.63,10.8,10.89,10.61,-0.19,-1.76,1257025.24,1351756.563
20150806,10.48,10.49,10.65,10.43,-0.15,-1.41,912176.5,959680.252
20150807,10.67,10.57,10.76,10.51,0.19,1.81,1014913.12,1081230.167
20150810,11.07,10.69,11.13,10.65,0.4,3.75,1922921.11,2093907.688
20150811,11.15,11.06,11.3,10.89,0.08,0.72,1818768.17,2007929.307
20150812,10.99,10.99,11.1,10.95,-0.16,-1.44,1036509.83,1142313.517
20150813,11.01,10.99,11.06,10.8,0.02,0.18,1004270.95,1098476.457
20150814,10.98,11.0,11.16,10.9,-0.03,-0.27,1175289.68,1293098.905
20150817,10.81,10.91,10.95,10.76,-0.17,-1.55,938959.49,1015163.142
20150818,11.13,10.82,11.4,10.8,0.32,2.96,3166326.92,3522443.176
20150819,10.79,10.88,11.06,10.5,-0.34,-3.05,2261354.19,2411955.879
20150820,10.32,10.59,10.6,10.31,-0.47,-4.36,1415810.54,1478578.502
20150821,10.0,10.15,10.51,9.96,-0.32,-3.1,1284012.96,1309854.199
20150824,9.51,9.8,10.49,9.0,-0.49,-4.9,2496135.71,2391347.334
20150825,8.56,9.08,9.62,8.56,-0.95,-9.99,2142388.68,1946299.698
20150826,8.58,8.6,8.79,8.03,0.02,0.23,1887084.6,1595395.046
20150827,8.78,8.56,8.8,8.4,0.2,2.33,1442692.99,1242498.028
20150828,9.14,8.95,9.17,8.85,0.36,4.1,1656679.9,1492277.821
20150831,8.94,9.0,9.03,8.71,-0.2,-2.19,1090782.01,969427.219
20150901,9.21,9.04,9.36,9.0,0.27,3.02,1930133.76,1771590.829
20150902,8.75,8.8,8.98,8.66,-0.46,-4.99,1528994.05,1347811.355
20150907,8.63,8.75,8.92,8.59,-0.12,-1.37,975201.61,857284.301
20150908,8.7,8.59,8.77,8.4,0.07,0.81,859618.24,738536.903
20150909,9.01,8.73,9.1,8.67,0.31,3.56,1488080.57,1321330.116
20150910,8.84,8.85,8.98,8.81,-0.17,-1.89,965541.26,856357.025
20150911,8.81,8.88,8.91,8.78,-0.03,-0.34,528546.05,467688.636
20150914,8.5,8.87,8.89,8.45,-0.31,-3.52,792155.63,682785.07
20150915,8.48,8.41,8.72,8.35,-0.02,-0.24,883609.97,751667.21
20150916,8.76,8.46,8.91,8.3,0.28,3.3,1051038.84,899039.429
20150917,8.57,8.66,8.85,8.56,-0.19,-2.17,900312.74,782605.859
20150918,8.42,8.55,8.58,8.4,-0.09,-1.06,493510.72,417763.303
20150921,8.47,8.38,8.49,8.29,0.05,0.59,503981.41,424029.917
20150922,8.55,8.51,8.63,8.48,0.08,0.94,663490.85,568619.492
20150923,8.36,8.46,8.5,8.35,-0.19,-2.22,520700.8,438115.356
20150924,8.4,8.37,8.42,8.34,0.04,0.48,393361.17,329520.628
20150925,8.53,8.38,8.58,8.35,0.13,1.55,942446.82,800631.666
20150928,8.43,8.49,8.51,8.34,-0.1,-1.17,490294.38,411678.809
20150929,8.26,8.33,8.37,8.22,-0.17,-2.02,476414.34,394779.927
20150930,8.23,8.27,8.31,8.22,-0.03,-0.36,282069.02,233166.414
20151008,8.44,8.56,8.6,8.42,0.21,2.55,645442.38,547170.85
20151009,8.52,8.46,8.55,8.4,0.08,0.95,592801.85,503341.817
20151012,8.77,8.54,8.78,8.5,0.25,2.93,1004244.85,871263.821
20151013,8.68,8.66,8.7,8.62,-0.09,-1.03,626004.69,542252.991
20151014,8.73,8.64,8.79,8.62,0.05,0.58,868232.59,754567.146
20151015,8.82,8.69,8.83,8.66,0.09,1.03,931738.94,815422.434
20151016,8.95,8.85,9.03,8.82,0.13,1.47,1328517.06,1186105.421
20151019,8.9,8.96,9.08,8.85,-0.05,-0.56,1078087.48,965922.365
20151020,8.97,8.85,8.99,8.76,0.07,0.79,912362.65,808730.296
20151021,8.92,9.0,9.09,8.62,-0.05,-0.56,1851261.84,1652280.653
20151022,8.82,8.72,8.84,8.72,-0.1,-1.12,848057.01,743718.112
20151023,8.83,8.8,8.85,8.76,0.01,0.11,755216.62,664558.798
20151026,8.89,8.87,9.01,8.83,0.06,0.68,961191.83,856769.188
20151027,8.81,8.84,8.85,8.68,-0.08,-0.9,649983.5,569253.596
20151028,8.79,8.77,8.93,8.75,-0.02,-0.23,834416.87,738444.699
20151029,8.82,8.81,8.88,8.78,0.03,0.34,553658.11,488793.43
20151030,8.75,8.77,8.92,8.66,-0.07,-0.79,699014.12,613754.063
20151102,8.53,8.66,8.73,8.52,-0.22,-2.51,720509.75,621687.888
20151103,8.47,8.53,8.56,8.43,-0.06,-0.7,379823.06,323162.678
20151104,8.74,8.48,8.75,8.48,0.27,3.19,827734.47,714584.506
20151105,8.98,8.7,9.21,8.66,0.24,2.75,1996717.88,1792031.642
20151106,9.1,8.94,9.16,8.85,0.12,1.34,1429507.68,1287865.521
20151109,9.24,9.06,9.46,9.06,0.14,1.54,1572760.78,1458270.765
20151110,9.26,9.18,9.34,9.08,0.02,0.22,1251690.85,1151787.552
20151111,9.2,9.22,9.33,9.13,-0.06,-0.65,864889.33,796433.021
20151112,9.11,9.21,9.21,9.04,-0.09,-0.98,709458.01,646790.574
20151113,8.94,9.04,9.1,8.93,-0.17,-1.87,652138.94,587560.907
20151116,8.98,8.85,8.99,8.82,0.04,0.45,529823.98,471494.668
20151117,9.04,9.0,9.14,8.96,0.06,0.67,841357.85,761883.351
20151118,9.05,9.03,9.17,8.92,0.01,0.11,888252.16,803244.654
20151119,9.04,9.03,9.05,8.94,-0.01,-0.11,771190.95,693432.664
20151120,8.99,9.02,9.03,8.95,-0.05,-0.55,500869.88,450129.347
20151123,8.92,8.97,9.03,8.91,-0.07,-0.78,599790.03,537200.156
20151124,8.91,8.91,8.92,8.82,-0.01,-0.11,462925.54,410532.514
20151125,8.98,8.96,9.0,8.91,0.07,0.79,601614.07,538801.353
20151126,8.97,9.0,9.02,8.95,-0.01,-0.11,598629.03,538023.648
20151127,8.46,8.92,8.94,8.45,-0.51,-5.69,960054.31,834945.512
20151130,8.4,8.45,8.51,8.3,-0.06,-0.71,609637.51,512598.216
20151201,8.41,8.4,8.45,8.35,0.01,0.12,406605.15,341173.336
20151202,8.64,8.4,8.67,8.33,0.23,2.73,757112.82,645804.618
20151203,8.82,8.58,8.95,8.52,0.18,2.08,860515.97,748470.501
20151204,8.58,8.75,8.77,8.51,-0.24,-2.72,733440.72,632804.526
20151207,8.55,8.54,8.6,8.51,-0.03,-0.35,324940.9,277688.239
20151208,8.38,8.45,8.47,8.36,-0.17,-1.99,499535.35,420085.864
20151209,8.35,8.38,8.44,8.32,-0.03,-0.36,407976.53,341389.883
20151210,8.33,8.36,8.39,8.3,-0.02,-0.24,345995.13,288903.627
20151211,8.3,8.32,8.34,8.25,-0.03,-0.36,338832.65,280978.969
20151214,8.43,8.26,8.44,8.23,0.13,1.57,463320.51,387141.302
20151215,8.37,8.41,8.43,8.35,-0.06,-0.71,311281.69,261052.659
20151216,8.46,8.44,8.57,8.44,0.09,1.08,693013.85,589127.21
20151217,8.48,8.43,8.52,8.42,0.02,0.24,750805.66,636179.145
20151218,8.48,8.47,8.56,8.44,0.0,0.0,585963.0,497296.74
20151221,8.53,8.43,8.55,8.39,0.05,0.59,736202.71,625573.415
20151222,8.52,8.52,8.56,8.48,-0.01,-0.12,509514.32,434024.543
20151223,8.54,8.53,8.64,8.51,0.02,0.23,859847.64,736281.168
20151224,8.48,8.57,8.6,8.44,-0.06,-0.7,583273.64,496475.645
20151225,8.48,8.54,8.54,8.41,0.0,0.0,320672.81,271977.619
20151228,8.37,8.5,8.54,8.37,-0.11,-1.3,555375.69,469978.584
20151229,8.42,8.37,8.43,8.36,0.05,0.6,320485.01,269030.953
20151230,8.41,8.43,8.45,8.37,-0.01,-0.12,286090.52,240514.586
20151231,8.35,8.39,8.42,8.33,-0.06,-0.71,270954.92,227142.471
20160104,8.13,8.34,8.38,8.11,-0.22,-2.63,477205.08,393258.334
20160105,8.07,8.04,8.21,7.98,-0.06,-0.74,634336.03,513472.143
20160106,8.31,8.09,8.33,8.05,0.24,2.97,751008.36,615422.688
20160107,7.83,8.17,8.2,7.7,-0.48,-5.78,208883.0,168285.166
20160108,7.99,7.96,8.07,7.74,0.16,2.04,748523.67,595585.454
20160111,7.7,7.9,7.97,7.69,-0.29,-3.63,559735.97,438221.765
20160112,7.76,7.66,7.84,7.6,0.06,0.78,471675.37,364017.184
20160113,7.61,7.8,7.81,7.59,-0.15,-1.93,434720.24,335429.744
20160114,7.63,7.5,7.65,7.43,0.02,0.26,474282.19,357296.216
20160115,7.34,7.62,7.62,7.3,-0.29,-3.8,523498.72,390361.465
20160118,7.27,7.14,7.34,7.1,-0.07,-0.95,383557.0,278075.275
20160119,7.42,7.27,7.44,7.26,0.15,2.06,428778.59,316156.404
20160120,7.46,7.37,7.55,7.27,0.04,0.54,468592.32,345988.109
20160121,7.26,7.34,7.47,7.22,-0.2,-2.68,335344.29,246575.009
20160122,7.33,7.32,7.35,7.18,0.07,0.96,287104.25,209199.729
20160125,7.43,7.47,7.54,7.36,0.1,1.36,350288.51,260977.455
20160126,7.08,7.33,7.34,7.04,-0.35,-4.71,481121.14,345781.828
20160127,7.28,7.15,7.41,6.99,0.2,2.82,742456.09,531570.258
20160128,7.44,7.19,7.63,7.1,0.16,2.2,1134526.48,842872.641
20160129,7.46,7.4,7.49,7.34,0.02,0.27,752912.01,558548.69
20160201,7.25,7.4,7.4,7.19,-0.21,-2.82,478187.37,347806.109
20160202,7.32,7.24,7.35,7.17,0.07,0.97,430305.8,312936.927
20160203,7.22,7.21,7.26,7.11,-0.1,-1.37,374657.86,268940.801
20160204,7.26,7.28,7.35,7.24,0.04,0.55,368453.07,268471.037
20160205,7.23,7.29,7.3,7.22,-0.03,-0.41,269561.01,195670.328
20160215,7.18,7.13,7.23,7.09,-0.05,-0.69,216040.74,154596.295
20160216,7.35,7.21,7.36,7.19,0.17,2.37,447866.97,327169.245
20160217,7.52,7.3,7.54,7.29,0.17,2.31,755866.18,559306.48
20160218,7.43,7.54,7.54,7.42,-0.09,-1.2,662326.41,495572.674
20160219,7.42,7.43,7.47,7.38,-0.01,-0.13,301206.94,223599.672
20160222,7.53,7.45,7.55,7.43,0.11,1.48,428599.67,321594.251
20160223,7.48,7.57,7.58,7.46,-0.05,-0.66,398521.46,299873.823
20160224,7.53,7.45,7.6,7.42,0.05,0.67,360778.41,270323.662
20160225,7.08,7.52,7.52,7.07,-0.45,-5.98,692483.11,504115.029
20160226,7.26,7.13,7.35,7.1,0.18,2.54,641395.24,461973.814
20160229,7.28,7.21,7.3,7.08,0.02,0.28,654075.55,469664.443
20160301,7.32,7.23,7.34,7.17,0.04,0.55,340791.06,248002.249
20160302,7.54,7.32,7.55,7.31,0.22,3.01,711469.75,530923.524
20160303,7.58,7.5,7.6,7.46,0.04,0.53,537666.1,404789.362
20160304,7.82,7.57,7.85,7.52,0.24,3.17,1374701.05,1061131.543
20160307,7.78,7.75,7.85,7.73,-0.04,-0.51,499940.15,389208.578
20160308,7.82,7.83,7.86,7.68,0.04,0.51,538072.43,417468.965
20160309,7.8,7.7,7.82,7.48,-0.02,-0.26,731036.62,558576.678
20160310,7.69,7.69,7.72,7.6,-0.11,-1.41,325179.86,249567.964
20160311,7.69,7.6,7.71,7.56,0.0,0.0,296089.82,226338.826
20160314,7.75,7.72,7.81,7.64,0.06,0.78,399276.92,308870.573
20160315,7.79,7.78,7.82,7.7,0.04,0.52,397032.2,308007.399
20160316,7.89,7.76,7.94,7.73,0.1,1.28,823523.75,647592.877
20160317,7.88,7.89,7.91,7.82,-0.01,-0.13,373733.64,293815.056
20160318,7.88,7.92,7.94,7.83,0.0,0.0,724579.01,570774.031
20160321,7.85,7.88,7.9,7.82,-0.03,-0.38,883627.93,693984.596
20160322,7.79,7.83,7.85,7.77,-0.06,-0.76,479554.41,374506.392
20160323,7.78,7.79,7.81,7.74,-0.01,-0.13,312385.73,242775.444
20160324,7.63,7.74,7.74,7.62,-0.15,-1.93,421637.74,323692.537
20160325,7.63,7.63,7.65,7.56,0.0,0.0,336244.86,255912.38
20160328,7.59,7.63,7.68,7.57,-0.04,-0.52,388355.37,296262.67
20160329,7.48,7.58,7.61,7.46,-0.11,-1.45,466069.06,350163.22
20160330,7.67,7.51,7.75,7.49,0.19,2.54,798939.74,611403.559
20160331,7.61,7.65,7.68,7.6,-0.06,-0.78,466718.64,356127.828
20160401,7.66,7.58,7.68,7.51,0.05,0.66,574413.59,436366.892
20160405,7.66,7.61,7.68,7.56,0.0,0.0,493143.69,376268.35
20160406,7.7,7.64,7.83,7.63,0.04,0.52,839981.8,649029.467
20160407,7.61,7.72,7.73,7.58,-0.09,-1.17,484216.8,370358.97
20160408,7.52,7.58,7.59,7.49,-0.09,-1.18,385975.04,290920.017
20160411,7.64,7.56,7.66,7.55,0.12,1.6,514811.25,392612.717
20160412,7.65,7.65,7.68,7.62,0.01,0.13,360599.51,275864.13
20160413,7.79,7.7,7.84,7.69,0.14,1.83,858612.89,667927.573
20160414,7.77,7.84,7.85,7.74,-0.02,-0.26,402957.3,313662.932
20160415,7.75,7.8,7.8,7.72,-0.02,-0.26,243137.88,188413.014
20160418,7.59,7.68,7.68,7.56,-0.16,-2.06,343820.36,261319.725
20160419,7.65,7.63,7.66,7.56,0.06,0.79,275054.98,209199.253
20160420,7.59,7.65,7.69,7.43,-0.06,-0.78,635918.07,479044.166
20160421,7.57,7.52,7.64,7.52,-0.02,-0.26,361312.09,274244.405
20160422,7.58,7.53,7.63,7.5,0.01,0.13,251019.57,189714.905
20160425,7.56,7.55,7.58,7.47,-0.02,-0.26,204614.62,153967.931
20160426,7.54,7.58,7.58,7.49,-0.02,-0.26,180849.95,136311.629
20160427,7.53,7.56,7.59,7.52,-0.01,-0.13,208057.7,157227.179
20160428,7.53,7.54,7.58,7.47,0.0,0.0,222568.71,167361.78
20160429,7.42,7.45,7.49,7.38,-0.11,-1.46,374142.78,277998.127
20160503,7.51,7.4,7.51,7.39,0.09,1.21,292455.63,218308.25
20160504,7.46,7.48,7.51,7.43,-0.05,-0.67,213058.53,158994.077
20160505,7.46,7.45,7.48,7.42,0.0,0.0,177455.27,132121.17
20160506,7.34,7.46,7.46,7.34,-0.12,-1.61,327261.75,241868.241
20160509,7.2,7.32,7.32,7.18,-0.14,-1.91,347541.11,251194.106
20160510,7.19,7.18,7.22,7.16,-0.01,-0.14,137131.53,98602.161
20160511,7.22,7.21,7.25,7.18,0.03,0.42,148519.02,107197.25
20160512,7.2,7.21,7.21,7.14,-0.02,-0.28,172218.05,123489.976
20160513,7.19,7.2,7.25,7.16,-0.01,-0.14,210406.32,151349.829
20160516,7.2,7.17,7.2,7.12,0.01,0.14,132203.29,94745.181
20160517,7.24,7.21,7.25,7.2,0.04,0.56,178868.29,129258.512
20160518,7.2,7.21,7.22,7.11,-0.04,-0.55,288083.3,206279.071
20160519,7.18,7.18,7.23,7.15,-0.02,-0.28,169518.84,122035.714
20160520,7.21,7.17,7.21,7.15,0.03,0.42,87155.82,62618.539
20160523,7.2,7.21,7.23,7.19,-0.01,-0.14,105591.26,76128.355
20160524,7.22,7.19,7.22,7.15,0.02,0.28,149169.83,107107.75
20160525,7.19,7.22,7.24,7.19,-0.03,-0.42,111169.79,80176.379
20160526,7.22,7.21,7.25,7.15,0.03,0.42,143015.84,103046.616
20160527,7.2,7.21,7.22,7.17,-0.02,-0.28,90752.11,65305.765
20160530,7.23,7.22,7.24,7.17,0.03,0.42,133729.05,96504.858
20160531,7.37,7.22,7.38,7.21,0.14,1.94,395317.89,288934.02
20160601,7.32,7.36,7.37,7.32,-0.05,-0.68,225881.79,165820.568
20160602,7.33,7.33,7.34,7.3,0.01,0.14,116683.89,85421.106
20160603,7.36,7.34,7.38,7.3,0.03,0.41,246468.42,180972.987
20160606,7.34,7.35,7.36,7.32,-0.02,-0.27,105351.49,77259.073
20160607,7.33,7.35,7.35,7.31,-0.01,-0.14,79628.43,58366.959
20160608,7.3,7.32,7.32,7.27,-0.01,-0.14,130984.01,95632.295
20160613,7.19,7.26,7.39,7.18,-0.11,-1.51,242592.58,176045.971
20160614,7.19,7.19,7.21,7.17,0.0,0.0,125601.03,90229.5
20160615,7.22,7.16,7.23,7.13,0.03,0.42,154928.88,111458.983
20160616,7.17,7.18,7.21,7.15,-0.05,-0.69,187591.01,134619.719
20160617,7.2,7.17,7.25,7.16,0.03,0.42,186709.06,134476.042
20160620,7.21,7.2,7.22,7.17,0.01,0.14,100364.64,72220.073
20160621,7.19,7.21,7.25,7.18,-0.02,-0.28,130182.54,93934.018
20160622,7.22,7.19,7.22,7.18,0.03,0.42,101384.43,73034.124
20160623,7.18,7.22,7.23,7.16,-0.04,-0.55,117768.25,84731.421
20160624,7.12,7.19,7.21,7.08,-0.06,-0.84,291303.68,207671.423
20160627,7.14,7.08,7.16,7.08,0.02,0.28,154910.9,110445.297
20160628,7.19,7.13,7.19,7.12,0.05,0.7,174337.18,124874.737
20160629,7.22,7.19,7.23,7.18,0.03,0.42,172091.56,123959.628
20160630,7.23,7.22,7.24,7.21,0.01,0.14,165720.47,119769.7
20160701,7.22,7.22,7.24,7.19,-0.01,-0.14,174637.87,126064.509
20160704,7.29,7.21,7.29,7.2,0.07,0.97,267339.64,194249.77
20160705,7.3,7.29,7.31,7.26,0.01,0.14,233000.66,169841.235
20160706,7.27,7.26,7.28,7.21,-0.03,-0.41,219805.53,159345.532
20160707,7.29,7.26,7.3,7.23,0.02,0.28,212189.64,154217.812
20160708,7.25,7.26,7.27,7.23,-0.04,-0.55,132076.12,95762.465
20160711,7.28,7.24,7.31,7.23,0.03,0.41,254845.76,185558.194
20160712,7.37,7.27,7.38,7.25,0.09,1.24,491313.42,359837.59
20160713,7.41,7.37,7.44,7.35,0.04,0.54,372635.56,275925.353
20160714,7.37,7.38,7.4,7.35,-0.04,-0.54,192008.59,141478.295
20160715,7.38,7.37,7.41,7.36,0.01,0.14,178135.48,131609.726
20160718,7.38,7.37,7.4,7.35,0.0,0.0,180941.11,133383.455
20160719,7.35,7.36,7.37,7.32,-0.03,-0.41,149149.25,109504.843
20160720,7.32,7.33,7.37,7.32,-0.03,-0.41,121135.42,88876.488
20160721,7.34,7.32,7.37,7.31,0.02,0.27,119942.91,87997.935
20160722,7.29,7.34,7.34,7.28,-0.05,-0.68,159620.8,116458.773
20160725,7.28,7.29,7.31,7.26,-0.01,-0.14,107281.3,78139.857
20160726,7.33,7.28,7.33,7.28,0.05,0.69,111685.54,81623.67
20160727,7.23,7.33,7.34,7.19,-0.1,-1.36,284834.26,206374.675
20160728,7.22,7.22,7.23,7.19,-0.01,-0.14,189588.3,136735.303
20160729,7.22,7.21,7.23,7.2,0.0,0.0,116170.21,83846.122
20160801,7.22,7.21,7.23,7.17,0.0,0.0,133951.95,96369.973
20160802,7.24,7.2,7.24,7.19,0.02,0.28,123092.89,88860.381
20160803,7.22,7.21,7.23,7.19,-0.02,-0.28,103749.29,74851.693
20160804,7.24,7.23,7.24,7.19,0.02,0.28,124084.1,89506.254
20160805,7.24,7.23,7.25,7.21,0.0,0.0,129719.14,93834.507
20160808,7.26,7.24,7.26,7.21,0.02,0.28,152230.14,110245.204
20160809,7.28,7.26,7.29,7.22,0.02,0.28,164700.23,119738.461
20160810,7.27,7.28,7.29,7.26,-0.01,-0.14,114816.41,83513.561
20160811,7.3,7.27,7.3,7.26,0.03,0.41,226074.84,164661.839
20160812,7.34,7.3,7.35,7.27,0.04,0.55,296877.76,217007.943
20160815,7.45,7.35,7.46,7.33,0.11,1.5,549699.99,407237.71
20160816,7.42,7.45,7.46,7.4,-0.03,-0.4,334813.36,248668.153
20160817,7.42,7.42,7.44,7.4,0.0,0.0,202916.14,150609.778
20160818,7.39,7.41,7.44,7.38,-0.03,-0.4,214121.31,158653.819
20160819,7.41,7.41,7.46,7.39,0.02,0.27,279880.3,207697.818
20160822,7.42,7.41,7.45,7.4,0.01,0.14,249023.54,184910.671
20160823,7.42,7.41,7.43,7.39,0.0,0.0,187156.07,138741.588
20160824,7.43,7.41,7.44,7.4,0.01,0.13,148676.15,110348.117
20160825,7.41,7.41,7.42,7.37,-0.02,-0.27,237130.8,175150.15
20160826,7.4,7.4,7.43,7.39,-0.01,-0.14,163733.11,121273.702
20160829,7.42,7.39,7.43,7.37,0.02,0.27,163821.67,121271.592
20160830,7.49,7.42,7.52,7.39,0.07,0.94,456699.83,340947.395
20160831,7.54,7.49,7.54,7.47,0.05,0.67,355170.25,266689.893
20160901,7.49,7.52,7.54,7.48,-0.05,-0.66,237876.58,178598.39
20160902,7.47,7.48,7.5,7.45,-0.02,-0.27,156726.92,117163.358
20160905,7.5,7.47,7.52,7.45,0.03,0.4,178188.05,133320.031
20160906,7.49,7.49,7.5,7.46,-0.01,-0.13,135991.74,101683.881
20160907,7.49,7.48,7.51,7.47,0.0,0.0,166131.92,124435.522
20160908,7.46,7.5,7.5,7.45,-0.03,-0.4,110170.31,82247.374
20160909,7.42,7.47,7.48,7.4,-0.04,-0.54,174065.0,129570.227
20160912,7.31,7.37,7.38,7.26,-0.11,-1.48,358062.93,261515.884
20160913,7.29,7.3,7.31,7.26,-0.02,-0.27,192731.38,140357.741
20160914,7.28,7.27,7.3,7.26,-0.01,-0.14,191951.72,139576.136
20160919,7.28,7.27,7.29,7.26,0.0,0.0,207369.14,150774.811
20160920,7.27,7.28,7.28,7.25,-0.01,-0.14,132267.99,96006.149
20160921,7.26,7.26,7.26,7.23,0.01,0.14,86711.59,62848.37
20160922,7.26,7.27,7.28,7.26,0.0,0.0,169545.96,123264.119
20160923,7.27,7.27,7.28,7.25,0.01,0.14,112948.64,82065.662
20160926,7.19,7.25,7.25,7.18,-0.08,-1.1,253114.02,182567.044
20160927,7.21,7.19,7.22,7.16,0.02,0.28,146267.84,105109.167
20160928,7.19,7.21,7.21,7.18,-0.02,-0.28,80178.25,57630.369
20160929,7.23,7.23,7.27,7.23,0.04,0.56,183506.51,133012.923
20160930,7.22,7.23,7.24,7.21,-0.01,-0.14,140294.8,101327.043
20161010,7.29,7.33,7.33,7.27,0.07,0.97,244554.16,178442.185
20161011,7.31,7.31,7.33,7.29,0.02,0.27,186896.22,136617.861
20161012,7.3,7.29,7.31,7.28,-0.01,-0.14,131392.25,95799.116
20161013,7.28,7.3,7.31,7.27,-0.02,-0.27,132148.75,96314.138
20161014,7.3,7.28,7.3,7.26,0.02,0.27,172254.56,125256.618
20161017,7.26,7.29,7.3,7.25,-0.04,-0.55,162075.62,117930.11
20161018,7.33,7.25,7.35,7.25,0.07,0.96,260048.71,189845.641
20161019,7.33,7.33,7.36,7.31,0.0,0.0,211336.23,155045.522
20161020,7.34,7.34,7.36,7.31,0.01,0.14,283310.45,207752.651
20161021,7.36,7.32,7.37,7.31,0.02,0.27,272688.05,200317.103
20161024,7.43,7.37,7.46,7.34,0.07,0.95,558895.93,414547.122
20161025,7.39,7.41,7.43,7.38,-0.04,-0.54,250159.59,185118.765
20161026,7.38,7.4,7.41,7.35,-0.01,-0.14,139077.84,102611.989
20161027,7.37,7.37,7.4,7.35,-0.01,-0.14,135415.96,99691.237
20161028,7.38,7.36,7.4,7.36,0.01,0.14,189581.33,139801.419
20161031,7.34,7.35,7.36,7.29,-0.04,-0.54,213820.23,156386.467
20161101,7.33,7.32,7.34,7.3,-0.01,-0.14,170665.03,124885.721
20161102,7.28,7.31,7.33,7.26,-0.05,-0.68,211376.16,153921.875
20161103,7.29,7.26,7.31,7.24,0.01,0.14,165506.41,120540.953
20161104,7.26,7.28,7.31,7.26,-0.03,-0.41,184316.3,134216.552
20161107,7.29,7.26,7.31,7.25,0.03,0.41,180578.3,131524.895
20161108,7.32,7.3,7.32,7.3,0.03,0.41,205222.47,150031.977
20161109,7.28,7.32,7.32,7.25,-0.04,-0.55,216469.04,157594.506
20161110,7.34,7.3,7.35,7.28,0.06,0.82,360410.37,263997.933
20161111,7.4,7.32,7.43,7.31,0.06,0.82,472755.05,349124.862
20161114,7.44,7.38,7.46,7.37,0.04,0.54,496169.61,368036.792
20161115,7.42,7.42,7.47,7.4,-0.02,-0.27,342825.95,254796.85
20161116,7.43,7.43,7.44,7.38,0.01,0.13,272181.46,201737.4
20161117,7.42,7.4,7.44,7.37,-0.01,-0.13,254161.95,188149.704
20161118,7.4,7.41,7.43,7.38,-0.02,-0.27,161033.26,119225.994
20161121,7.48,7.38,7.48,7.37,0.08,1.08,484375.68,360821.523
20161122,7.67,7.51,7.73,7.48,0.19,2.54,1286715.0,979351.2
20161123,7.59,7.61,7.71,7.55,-0.08,-1.04,652430.23,497535.571
20161124,7.55,7.57,7.61,7.53,-0.04,-0.53,393492.99,297630.325
20161125,7.6,7.55,7.62,7.52,0.05,0.66,520840.42,394378.092
20161128,7.67,7.58,7.69,7.57,0.07,0.92,522095.63,398715.313
20161129,7.77,7.68,7.8,7.64,0.1,1.3,870724.54,673135.809
20161130,7.62,7.75,7.76,7.58,-0.15,-1.93,561251.75,429321.728
20161201,7.76,7.85,7.87,7.7,0.14,1.84,1012272.56,788376.11
20161202,7.86,7.78,8.14,7.76,0.1,1.29,1547597.96,1227314.804
20161205,7.64,7.79,7.79,7.6,-0.22,-2.8,660914.33,507709.754
20161206,7.6,7.61,7.69,7.59,-0.04,-0.52,340396.4,259787.013
20161207,7.62,7.59,7.62,7.52,0.02,0.26,350637.1,265206.675
20161208,7.58,7.6,7.62,7.57,-0.04,-0.52,220517.71,167401.66
20161209,7.65,7.58,7.67,7.57,0.07,0.92,381101.04,290943.73
20161212,7.57,7.75,7.79,7.55,-0.08,-1.05,609923.52,468914.257
20161213,7.71,7.55,7.74,7.53,0.14,1.85,570669.2,436247.318
20161214,7.75,7.71,7.91,7.69,0.04,0.52,764488.69,596412.303
20161215,7.6,7.68,7.7,7.52,-0.15,-1.94,543117.45,412048.373
20161216,7.61,7.56,7.63,7.53,0.01,0.13,293232.74,222045.981
20161219,7.7,7.62,7.72,7.57,0.09,1.18,404210.35,309571.68
20161220,7.63,7.71,7.71,7.58,-0.07,-0.91,314202.38,239464.954
20161221,7.93,7.75,8.08,7.73,0.3,3.93,1510244.02,1192757.84
20161222,8.16,7.9,8.28,7.86,0.23,2.9,1665867.47,1353244.557
20161223,8.12,8.13,8.24,8.06,-0.04,-0.49,831085.04,676233.042
20161226,8.1,8.07,8.13,7.93,-0.02,-0.25,685981.46,551380.979
20161227,8.02,8.06,8.09,7.97,-0.08,-0.99,493850.7,396109.587
20161228,8.03,8.05,8.19,8.0,0.01,0.12,666148.94,539672.781
20161229,7.95,7.98,8.02,7.93,-0.08,-1.0,385747.55,307184.335
20161230,7.95,7.95,7.98,7.9,0.0,0.0,243481.42,193391.872
20170103,7.97,7.95,8.01,7.91,0.02,0.25,447930.6,356766.66
20170104,8.0,7.96,8.04,7.92,0.03,0.38,395568.53,315504.098
20170105,8.16,7.99,8.22,7.97,0.16,2.0,787165.33,637779.93
20170106,8.36,8.17,8.42,8.15,0.2,2.45,1162010.23,968663.81
20170109,8.37,8.3,8.56,8.3,0.01,0.12,784876.28,663150.251
20170110,8.4,8.35,8.44,8.22,0.03,0.36,471459.86,392825.489
20170111,8.31,8.35,8.49,8.3,-0.09,-1.07,513454.38,431633.916
20170112,8.32,8.31,8.42,8.29,0.01,0.12,380714.38,318094.996
20170113,8.39,8.32,8.42,8.27,0.07,0.84,349798.13,292671.664
20170116,8.52,8.36,8.55,8.27,0.13,1.55,919766.3,774638.185
20170117,8.54,8.47,8.7,8.45,0.02,0.23,649487.09,556922.486
20170118,8.57,8.53,8.61,8.49,0.03,0.35,214014.05,183227.434
20170119,8.5,8.54,8.55,8.36,-0.07,-0.82,467304.02,394371.65
20170120,8.45,8.46,8.48,8.4,-0.05,-0.59,254751.08,214835.928
20170123,8.52,8.45,8.54,8.41,0.07,0.83,317492.18,269085.263
20170124,8.76,8.52,8.83,8.49,0.24,2.82,586483.6,510811.685
20170125,8.74,8.74,8.83,8.68,-0.02,-0.23,311919.55,272852.906
20170126,8.65,8.69,8.76,8.59,-0.09,-1.03,504058.31,436179.145
20170203,8.58,8.65,8.66,8.56,-0.07,-0.81,203394.92,174707.464
20170206,8.55,8.58,8.6,8.49,-0.03,-0.35,554511.94,472770.056
20170207,8.51,8.54,8.55,8.47,-0.04,-0.47,326967.92,278036.942
20170208,8.41,8.49,8.5,8.34,-0.1,-1.18,724579.18,608047.472
20170209,8.43,8.41,8.45,8.33,0.02,0.24,1023348.7,858194.664
20170210,8.44,8.4,8.46,8.38,0.01,0.12,819566.6,690743.171
20170213,8.41,8.45,8.46,8.37,-0.03,-0.36,760567.56,639425.0
20170214,8.39,8.4,8.4,8.35,-0.02,-0.24,389108.34,325828.349
20170215,8.42,8.39,8.44,8.37,0.03,0.36,564357.51,474889.759
20170216,8.32,8.4,8.41,8.26,-0.1,-1.19,830084.96,689551.658
20170217,8.28,8.3,8.38,8.25,-0.04,-0.48,542635.14,451269.301
20170220,8.35,8.28,8.36,8.26,0.07,0.85,525099.17,436502.404
20170221,8.35,8.33,8.37,8.31,0.0,0.0,357562.93,298071.293
20170222,8.4,8.36,8.42,8.35,0.05,0.6,556103.41,466621.05
20170223,8.29,8.39,8.4,8.26,-0.11,-1.31,463454.19,385358.506
20170224,8.26,8.29,8.31,8.18,-0.03,-0.36,667112.14,549312.909
20170227,8.21,8.24,8.26,8.18,-0.05,-0.61,326520.7,268216.921
20170228,8.23,8.2,8.25,8.2,0.02,0.24,222709.42,183097.6
20170301,8.25,8.23,8.27,8.19,0.02,0.24,279202.17,229972.045
20170302,8.18,8.24,8.28,8.17,-0.07,-0.85,333258.21,273955.918
20170303,8.04,8.16,8.16,8.03,-0.14,-1.71,570761.87,460959.917
20170306,8.06,8.05,8.06,8.0,0.02,0.25,272375.04,218978.173
20170307,8.09,8.05,8.09,8.04,0.03,0.37,293380.86,236562.78
20170308,8.09,8.08,8.12,8.03,0.0,0.0,447171.64,361238.748
20170309,7.96,8.04,8.04,7.93,-0.13,-1.61,596210.09,475319.013
20170310,7.93,7.93,7.96,7.92,-0.03,-0.38,283714.75,225295.973
20170313,7.97,7.92,8.01,7.89,0.04,0.5,366114.12,291642.437
20170314,7.99,7.97,8.03,7.94,0.02,0.25,300443.31,240115.372
20170315,7.99,7.98,7.99,7.93,0.0,0.0,330365.28,262837.26
20170316,8.04,7.99,8.05,7.99,0.05,0.63,333023.85,267135.048
20170317,7.94,8.03,8.04,7.92,-0.1,-1.24,389989.11,311627.605
20170320,8.02,7.91,8.02,7.91,0.08,1.01,512713.25,408381.567
20170321,8.03,8.0,8.06,7.98,0.01,0.12,422492.32,339194.717
20170322,7.98,7.98,8.02,7.94,-0.05,-0.62,360911.09,287850.977
20170323,7.92,7.98,7.98,7.88,-0.06,-0.75,408592.19,323715.897
20170324,7.96,7.9,7.98,7.88,0.04,0.51,379374.93,300561.052
20170327,7.92,7.98,8.03,7.9,-0.04,-0.5,472344.63,375587.102
20170328,7.85,7.92,7.94,7.81,-0.07,-0.88,478472.76,375654.08
20170329,7.85,7.85,7.89,7.81,0.0,0.0,274799.48,215915.076
20170330,7.86,7.84,7.89,7.72,0.01,0.13,557702.91,435499.597
20170331,7.87,7.82,7.9,7.8,0.01,0.13,367026.31,288007.478
20170405,7.97,7.87,7.98,7.85,0.1,1.27,547429.73,433946.624
20170406,7.98,7.94,7.99,7.93,0.01,0.13,409054.55,325948.25
20170407,8.05,8.0,8.13,7.98,0.07,0.88,811093.05,654788.942
20170410,8.05,8.07,8.08,8.02,0.0,0.0,403367.19,324624.79
20170411,8.02,8.04,8.06,7.95,-0.03,-0.37,434292.43,347457.119
20170412,8.1,8.02,8.13,7.96,0.08,1.0,445291.45,357822.889
20170413,8.06,8.08,8.11,8.03,-0.04,-0.49,295792.33,238609.983
20170414,8.02,8.05,8.07,8.0,-0.04,-0.5,272958.81,219362.409
20170417,8.05,7.99,8.07,7.95,0.03,0.37,342449.24,274146.693
20170418,7.96,8.02,8.05,7.95,-0.09,-1.12,257069.75,205701.367
20170419,7.8,7.9,7.92,7.75,-0.16,-2.01,373544.2,292170.646
20170420,7.69,7.76,7.79,7.63,-0.11,-1.41,422394.59,325662.811
20170421,7.79,7.68,7.8,7.66,0.1,1.3,289087.05,223199.85
20170424,7.77,7.75,7.8,7.67,-0.02,-0.26,291303.93,225663.688
20170425,7.74,7.73,7.78,7.7,-0.03,-0.39,171606.68,132689.196
20170426,7.73,7.73,7.78,7.7,-0.01,-0.13,270341.12,209565.733
20170427,7.8,7.72,7.81,7.71,0.07,0.91,276114.38,214227.41
20170428,7.8,7.79,7.8,7.72,0.0,0.0,232587.09,180491.022
20170502,7.69,7.77,7.78,7.68,-0.11,-1.41,250287.26,193323.608
20170503,7.6,7.67,7.69,7.58,-0.09,-1.17,351711.06,267946.187
20170504,7.58,7.6,7.6,7.5,-0.02,-0.26,333470.81,251523.438
20170505,7.55,7.51,7.56,7.39,-0.03,-0.4,576964.95,431023.115
20170508,7.48,7.5,7.55,7.42,-0.07,-0.93,346140.69,259191.043
20170509,7.49,7.44,7.51,7.42,0.01,0.13,180081.48,134731.441
20170510,7.44,7.48,7.5,7.43,-0.05,-0.67,173864.0,129855.309
20170511,7.62,7.45,7.64,7.43,0.18,2.42,689667.86,522471.692
20170512,7.6,7.55,7.62,7.55,-0.02,-0.26,337375.85,255768.055
20170515,7.7,7.57,7.75,7.56,0.1,1.32,467072.92,358382.758
20170516,7.69,7.67,7.73,7.63,-0.01,-0.13,254955.58,195461.853
20170517,7.59,7.68,7.68,7.55,-0.1,-1.3,424070.95,322400.055
20170518,7.62,7.55,7.63,7.52,0.03,0.4,264586.52,200922.75
20170519,7.6,7.62,7.66,7.58,-0.02,-0.26,256909.63,195685.184
20170522,7.69,7.67,7.71,7.63,0.09,1.18,373017.95,286226.676
20170523,7.79,7.68,7.79,7.65,0.1,1.3,557615.49,430923.348
20170524,7.75,7.75,7.79,7.68,-0.04,-0.51,305902.13,236513.371
20170525,7.87,7.73,7.9,7.7,0.12,1.55,501577.37,391480.664
20170526,7.8,7.79,7.85,7.77,-0.07,-0.89,411629.58,321443.846
20170531,7.82,7.78,7.86,7.73,0.02,0.26,331584.74,258414.237
20170601,7.85,7.78,7.88,7.75,0.03,0.38,431399.29,337403.467
20170602,7.77,7.83,7.9,7.76,-0.08,-1.02,382754.64,299260.591
20170605,7.74,7.74,7.76,7.65,-0.03,-0.39,360423.71,277610.0
20170606,7.72,7.71,7.74,7.69,-0.02,-0.26,152062.05,117271.636
20170607,7.75,7.73,7.75,7.69,0.03,0.39,274468.3,212196.425
20170608,7.73,7.72,7.75,7.69,-0.02,-0.26,319881.09,246677.828
20170609,7.73,7.71,7.79,7.7,0.0,0.0,271797.38,210369.629
20170612,7.64,7.71,7.73,7.64,-0.09,-1.16,258403.67,198467.475
20170613,7.65,7.61,7.66,7.6,0.01,0.13,167088.56,127578.805
20170614,7.66,7.63,7.67,7.62,0.01,0.13,165442.42,126600.479
20170615,7.65,7.63,7.67,7.59,-0.01,-0.13,199725.61,152372.901
20170616,7.65,7.63,7.66,7.59,0.0,0.0,203194.73,154862.002
20170619,7.65,7.64,7.67,7.63,0.0,0.0,175858.15,134547.366
20170620,7.7,7.66,7.7,7.64,0.05,0.65,235159.78,180489.828
20170621,7.72,7.7,7.73,7.65,0.02,0.26,226227.56,174096.978
20170622,7.69,7.68,7.76,7.65,0.01,0.13,290451.53,223606.839
20170623,7.74,7.64,7.75,7.62,0.05,0.65,332669.78,255695.135
20170626,7.73,7.72,7.76,7.71,-0.01,-0.13,263958.13,204019.154
20170627,7.7,7.72,7.74,7.66,-0.03,-0.39,248679.05,191384.32
20170628,7.69,7.68,7.74,7.67,-0.01,-0.13,251559.11,193994.44
20170629,7.69,7.7,7.72,7.65,0.0,0.0,245959.93,188903.814
20170630,7.69,7.66,7.73,7.64,0.0,0.0,176531.92,135454.059
20170703,7.74,7.7,7.74,7.67,0.05,0.65,194886.06,150335.67
20170704,7.83,7.74,7.86,7.74,0.09,1.16,532888.09,415761.571
20170705,7.81,7.82,7.83,7.78,-0.02,-0.26,206917.76,161404.362
20170706,7.83,7.79,7.88,7.78,0.02,0.26,338321.0,264855.332
20170707,7.8,7.81,7.84,7.78,-0.03,-0.38,182305.1,142323.879
20170710,7.84,7.8,7.91,7.78,0.04,0.51,369448.58,290356.328
20170711,7.84,7.84,7.9,7.82,0.0,0.0,281310.84,221024.063
20170712,7.79,7.85,7.86,7.74,-0.05,-0.64,289206.47,225680.973
20170713,7.89,7.79,7.89,7.77,0.1,1.28,430092.09,337570.197
20170714,7.89,7.9,7.94,7.86,0.0,0.0,317182.31,250266.293
20170717,8.13,7.88,8.14,7.78,0.24,3.04,1272911.34,1013330.634
20170718,8.06,8.05,8.12,7.99,-0.07,-0.86,801438.91,644576.907
20170719,8.11,8.02,8.12,8.01,0.05,0.62,677860.07,547149.496
20170720,8.11,8.09,8.14,8.07,0.0,0.0,434663.45,352340.556
20170721,8.03,8.1,8.12,8.01,-0.08,-0.99,338420.63,272853.847
20170724,8.01,8.0,8.06,7.99,-0.02,-0.25,305470.21,244880.109
20170725,8.07,8.0,8.15,7.99,0.06,0.75,484733.02,391642.758
20170726,8.19,8.1,8.19,8.07,0.12,1.49,642785.72,523321.88
20170727,8.15,8.28,8.3,8.12,-0.04,-0.49,650106.18,533083.333
20170728,8.1,8.12,8.14,8.03,-0.05,-0.61,430781.45,347958.083
20170731,8.13,8.1,8.16,8.07,0.03,0.37,325031.49,263810.435
20170801,8.23,8.16,8.24,8.13,0.1,1.23,470338.0,385281.117
20170802,8.14,8.19,8.2,8.12,-0.09,-1.09,401228.76,327313.912
20170803,8.11,8.15,8.17,8.07,-0.03,-0.37,291184.46,236020.747
20170804,8.18,8.07,8.26,8.07,0.07,0.86,488386.36,399492.355
20170807,8.19,8.18,8.23,8.12,0.01,0.12,260261.6,212375.324
20170808,8.18,8.17,8.2,8.13,-0.01,-0.12,235631.31,192351.551
20170809,8.12,8.17,8.18,8.12,-0.06,-0.73,201220.58,163795.357
20170810,8.09,8.13,8.16,8.03,-0.03,-0.37,371980.09,300923.677
20170811,7.97,8.03,8.06,7.88,-0.12,-1.48,578457.9,460610.09
20170814,7.95,7.94,7.96,7.9,-0.02,-0.25,282462.31,224054.191
20170815,7.93,7.93,7.97,7.91,-0.02,-0.25,230892.92,183163.424
20170816,7.9,7.93,7.94,7.88,-0.03,-0.38,279644.93,220887.766
20170817,7.93,7.91,7.93,7.89,0.03,0.38,306908.68,242794.973
20170818,7.95,7.89,7.97,7.87,0.02,0.25,311398.22,246778.601
20170821,8.02,7.98,8.03,7.95,0.07,0.88,325445.62,260237.459
20170822,8.01,8.02,8.04,7.97,-0.01,-0.12,218805.26,175032.355
20170823,7.99,8.01,8.04,7.98,-0.02,-0.25,183775.0,147013.903
20170824,7.96,8.01,8.03,7.95,-0.03,-0.38,195661.03,156038.282
20170825,8.07,8.03,8.1,8.0,0.11,1.38,531532.97,428291.944
20170828,8.2,8.1,8.23,8.08,0.13,1.61,634271.27,518155.379
20170829,8.12,8.2,8.21,8.1,-0.08,-0.98,336926.54,274068.512
20170830,8.13,8.11,8.19,8.09,0.01,0.12,274040.19,223219.406
20170831,8.11,8.1,8.13,8.08,-0.02,-0.25,216139.1,175084.366
20170901,8.09,8.14,8.15,8.07,-0.02,-0.25,320219.67,259441.439
20170904,8.1,8.09,8.12,8.07,0.01,0.12,308743.53,250001.737
20170905,8.08,8.09,8.13,8.05,-0.02,-0.25,233366.91,188673.843
20170906,8.14,8.08,8.16,8.08,0.06,0.74,361605.12,293817.945
20170907,8.09,8.15,8.16,8.08,-0.05,-0.61,272719.01,221351.281
20170908,8.08,8.09,8.11,8.06,-0.01,-0.12,185640.23,150128.759
20170911,8.08,8.06,8.1,8.05,0.0,0.0,206523.43,166660.479
20170912,8.03,8.09,8.1,8.01,-0.05,-0.62,252602.49,203247.18
20170913,8.03,8.01,8.05,8.0,0.0,0.0,146892.65,117836.344
20170914,8.03,8.03,8.07,8.02,0.0,0.0,195598.98,157340.134
20170915,7.98,7.99,8.01,7.95,0.02,0.25,212915.32,169875.816
20170918,8.0,7.98,8.03,7.96,0.02,0.25,201910.43,161603.532
20170919,7.97,7.98,8.01,7.95,-0.03,-0.38,166892.03,133040.994
20170920,7.94,7.97,7.98,7.93,-0.03,-0.38,197835.96,157336.566
20170921,7.97,7.94,7.98,7.94,0.03,0.38,122273.59,97332.601
20170922,7.95,7.96,7.97,7.87,-0.02,-0.25,227848.8,180274.101
20170925,8.06,7.91,8.09,7.89,0.11,1.38,568830.99,455782.423
20170926,8.09,8.08,8.15,8.05,0.03,0.37,380196.89,307836.523
20170927,8.05,8.07,8.1,8.04,-0.04,-0.49,224887.57,181213.447
20170928,8.0,8.04,8.05,7.95,-0.05,-0.62,259976.65,207714.523
20170929,7.99,8.0,8.02,7.95,-0.01,-0.13,170170.22,135822.134
20171009,7.98,8.04,8.04,7.96,-0.01,-0.13,272635.65,217707.101
20171010,8.0,7.98,8.0,7.96,0.02,0.25,173845.18,138820.615
20171011,8.0,8.0,8.01,7.98,0.0,0.0,197739.12,158066.016
20171012,7.97,8.0,8.0,7.95,-0.03,-0.38,170283.97,135712.263
20171013,7.98,7.97,7.98,7.95,0.01,0.13,149013.03,118639.642
20171016,8.05,7.98,8.06,7.97,0.07,0.88,432761.96,347572.147
20171017,8.05,8.05,8.09,8.02,0.0,0.0,243398.44,195937.318
20171018,8.25,8.05,8.28,8.03,0.2,2.48,1007241.14,822514.068
20171019,8.27,8.2,8.28,8.17,0.02,0.24,614445.43,505635.939
20171020,8.15,8.21,8.22,8.13,-0.12,-1.45,343977.21,280790.234
20171023,8.15,8.15,8.17,8.09,0.0,0.0,278784.08,226401.427
20171024,8.17,8.13,8.23,8.12,0.02,0.25,412471.55,337284.932
20171025,8.13,8.15,8.17,8.1,-0.04,-0.49,269016.97,218655.73
20171026,8.17,8.13,8.17,8.09,0.04,0.49,292046.12,237183.645
20171027,8.13,8.18,8.19,8.1,-0.04,-0.49,356021.17,289734.279
20171030,8.3,8.15,8.35,8.11,0.17,2.09,1012771.66,835501.367
20171031,8.27,8.27,8.3,8.22,-0.03,-0.36,477196.52,393957.807
20171101,8.39,8.27,8.43,8.25,0.12,1.45,821551.33,687248.961
20171102,8.39,8.36,8.43,8.33,0.0,0.0,464926.57,389432.221
20171103,8.32,8.39,8.5,8.27,-0.07,-0.83,683505.88,573122.464
20171106,8.38,8.38,8.46,8.31,0.06,0.72,618627.47,519015.601
20171107,8.59,8.45,8.67,8.44,0.21,2.51,1159528.01,996095.747
20171108,8.5,8.55,8.57,8.44,-0.09,-1.05,814220.46,692602.087
20171109,8.52,8.49,8.53,8.44,0.02,0.24,380328.06,322430.6
20171110,8.39,8.5,8.54,8.34,-0.13,-1.53,561770.06,472776.872
20171113,8.4,8.4,8.45,8.31,0.01,0.12,495403.79,415151.129
20171114,8.36,8.37,8.42,8.33,-0.04,-0.48,328526.71,274714.945
20171115,8.15,8.3,8.3,8.14,-0.21,-2.51,572902.1,470168.012
20171116,8.08,8.14,8.17,8.06,-0.07,-0.86,402607.47,326493.319
20171117,8.12,8.1,8.13,8.04,0.04,0.5,606394.15,490547.899
20171120,8.18,8.11,8.23,8.1,0.06,0.74,612410.78,500081.05
20171121,8.22,8.14,8.27,8.06,0.04,0.49,632318.98,516898.089
20171122,8.4,8.21,8.43,8.18,0.18,2.19,774708.46,644979.462
20171123,8.29,8.41,8.47,8.28,-0.11,-1.31,779245.71,652383.97
20171124,8.4,8.27,8.44,8.22,0.11,1.33,648565.15,541272.855
20171127,8.34,8.4,8.55,8.32,-0.06,-0.71,581735.63,489085.647
20171128,8.21,8.31,8.35,8.18,-0.13,-1.56,472540.26,389336.986
20171129,8.24,8.21,8.34,8.19,0.03,0.37,424742.95,350481.104
20171130,8.17,8.18,8.25,8.14,-0.07,-0.85,347235.56,284522.273
20171201,8.16,8.18,8.21,8.12,-0.01,-0.12,277254.25,226050.349
20171204,8.17,8.16,8.22,8.13,0.01,0.12,332402.92,271764.219
20171205,8.22,8.15,8.24,8.1,0.05,0.61,559685.96,457808.45
20171206,8.09,8.18,8.19,8.06,-0.13,-1.58,486363.21,394839.621
20171207,8.05,8.04,8.1,8.02,-0.04,-0.49,344323.27,277573.739
20171208,8.06,8.04,8.07,8.0,0.01,0.12,388392.78,312231.669
20171211,8.09,8.06,8.14,8.05,0.03,0.37,303883.36,246045.812
20171212,8.02,8.1,8.12,8.0,-0.07,-0.87,309192.32,249621.468
20171213,8.02,8.01,8.05,8.0,0.0,0.0,245747.83,197199.405
20171214,7.94,8.03,8.04,7.91,-0.08,-1.0,401824.42,319916.463
20171215,7.87,7.94,7.94,7.86,-0.07,-0.88,280842.31,221702.48
20171218,7.88,7.87,7.9,7.84,0.01,0.13,208613.42,164226.024
20171219,7.89,7.88,7.91,7.86,0.01,0.13,164467.64,129744.448
20171220,7.94,7.93,7.96,7.9,0.05,0.63,256887.26,203894.324
20171221,7.98,7.94,8.0,7.89,0.04,0.5,260142.9,207253.191
20171222,8.09,7.99,8.12,7.95,0.11,1.38,424929.64,342894.03
20171225,8.04,8.08,8.12,8.01,-0.05,-0.62,210080.3,169164.792
20171226,8.07,8.02,8.09,8.01,0.03,0.37,197295.41,159039.408
20171227,8.09,8.09,8.18,8.08,0.02,0.25,374526.02,304450.028
20171228,8.06,8.07,8.12,8.02,-0.03,-0.37,251258.26,202762.59
20171229,8.09,8.06,8.13,8.05,0.03,0.37,238671.87,193083.877
20180102,8.25,8.09,8.33,8.08,0.16,1.98,613961.0,504750.225
20180103,8.27,8.23,8.37,8.21,0.02,0.24,474138.35,392423.555
20180104,8.55,8.34,8.79,8.32,0.28,3.39,1522772.62,1301096.07
20180105,8.59,8.53,8.66,8.48,0.04,0.47,1022461.29,875275.6
20180108,8.53,8.56,8.62,8.47,-0.06,-0.7,641963.46,547507.905
20180109,8.51,8.51,8.62,8.45,-0.02,-0.23,471639.69,401949.416
20180110,8.75,8.62,8.89,8.62,0.24,2.82,1141983.89,1003488.105
20180111,8.76,8.77,8.88,8.68,0.01,0.11,628303.32,551183.264
20180112,8.75,8.82,8.85,8.66,-0.01,-0.11,481093.02,420752.902
20180115,8.81,8.78,8.95,8.67,0.06,0.69,833632.59,734827.24
20180116,8.71,8.8,8.89,8.65,-0.1,-1.14,715298.78,624079.208
20180117,8.82,8.68,9.01,8.66,0.11,1.26,1265740.27,1115243.278
20180118,8.73,8.87,8.87,8.68,-0.09,-1.02,726278.07,633745.903
20180119,9.0,8.73,9.05,8.71,0.27,3.09,1271361.51,1128314.457
20180122,8.95,8.95,9.05,8.81,-0.05,-0.56,905758.47,808499.883
20180123,9.19,9.0,9.19,8.93,0.24,2.68,1451805.93,1311817.526
20180124,9.33,9.21,9.35,9.11,0.14,1.52,1379677.55,1272536.714
20180125,9.25,9.4,9.58,9.24,-0.08,-0.86,1199357.16,1128289.891
20180126,9.31,9.2,9.34,9.11,0.06,0.65,688512.02,633993.707
20180129,9.3,9.33,9.5,9.24,-0.01,-0.11,901335.76,845415.631
20180130,9.11,9.2,9.3,9.08,-0.19,-2.04,708107.65,648847.238
20180131,9.01,8.96,9.07,8.91,-0.1,-1.1,707725.17,635864.94
20180201,9.0,9.01,9.07,8.85,-0.01,-0.11,775713.73,695930.627
20180202,9.3,8.98,9.37,8.88,0.3,3.33,1125321.39,1025981.723
20180205,9.35,9.1,9.36,9.1,0.05,0.54,967036.55,894576.541
20180206,8.82,9.2,9.3,8.75,-0.53,-5.67,1081115.13,981671.752
20180207,8.57,8.95,9.02,8.5,-0.25,-2.83,1222672.59,1073181.537
20180208,8.36,8.44,8.49,8.28,-0.21,-2.45,862727.54,723359.609
20180209,7.95,8.16,8.23,7.8,-0.41,-4.9,1231109.47,988126.197
20180212,7.98,7.95,8.04,7.87,0.03,0.38,537580.1,428351.582
20180213,8.0,7.98,8.09,7.94,0.02,0.25,537446.86,430609.019
20180214,8.02,7.99,8.05,7.93,0.02,0.25,365464.85,292366.523
20180222,8.16,8.09,8.19,8.05,0.14,1.75,466575.61,379639.131
20180223,8.19,8.16,8.25,8.13,0.03,0.37,461002.96,377754.275
20180226,8.26,8.25,8.29,8.14,0.07,0.85,507090.41,416443.222
20180227,8.13,8.24,8.27,8.1,-0.13,-1.57,418637.11,342018.027
20180228,8.0,8.06,8.12,7.97,-0.13,-1.6,617047.65,494928.679
20180301,8.02,7.94,8.04,7.89,0.02,0.25,345770.83,275866.04
20180302,7.96,7.95,8.0,7.92,-0.06,-0.75,293448.2,233577.897
20180305,8.01,7.96,8.04,7.96,0.05,0.63,308116.14,246590.369
20180306,8.11,8.04,8.12,8.0,0.1,1.25,381471.99,307284.715
20180307,8.02,8.08,8.11,8.0,-0.09,-1.11,321237.43,258864.349
20180308,8.03,7.98,8.05,7.97,0.01,0.12,229779.14,184142.408
20180309,8.03,8.01,8.03,7.99,0.0,0.0,299773.89,240196.288
20180312,8.05,8.05,8.1,8.03,0.02,0.25,542012.56,436812.394
20180313,7.99,8.03,8.05,7.98,-0.06,-0.75,300878.9,241298.002
20180314,7.99,7.98,8.02,7.95,0.0,0.0,421416.21,336589.156
20180315,7.95,7.95,7.99,7.92,-0.04,-0.5,338743.48,269401.113
20180316,7.91,7.94,7.98,7.9,-0.04,-0.5,284994.97,226209.469
20180319,7.97,7.91,7.97,7.9,0.06,0.76,365181.56,290280.188
20180320,8.07,7.93,8.11,7.92,0.1,1.25,884049.7,710266.224
20180321,8.03,8.11,8.16,7.99,-0.04,-0.5,701121.33,566685.191
20180322,8.05,8.1,8.13,8.02,0.02,0.25,502224.09,405294.802
20180323,7.83,7.92,7.92,7.73,-0.22,-2.73,868120.77,679356.376
20180326,7.75,7.83,7.85,7.64,-0.08,-1.02,581093.98,449288.36
20180327,7.79,7.79,7.8,7.74,0.04,0.52,404215.4,314199.149
20180328,7.6,7.72,7.74,7.58,-0.19,-2.44,508680.01,389754.039
20180329,7.7,7.6,7.72,7.56,0.1,1.32,374972.39,286466.571
20180330,7.64,7.69,7.7,7.62,-0.06,-0.78,304853.02,233125.808
20180402,7.65,7.65,7.72,7.61,0.01,0.13,332003.41,254535.456
20180403,7.49,7.58,7.59,7.44,-0.16,-2.09,585306.26,439917.263
20180404,7.46,7.52,7.54,7.44,-0.03,-0.4,404641.46,302896.894
20180409,7.48,7.43,7.51,7.39,0.02,0.27,339087.68,252991.843
20180410,7.59,7.5,7.6,7.43,0.11,1.47,382334.91,287998.24
20180411,7.69,7.64,7.74,7.63,0.1,1.32,534136.53,409978.998
20180412,7.73,7.71,7.76,7.68,0.04,0.52,527429.29,407514.407
20180413,7.62,7.69,7.69,7.62,-0.11,-1.42,220174.56,168476.843
20180416,7.55,7.67,7.7,7.53,-0.07,-0.92,293128.98,222877.767
20180417,7.52,7.54,7.58,7.51,-0.03,-0.4,221825.51,167321.421
20180418,7.64,7.57,7.64,7.51,0.12,1.6,294728.74,223282.946
20180419,7.75,7.71,7.79,7.69,0.11,1.44,429920.29,332688.248
20180420,7.64,7.71,7.75,7.63,-0.11,-1.42,290499.36,223158.073
20180423,7.58,7.62,7.68,7.53,-0.06,-0.79,203253.47,154443.599
20180424,7.71,7.6,7.73,7.6,0.13,1.72,385571.51,296063.653
20180425,7.64,7.65,7.68,7.62,-0.07,-0.91,198190.63,151503.971
20180426,7.55,7.66,7.68,7.54,-0.09,-1.18,232095.55,176086.439
20180427,7.65,7.58,7.67,7.53,0.1,1.32,289424.76,220191.575
20180502,7.61,7.65,7.66,7.56,-0.04,-0.52,232936.99,177306.645
20180503,7.7,7.61,7.72,7.57,0.09,1.18,329403.07,252464.978
20180504,7.7,7.67,7.71,7.65,0.0,0.0,198814.75,152501.347
20180507,7.84,7.73,7.85,7.69,0.14,1.82,609440.6,474375.907
20180508,7.84,7.8,7.85,7.79,0.0,0.0,357171.74,279166.531
20180509,7.9,7.85,8.01,7.84,0.06,0.77,681618.64,539535.007
20180510,8.0,8.03,8.08,7.95,0.1,1.27,666431.06,534667.6
20180511,7.98,8.02,8.06,7.95,-0.02,-0.25,515465.84,412640.75
20180514,7.99,7.96,8.0,7.92,0.01,0.13,304692.83,242795.241
20180515,8.0,8.01,8.03,7.96,0.01,0.13,200348.57,159988.251
20180516,7.89,7.98,7.98,7.86,-0.11,-1.38,301570.3,238495.932
20180517,7.91,7.92,7.96,7.9,0.02,0.25,248707.21,197218.16
20180518,8.49,7.92,8.5,7.92,0.58,7.33,1551386.79,1278789.494
20180521,8.52,8.44,8.54,8.35,0.03,0.35,1030623.34,872544.373
20180522,8.56,8.5,8.57,8.38,0.04,0.47,614855.37,520696.203
20180523,8.25,8.5,8.51,8.24,-0.31,-3.62,774444.23,647120.677
20180524,8.25,8.26,8.31,8.21,0.0,0.0,360064.79,297424.998
20180525,8.13,8.19,8.31,8.11,-0.12,-1.45,520185.83,426290.976
20180528,8.13,8.02,8.16,8.0,0.0,0.0,612369.06,495590.483
20180529,8.05,8.12,8.14,8.01,-0.08,-0.98,348009.46,280682.388
20180530,7.81,7.96,8.01,7.81,-0.24,-2.98,503802.02,398022.95
20180531,7.98,7.93,8.01,7.86,0.17,2.18,482182.88,382979.672
20180601,8.0,7.95,8.05,7.89,0.02,0.25,333364.28,265282.463
20180604,7.96,7.98,8.05,7.92,-0.04,-0.5,222270.68,176950.244
20180605,7.98,7.93,8.02,7.87,0.02,0.25,280270.5,222981.048
20180606,7.98,7.97,8.02,7.85,0.0,0.0,410266.47,324945.849
20180607,7.93,7.96,7.98,7.92,-0.05,-0.63,211894.15,168444.964
20180608,7.91,7.97,8.06,7.89,-0.02,-0.25,373538.76,298127.092
20180611,7.77,7.87,7.88,7.72,-0.14,-1.77,334794.07,260342.138
20180612,7.83,7.76,7.84,7.75,0.06,0.77,197240.84,153882.331
20180613,7.78,7.8,7.85,7.75,-0.05,-0.64,174781.31,136129.774
20180614,7.74,7.75,7.84,7.71,-0.04,-0.51,203181.53,157633.981
20180615,7.75,7.74,7.78,7.72,0.01,0.13,238358.6,184802.19
20180619,7.41,7.68,7.69,7.31,-0.34,-4.39,487378.93,366423.862
20180620,7.42,7.37,7.44,7.33,0.01,0.14,311287.82,230172.575
20180621,7.27,7.36,7.38,7.25,-0.09,-1.22,268328.82,196642.23
20180622,7.3,7.25,7.36,7.17,0.03,0.41,200757.1,146157.346
20180625,7.31,7.4,7.42,7.3,0.01,0.14,225093.47,165416.191
20180626,7.33,7.25,7.37,7.2,0.02,0.27,225972.68,164885.089
20180627,7.51,7.45,7.61,7.41,0.18,2.46,480407.29,362206.745
20180628,7.71,7.62,7.78,7.6,0.2,2.66,513919.29,395808.468
20180629,7.71,7.71,7.79,7.52,0.0,0.0,381343.01,291455.988
20180702,7.51,7.65,7.68,7.45,-0.2,-2.59,301499.38,227380.343
20180703,7.53,7.51,7.55,7.39,0.02,0.27,281874.09,210965.581
20180704,7.49,7.49,7.58,7.46,-0.04,-0.53,222852.14,167686.492
20180705,7.43,7.49,7.52,7.35,-0.06,-0.8,211141.93,156670.35
20180706,7.45,7.39,7.46,7.34,0.02,0.27,251273.7,186326.792
20180709,7.61,7.49,7.62,7.47,0.16,2.15,246631.3,186343.473
20180710,7.76,7.65,7.76,7.52,0.15,1.97,357919.71,274295.293
20180711,7.59,7.6,7.66,7.55,-0.17,-2.19,205208.66,155779.787
20180712,7.64,7.49,7.65,7.46,0.05,0.66,277700.02,210615.702
20180713,7.6,7.62,7.63,7.57,-0.04,-0.52,155640.49,118229.13
20180716,7.49,7.58,7.61,7.45,-0.11,-1.45,209441.97,157032.779
20180717,7.3,7.42,7.42,7.25,-0.19,-2.54,522696.27,381686.029
20180718,7.28,7.3,7.31,7.25,-0.02,-0.27,306120.47,223041.263
20180719,7.24,7.3,7.33,7.21,-0.04,-0.55,254244.81,184784.52
20180720,7.36,7.25,7.38,7.21,0.12,1.6575,319075.75,233212.414
20180723,7.46,7.32,7.49,7.3,0.1,1.3587,342299.21,252472.636
20180724,7.57,7.43,7.67,7.41,0.11,1.4745,439630.78,331664.62
20180725,7.58,7.63,7.65,7.53,0.01,0.1321,225433.11,170777.738
20180726,7.58,7.6,7.62,7.54,0.0,0.0,211848.08,160489.013
20180727,7.58,7.56,7.59,7.53,0.0,0.0,186915.19,141270.904
20180730,7.59,7.56,7.66,7.51,0.01,0.1319,290364.51,219920.875
20180731,7.73,7.64,7.79,7.59,0.14,1.8445,493920.49,380083.439
20180801,7.58,7.67,7.73,7.57,-0.15,-1.9405,313876.18,240625.399
20180802,7.55,7.58,7.6,7.43,-0.03,-0.3958,295040.81,221908.101
20180803,7.61,7.56,7.72,7.55,0.06,0.7947,421803.22,322181.5
20180806,7.6,7.55,7.68,7.53,-0.01,-0.1314,375511.24,286198.794
20180807,7.94,7.64,7.98,7.63,0.34,4.4737,684069.61,536364.378
20180808,8.06,7.9,8.23,7.87,0.12,1.5113,920427.52,743298.085
20180809,8.06,7.95,8.09,7.86,0.0,0.0,437939.64,350148.858
20180810,8.03,8.01,8.14,7.94,-0.03,-0.3722,292855.12,235400.587
20180813,7.99,8.01,8.12,7.88,-0.04,-0.4981,327277.35,261623.505
20180814,8.11,7.96,8.15,7.93,0.12,1.5019,329496.26,266032.706
20180815,8.08,8.08,8.16,8.01,-0.03,-0.3699,327076.69,264932.887
20180816,7.94,7.96,8.1,7.88,-0.14,-1.7327,284317.25,226442.687
20180817,7.99,7.94,8.1,7.94,0.05,0.6297,335042.13,269039.987
20180820,8.18,8.02,8.2,8.0,0.19,2.378,385553.16,313830.106
20180821,8.17,8.18,8.27,8.09,-0.01,-0.1222,303690.34,248139.785
20180822,8.0,8.17,8.18,7.97,-0.17,-2.0808,361151.5,290103.284
20180823,8.06,8.03,8.09,7.98,0.06,0.75,212563.09,170914.943
20180824,8.13,8.06,8.18,7.99,0.07,0.8685,231838.24,188024.506
20180827,8.26,8.13,8.28,8.12,0.13,1.599,295984.2,243867.169
20180828,8.17,8.26,8.3,8.13,-0.09,-1.0896,272123.23,223047.259
20180829,8.17,8.17,8.2,8.1,0.0,0.0,175592.09,143277.987
20180830,8.15,8.22,8.29,8.1,-0.02,-0.2448,257111.62,210517.385
20180831,8.04,8.16,8.16,7.97,-0.11,-1.3497,347978.45,279922.338
20180903,8.07,8.0,8.08,7.97,0.03,0.3731,195136.77,156523.489
20180904,8.24,8.06,8.28,8.04,0.17,2.1066,350292.45,286894.077
20180905,8.2,8.22,8.27,8.14,-0.04,-0.4854,314440.22,258036.085
20180906,8.25,8.18,8.33,8.15,0.05,0.6098,336903.93,278249.514
20180907,8.2,8.24,8.35,8.15,-0.05,-0.6061,232722.83,191511.409
20180910,8.18,8.17,8.26,8.15,-0.02,-0.2439,181175.99,148694.857
20180911,8.24,8.2,8.31,8.19,0.06,0.7335,278770.06,229987.364
20180912,8.27,8.31,8.35,8.18,0.03,0.3641,311249.68,257060.79
20180913,8.53,8.3,8.54,8.29,0.26,3.1439,625090.07,527276.103
20180914,8.66,8.49,8.71,8.4,0.13,1.524,662725.44,569079.596
20180917,8.67,8.65,8.7,8.58,0.01,0.1155,329062.71,284176.675
20180918,8.61,8.61,8.68,8.44,-0.06,-0.692,331457.79,283015.376
20180919,8.93,8.63,8.98,8.6,0.32,3.7166,698397.61,618380.861
20180920,8.96,8.93,8.96,8.86,0.03,0.3359,316344.48,281918.244
20180921,8.81,8.87,8.91,8.64,-0.06,-0.6764,615641.16,538140.377
20180925,8.89,8.86,9.1,8.86,0.08,0.9081,539802.5,483253.071
20180926,9.05,8.86,9.09,8.83,0.16,1.7998,565948.65,510305.511
20180927,9.11,9.03,9.17,8.99,0.06,0.663,471528.2,429052.656
20180928,9.17,9.11,9.17,9.01,0.06,0.6586,429773.14,390526.003
20181008,8.83,9.11,9.3,8.81,-0.34,-3.7077,856110.62,776121.413
20181009,9.22,8.83,9.34,8.83,0.39,4.4168,914991.04,837079.259
20181010,9.33,9.2,9.34,9.13,0.11,1.1931,509395.64,470760.09
20181011,8.83,8.97,9.07,8.64,-0.5,-5.3591,994120.26,882853.587
20181012,8.91,8.72,8.95,8.6,0.08,0.906,606840.24,531155.033
20181015,8.83,8.82,9.05,8.66,-0.08,-0.8979,579347.42,512418.966
20181016,8.92,8.79,9.08,8.75,0.09,1.0193,499144.0,447080.976
20181017,9.09,8.97,9.14,8.94,0.17,1.9058,618199.21,559824.565
20181018,8.37,8.93,8.94,8.35,-0.72,-7.9208,1072804.1,921621.14
20181019,8.52,8.14,8.56,8.09,0.15,1.7921,773606.0,643530.573
20181022,8.7,8.47,8.79,8.44,0.18,2.1127,933232.89,808174.144
20181023,8.52,8.55,8.74,8.49,-0.18,-2.069,466298.81,401072.639
20181024,8.3,8.21,8.41,8.11,-0.22,-2.5822,763881.65,629633.654
20181025,8.27,8.14,8.27,8.1,-0.03,-0.3614,456259.81,373690.998
20181026,8.24,8.3,8.37,8.21,-0.03,-0.3628,418067.77,346358.966
20181029,8.23,8.4,8.4,8.18,-0.01,-0.1214,525774.57,435887.444
20181030,8.26,8.23,8.28,8.06,0.03,0.3645,482862.83,396194.025
20181031,8.31,8.31,8.33,8.16,0.05,0.6053,630140.75,518973.91
20181101,8.2,8.24,8.35,8.19,-0.11,-1.3237,715977.55,591548.744
20181102,8.31,8.2,8.33,8.11,0.11,1.3415,919127.63,756038.67
20181105,8.29,8.22,8.3,8.18,-0.02,-0.2407,566756.56,466325.811
20181106,8.35,8.26,8.38,8.23,0.06,0.7238,709619.67,590858.259
20181107,8.19,8.3,8.32,8.16,-0.16,-1.9162,598295.37,492506.101
20181108,8.23,8.21,8.27,8.18,0.04,0.4884,457374.79,376343.824
20181109,8.09,8.14,8.18,8.09,-0.14,-1.7011,399166.83,324283.781
20181112,8.12,8.07,8.13,8.05,0.03,0.3708,454003.12,367509.236
20181113,8.06,8.0,8.07,7.92,-0.06,-0.7389,686343.94,548124.651
20181114,7.84,7.81,7.89,7.77,-0.22,-2.7295,713423.71,558846.624
20181115,7.87,7.86,7.87,7.81,0.03,0.3827,533340.64,418276.853
20181116,7.86,7.86,7.88,7.81,-0.01,-0.1271,524181.74,411281.807
20181119,7.91,7.85,7.91,7.82,0.05,0.6361,571926.5,449817.959
20181120,7.83,7.86,7.89,7.8,-0.08,-1.0114,457063.84,358294.771
20181121,7.71,7.69,7.72,7.65,-0.12,-1.5326,502136.16,385923.325
20181122,7.73,7.71,7.74,7.69,0.02,0.2594,329027.92,253870.754
20181123,7.64,7.71,7.72,7.62,-0.09,-1.1643,412410.96,316643.034
20181126,7.6,7.58,7.61,7.47,-0.04,-0.5236,431057.29,325224.584
20181127,7.56,7.61,7.62,7.53,-0.04,-0.5263,308642.44,233778.774
20181128,7.61,7.56,7.63,7.55,0.05,0.6614,326505.44,247774.685
20181129,7.56,7.58,7.65,7.55,-0.05,-0.657,356166.46,270483.918
20181130,7.61,7.58,7.63,7.57,0.05,0.6614,313846.57,238552.844
20181203,7.73,7.72,7.8,7.65,0.12,1.5769,801552.47,619054.36
20181204,7.73,7.71,7.75,7.7,0.0,0.0,464759.67,359067.101
20181205,7.67,7.65,7.73,7.65,-0.06,-0.7762,307327.71,236150.88
20181206,7.6,7.62,7.65,7.55,-0.07,-0.9126,320097.39,243010.592
20181207,7.57,7.59,7.6,7.55,-0.03,-0.3947,234798.23,177808.307
20181210,7.62,7.61,7.62,7.57,0.05,0.6605,323011.24,245517.48
20181211,7.58,7.57,7.6,7.56,-0.04,-0.5249,217352.91,164629.874
20181212,7.64,7.63,7.66,7.59,0.06,0.7916,240582.08,183426.084
20181213,7.71,7.62,7.74,7.61,0.07,0.9162,347000.69,267256.943
20181214,7.69,7.74,7.8,7.68,-0.02,-0.2594,625835.48,484926.063
20181217,7.72,7.65,7.75,7.64,0.03,0.3901,329986.82,254254.878
20181218,7.63,7.67,7.69,7.6,-0.09,-1.1658,314880.92,240670.391
20181219,7.47,7.59,7.59,7.47,-0.16,-2.097,394987.04,296610.073
20181220,7.43,7.47,7.5,7.38,-0.04,-0.5355,287684.3,213621.847
20181221,7.4,7.39,7.4,7.35,-0.03,-0.4038,300645.68,221855.676
20181224,7.42,7.37,7.45,7.35,0.02,0.2703,263983.95,195247.299
20181225,7.27,7.32,7.32,7.2,-0.15,-2.0216,417408.3,302796.657
20181226,7.25,7.26,7.3,7.24,-0.02,-0.2751,188356.11,136913.711
20181227,7.22,7.42,7.47,7.15,-0.03,-0.4138,792416.04,577648.316
20181228,7.21,7.17,7.25,7.14,-0.01,-0.1385,336285.07,242428.74
20190102,7.16,7.21,7.24,7.12,-0.05,-0.6935,333285.59,238296.722
20190103,7.21,7.16,7.21,7.13,0.05,0.6983,247369.11,177485.219
20190104,7.29,7.2,7.3,7.17,0.08,1.1096,353439.61,255742.293
20190107,7.32,7.32,7.37,7.28,0.03,0.4115,421019.19,308369.737
20190108,7.33,7.33,7.35,7.3,0.01,0.1366,260652.23,191078.48
20190109,7.33,7.39,7.42,7.32,0.0,0.0,376163.26,277799.749
20190110,7.35,7.4,7.4,7.34,0.02,0.2729,301024.73,221781.711
20190111,7.38,7.38,7.39,7.34,0.03,0.4082,214611.89,157943.174
20190114,7.31,7.35,7.39,7.3,-0.07,-0.9485,215188.89,157683.619
20190115,7.34,7.33,7.36,7.31,0.03,0.4104,253922.21,186094.725
20190116,7.34,7.36,7.38,7.33,0.0,0.0,255763.38,187967.219
20190117,7.31,7.35,7.36,7.3,-0.03,-0.4087,223461.46,163778.737
20190118,7.35,7.34,7.36,7.28,0.04,0.5472,442268.65,324003.804
20190121,7.39,7.38,7.41,7.36,0.04,0.5442,409273.99,302040.345
20190122,7.32,7.42,7.44,7.3,-0.07,-0.9472,399142.8,294229.315
20190123,7.26,7.3,7.31,7.26,-0.06,-0.8197,277459.51,202038.405
20190124,7.28,7.27,7.29,7.22,0.02,0.2755,267580.65,194166.342
20190125,7.28,7.29,7.31,7.26,0.0,0.0,366751.81,267034.666
20190128,7.27,7.3,7.33,7.26,-0.01,-0.1374,366756.3,267529.82
20190129,7.27,7.24,7.29,7.21,0.0,0.0,346984.01,251245.309
20190130,7.25,7.28,7.29,7.24,-0.02,-0.2751,255545.68,185679.617
20190131,7.32,7.28,7.33,7.25,0.07,0.9655,458993.64,334720.838
20190201,7.35,7.33,7.35,7.28,0.03,0.4098,455870.96,333705.104
20190211,7.36,7.32,7.38,7.3,0.01,0.1361,448614.56,329406.059
20190212,7.41,7.36,7.41,7.33,0.05,0.6793,488937.0,360408.434
20190213,7.53,7.41,7.57,7.39,0.12,1.6194,1011858.32,755716.612
20190214,7.51,7.51,7.53,7.47,-0.02,-0.2656,507927.84,380961.534
20190215,7.45,7.49,7.54,7.45,-0.06,-0.7989,406848.43,304497.48
20190218,7.57,7.49,7.58,7.49,0.12,1.6107,812928.28,612639.483
20190219,7.59,7.57,7.62,7.53,0.02,0.2642,848843.71,642923.169
20190220,7.58,7.6,7.6,7.54,-0.01,-0.1318,495974.57,375427.035
20190221,7.52,7.57,7.6,7.5,-0.06,-0.7916,714778.45,539670.537
20190222,7.57,7.49,7.57,7.45,0.05,0.6649,755173.09,567358.495
20190225,7.85,7.58,7.85,7.58,0.28,3.6988,2116256.7,1636201.634
20190226,7.8,7.8,7.89,7.73,-0.05,-0.6369,1598627.65,1247082.066
20190227,7.83,7.78,7.94,7.77,0.03,0.3846,1341803.41,1052128.4
20190228,7.83,7.86,7.87,7.78,0.0,0.0,909033.49,711663.008
20190301,7.88,7.84,7.89,7.78,0.05,0.6386,1050348.11,822261.22
20190304,7.91,7.88,8.02,7.84,0.03,0.3807,1943587.4,1538655.941
20190305,7.87,7.89,7.9,7.81,-0.04,-0.5057,1417830.53,1112282.661
20190306,7.98,7.86,8.02,7.85,0.11,1.3977,2008336.82,1591998.137
20190307,7.94,7.95,7.97,7.89,-0.04,-0.5013,1660336.53,1315739.499
20190308,7.66,7.88,7.89,7.66,-0.28,-3.5264,1548404.94,1205115.696
20190311,7.71,7.66,7.71,7.6,0.05,0.6527,1104326.84,845021.339
20190312,7.75,7.73,7.84,7.7,0.04,0.5188,1492632.16,1158483.739
20190313,7.69,7.75,7.76,7.64,-0.06,-0.7742,1012630.7,779380.424
20190314,7.67,7.72,7.79,7.63,-0.02,-0.2601,990895.4,764126.489
20190315,7.7,7.68,7.72,7.65,0.03,0.3911,894429.99,687066.841
20190318,7.81,7.69,7.82,7.67,0.11,1.4286,1265207.89,980318.688
20190319,7.8,7.83,7.86,7.77,-0.01,-0.128,1113153.77,868546.15
20190320,7.77,7.8,7.82,7.71,-0.03,-0.3846,980276.19,761127.703
20190321,7.82,7.78,7.87,7.75,0.05,0.6435,1352330.85,1055387.21
20190322,7.77,7.82,7.83,7.72,-0.05,-0.6394,993618.67,771770.126
20190325,7.6,7.67,7.68,7.59,-0.17,-2.1879,1259301.58,962134.696
20190326,7.54,7.63,7.64,7.52,-0.06,-0.7895,820695.56,621132.436
20190327,7.55,7.57,7.58,7.53,0.01,0.1326,544351.04,411094.402
20190328,7.49,7.51,7.53,7.48,-0.06,-0.7947,562165.56,421594.488
20190329,7.6,7.49,7.61,7.48,0.11,1.4686,878578.38,663826.519
20190401,7.69,7.58,7.71,7.56,0.09,1.1842,2259524.07,1726215.902
20190402,7.66,7.72,7.72,7.64,-0.03,-0.3901,1118554.66,857669.59
20190403,7.73,7.65,7.74,7.64,0.07,0.9138,1286975.91,989422.798
20190404,7.73,7.72,7.77,7.69,0.0,0.0,1657726.67,1281242.64
20190408,7.77,7.79,7.82,7.71,0.04,0.5175,1932837.01,1502557.892
20190409,7.73,7.79,7.8,7.7,-0.04,-0.5148,1097217.84,848963.217
20190410,7.69,7.71,7.71,7.64,-0.04,-0.5175,1040864.71,798512.964
20190411,7.62,7.69,7.72,7.6,-0.07,-0.9103,910526.34,697055.672
20190412,7.64,7.61,7.64,7.59,0.02,0.2625,682936.65,520176.146
20190415,7.61,7.67,7.7,7.61,-0.03,-0.3927,956048.18,732990.465
20190416,7.73,7.58,7.73,7.53,0.12,1.5769,1248653.56,952904.914
20190417,7.68,7.69,7.71,7.67,-0.05,-0.6468,996358.73,765933.689
20190418,7.67,7.67,7.73,7.65,-0.01,-0.1302,748744.96,576188.417
20190419,7.66,7.67,7.7,7.59,-0.01,-0.1304,955482.8,730173.163
20190422,7.73,7.68,7.83,7.64,0.07,0.9138,2093607.34,1618522.436
20190423,7.7,7.76,7.77,7.66,-0.03,-0.3881,1233477.89,950714.269
20190424,7.65,7.7,7.71,7.61,-0.05,-0.6494,925989.79,708828.794
20190425,7.51,7.63,7.64,7.51,-0.14,-1.8301,995422.27,754122.491
20190426,7.42,7.49,7.5,7.42,-0.09,-1.1984,915587.51,683215.962
20190429,7.4,7.41,7.46,7.37,-0.02,-0.2695,746527.85,553380.657
20190430,7.41,7.39,7.43,7.37,0.01,0.1351,565168.54,418280.29
20190506,7.34,7.32,7.47,7.15,-0.07,-0.9447,1804388.34,1314310.962
20190507,7.29,7.3,7.32,7.25,-0.05,-0.6812,717322.93,522394.071
20190508,7.24,7.24,7.27,7.21,-0.05,-0.6859,599232.57,433551.455
20190509,7.21,7.21,7.26,7.2,-0.03,-0.4144,539729.65,390108.93
20190510,7.28,7.23,7.3,7.19,0.07,0.9709,912889.43,662518.556
20190513,7.24,7.25,7.34,7.18,-0.04,-0.5495,1117331.5,808973.456
20190514,7.22,7.2,7.25,7.2,-0.02,-0.2762,498879.2,360154.412
20190515,7.27,7.23,7.28,7.2,0.05,0.6925,990305.89,716090.37
20190516,7.28,7.23,7.33,7.19,0.01,0.1376,1318142.13,955631.513
20190517,7.2,7.26,7.27,7.19,-0.08,-1.0989,818334.35,591049.436
20190520,7.23,7.19,7.25,7.17,0.03,0.4167,760258.67,547576.549
20190521,7.23,7.21,7.25,7.2,0.0,0.0,552531.58,399464.338
20190522,7.19,7.22,7.23,7.18,-0.04,-0.5533,528207.51,380377.946
20190523,7.2,7.17,7.2,7.12,0.01,0.1391,1322815.35,947349.642
20190524,7.16,7.14,7.18,7.13,-0.04,-0.5556,454281.58,325247.104
20190527,7.18,7.15,7.19,7.14,0.02,0.2793,451438.82,323417.057
20190528,7.18,7.18,7.2,7.15,0.0,0.0,756716.01,543183.866
20190529,7.15,7.16,7.18,7.15,-0.03,-0.4178,421708.29,301942.047
20190530,7.19,7.16,7.21,7.14,0.04,0.5594,791134.1,567790.409
20190531,7.15,7.17,7.19,7.15,-0.04,-0.5563,453721.08,325084.883
20190603,7.13,7.14,7.16,7.12,-0.02,-0.2797,552750.68,394458.667
20190604,7.1,7.13,7.14,7.08,-0.03,-0.4208,479554.83,340752.98
20190605,7.1,7.12,7.13,7.09,0.0,0.0,493774.51,351169.481
20190606,7.03,7.1,7.1,7.02,-0.07,-0.9859,575478.68,406036.82
20190610,7.05,7.05,7.07,7.03,0.02,0.2845,512829.92,361294.687
20190611,7.11,7.05,7.13,7.03,0.06,0.8511,1111391.14,787231.806
20190612,7.06,7.08,7.09,7.05,-0.05,-0.7032,598029.78,422801.878
20190613,7.06,7.04,7.06,7.0,0.0,0.0,852533.61,598986.587
20190614,7.0,7.05,7.05,7.0,-0.06,-0.8499,653239.67,458622.106
20190617,7.01,7.0,7.02,6.99,0.01,0.1429,513795.26,359765.743
20190618,6.93,7.0,7.01,6.92,-0.08,-1.1412,1051954.49,731450.133
20190619,6.94,6.98,6.99,6.93,0.01,0.1443,1159119.36,805970.528
20190620,6.98,6.93,6.99,6.88,0.04,0.5764,1483955.06,1029935.199
20190621,7.03,7.01,7.03,6.99,0.05,0.7163,1381724.46,968827.643
20190624,7.01,7.02,7.02,6.98,-0.02,-0.2845,835977.55,584937.388
20190625,6.96,7.0,7.01,6.93,-0.05,-0.7133,886566.08,617401.244
20190626,6.99,6.95,7.0,6.95,0.03,0.431,887043.28,619040.837
20190627,6.99,7.0,7.02,6.97,0.0,0.0,1071936.28,749754.532
20190628,6.88,6.91,6.91,6.86,-0.02,-0.2899,587356.06,403929.42
20190701,6.93,6.91,6.93,6.89,0.05,0.7267,1230188.49,849985.076
20190702,6.91,6.91,6.92,6.89,-0.02,-0.2886,692203.83,477908.89
20190703,6.88,6.9,6.9,6.86,-0.03,-0.4342,733254.55,504150.611
20190704,6.9,6.88,6.91,6.87,0.02,0.2907,673761.94,463766.206
20190705,6.86,6.89,6.9,6.83,-0.04,-0.5797,1153044.83,791068.412
20190708,6.75,6.85,6.86,6.72,-0.11,-1.6035,1183968.78,801808.842
20190709,6.71,6.74,6.75,6.7,-0.04,-0.5926,679675.23,456469.486
20190710,6.66,6.72,6.72,6.64,-0.05,-0.7452,670425.87,447810.897
20190711,6.67,6.68,6.71,6.66,0.01,0.1502,670404.08,448215.733
20190712,6.67,6.67,6.69,6.64,0.0,0.0,480448.59,320410.969
20190715,6.64,6.66,6.67,6.57,-0.03,-0.4498,721286.54,477702.043
20190716,6.62,6.63,6.64,6.61,-0.02,-0.3012,478023.59,316777.657
20190717,6.6,6.6,6.62,6.58,-0.02,-0.3021,488913.63,322892.609
20190718,6.53,6.58,6.59,6.53,-0.07,-1.0606,760402.19,498311.241
20190719,6.55,6.54,6.58,6.53,0.02,0.3063,579482.91,379940.347
20190722,6.45,6.55,6.55,6.45,-0.1,-1.5267,849941.74,551270.067
20190723,6.45,6.45,6.47,6.43,0.0,0.0,508220.41,327567.582
20190724,6.48,6.45,6.5,6.45,0.03,0.4651,622026.02,402852.461
20190725,6.47,6.47,6.47,6.44,-0.01,-0.1543,430387.11,277975.274
20190726,6.54,6.45,6.57,6.44,0.07,1.0819,1163352.48,757442.497
20190729,6.54,6.52,6.56,6.51,0.0,0.0,565238.7,369504.14
20190730,6.54,6.56,6.56,6.53,0.0,0.0,472692.0,309282.604
20190731,6.51,6.54,6.55,6.5,-0.03,-0.4587,401733.8,261776.936
20190801,6.46,6.49,6.5,6.45,-0.05,-0.768,507528.17,328507.065
20190802,6.33,6.38,6.38,6.31,-0.13,-2.0124,958393.22,607698.285
20190805,6.25,6.31,6.32,6.25,-0.08,-1.2638,652463.56,409216.74
20190806,6.16,6.17,6.19,6.13,-0.09,-1.44,903671.04,556623.325
20190807,6.2,6.16,6.28,6.13,0.04,0.6494,889969.86,551871.342
20190808,6.17,6.17,6.2,6.16,-0.03,-0.4839,575860.13,355890.045
20190809,6.17,6.19,6.22,6.14,0.0,0.0,564785.75,348868.483
20190812,6.19,6.17,6.19,6.15,0.02,0.3241,417096.71,257521.139
20190813,6.14,6.17,6.17,6.13,-0.05,-0.8078,428107.62,263203.285
20190814,6.14,6.17,6.19,6.13,0.0,0.0,486626.03,299794.558
20190815,6.1,6.06,6.11,6.03,-0.04,-0.6515,577565.32,350652.907
20190816,6.1,6.09,6.12,6.07,0.0,0.0,449621.8,274045.605
20190819,6.18,6.1,6.18,6.08,0.08,1.3115,699273.6,429057.763
20190820,6.19,6.17,6.22,6.15,0.01,0.1618,525644.02,325448.086
20190821,6.17,6.19,6.19,6.15,-0.02,-0.3231,342876.47,211565.935
20190822,6.15,6.17,6.18,6.13,-0.02,-0.3241,373073.78,229278.903
20190823,6.12,6.16,6.17,6.11,-0.03,-0.4878,427956.86,262718.694
20190826,6.07,6.03,6.07,6.02,-0.05,-0.817,471077.08,285089.984
20190827,6.1,6.08,6.13,6.07,0.03,0.4942,708025.91,432429.972
20190828,6.09,6.11,6.12,6.09,-0.01,-0.1639,403292.36,246148.202
20190829,6.09,6.11,6.11,6.07,0.0,0.0,341509.98,207917.722
20190830,6.12,6.12,6.16,6.09,0.03,0.4926,689394.78,422584.41
20190902,6.16,6.11,6.17,6.1,0.04,0.6536,618568.12,380494.75
20190903,6.15,6.16,6.16,6.13,-0.01,-0.1623,390278.77,239695.443
20190904,6.19,6.15,6.19,6.14,0.04,0.6504,753082.73,464561.742
20190905,6.23,6.21,6.29,6.21,0.04,0.6462,1009101.3,630814.027
20190906,6.26,6.24,6.27,6.22,0.03,0.4815,613430.08,382855.225
20190909,6.33,6.29,6.33,6.25,0.07,1.1182,987828.34,622132.018
20190910,6.35,6.33,6.36,6.29,0.02,0.316,739806.55,467955.462
20190911,6.32,6.35,6.35,6.31,-0.03,-0.4724,542980.36,343928.147
20190912,6.28,6.31,6.33,6.26,-0.04,-0.6329,717612.98,451026.819
20190916,6.5,6.54,6.59,6.46,0.22,3.5032,3103851.9,2027363.13
20190917,6.42,6.52,6.53,6.41,-0.08,-1.2308,1348069.66,869044.45
20190918,6.33,6.36,6.36,6.32,-0.09,-1.4019,1044988.12,661869.224
20190919,6.35,6.32,6.35,6.29,0.02,0.316,624291.8,394221.42
20190920,6.38,6.35,6.4,6.33,0.03,0.4724,568503.12,361538.818
20190923,6.36,6.38,6.4,6.35,-0.02,-0.3135,479428.2,305239.536
20190924,6.26,6.3,6.3,6.25,-0.02,-0.3185,406764.7,255223.61
20190925,6.15,6.24,6.24,6.14,-0.11,-1.7572,593736.19,366708.184
20190926,6.1,6.15,6.17,6.1,-0.05,-0.813,478862.79,293203.057
20190927,6.11,6.1,6.12,6.07,0.01,0.1639,482937.16,293944.707
20190930,6.19,6.19,6.25,6.17,0.08,1.3093,837967.56,520293.662
20191008,6.11,6.19,6.19,6.11,-0.08,-1.2924,810685.78,497849.735
20191009,6.1,6.09,6.1,6.06,-0.01,-0.1637,548543.41,333383.054
20191010,6.09,6.09,6.1,6.07,-0.01,-0.1639,490547.27,298517.426
20191011,6.17,6.1,6.19,6.09,0.08,1.3136,847212.29,519789.196
20191014,6.16,6.17,6.19,6.14,-0.01,-0.1621,726548.53,447728.561
20191015,6.11,6.15,6.15,6.1,-0.05,-0.8117,454392.29,278066.695
20191016,6.09,6.11,6.13,6.09,-0.02,-0.3273,361136.49,220428.106
20191017,6.11,6.09,6.12,6.09,0.02,0.3284,300010.51,182986.022
20191018,6.06,6.11,6.12,6.05,-0.05,-0.8183,494430.43,300487.138
20191021,6.06,6.06,6.07,6.03,0.0,0.0,406682.92,245894.98
20191022,6.07,6.07,6.07,6.04,0.01,0.165,363114.48,219741.812
20191023,6.05,6.08,6.08,6.05,-0.02,-0.3295,319530.65,193554.36
20191024,6.06,6.07,6.09,6.05,0.01,0.1653,417725.53,253293.703
20191025,6.06,6.07,6.07,6.03,0.0,0.0,567089.48,342748.087
20191028,6.07,6.06,6.07,6.04,0.01,0.165,684666.74,414281.211
20191029,6.03,6.05,6.06,6.03,-0.04,-0.659,382556.15,231148.734
20191030,5.98,6.03,6.03,5.98,-0.05,-0.8292,597371.25,358540.585
20191031,5.88,5.95,5.96,5.88,-0.1,-1.6722,1053382.95,623262.545
20191101,5.89,5.85,5.9,5.84,0.01,0.1701,604346.09,354635.17
20191104,5.89,5.91,5.92,5.87,0.0,0.0,551738.03,324839.974
20191105,5.9,5.89,5.91,5.86,0.01,0.1698,546811.21,321818.219
20191106,5.85,5.89,5.89,5.85,-0.05,-0.8475,418012.07,245274.178
20191107,5.82,5.85,5.85,5.8,-0.03,-0.5128,648443.51,377637.201
20191108,5.79,5.83,5.84,5.78,-0.03,-0.5155,627079.32,364162.075
20191111,5.67,5.77,5.77,5.67,-0.12,-2.0725,752643.33,430006.348
20191112,5.63,5.67,5.68,5.61,-0.04,-0.7055,611716.93,344526.975
20191113,5.57,5.61,5.62,5.56,-0.06,-1.0657,673454.95,375974.212
20191114,5.6,5.57,5.62,5.56,0.03,0.5386,543055.52,303823.714
20191115,5.5,5.6,5.6,5.5,-0.1,-1.7857,803735.71,445246.533
20191118,5.52,5.51,5.54,5.49,0.02,0.3636,589834.71,325213.202
20191119,5.54,5.5,5.54,5.49,0.02,0.3623,571970.68,315482.291
20191120,5.52,5.52,5.53,5.5,-0.02,-0.361,462792.56,255095.887
20191121,5.61,5.52,5.62,5.5,0.09,1.6304,994075.45,554529.369
20191122,5.61,5.62,5.63,5.58,0.0,0.0,625754.87,350854.913
20191125,5.71,5.6,5.72,5.6,0.1,1.7825,863560.09,490519.13
20191126,5.66,5.7,5.7,5.65,-0.05,-0.8757,626041.13,354857.342
20191127,5.66,5.67,5.7,5.64,0.0,0.0,331882.94,188088.742
20191128,5.62,5.67,5.68,5.6,-0.04,-0.7067,373541.54,210311.294
20191129,5.59,5.62,5.63,5.58,-0.03,-0.5338,348771.83,195252.275
20191202,5.56,5.57,5.59,5.55,-0.03,-0.5367,312828.0,174129.366
20191203,5.58,5.57,5.58,5.54,0.02,0.3597,291828.71,162205.441
20191204,5.58,5.56,5.58,5.55,0.0,0.0,268145.45,149209.268
20191205,5.63,5.61,5.63,5.59,0.05,0.8961,405440.79,227687.97
20191206,5.64,5.63,5.64,5.61,0.01,0.1776,301542.91,169639.428
20191209,5.65,5.64,5.66,5.61,0.01,0.1773,429436.47,241968.933
20191210,5.65,5.64,5.66,5.6,0.0,0.0,482894.1,271893.693
20191211,5.65,5.66,5.66,5.63,0.0,0.0,376835.24,212757.819
20191212,5.63,5.65,5.66,5.63,-0.02,-0.354,385230.75,217461.05
20191213,5.69,5.66,5.72,5.64,0.06,1.0657,846486.52,481767.289
20191216,5.77,5.71,5.78,5.68,0.08,1.406,727870.69,417173.933
20191217,5.85,5.77,5.87,5.74,0.08,1.3865,1063139.05,618670.13
20191218,5.82,5.85,5.86,5.81,-0.03,-0.5128,532270.76,310647.399
20191219,5.82,5.81,5.84,5.8,0.0,0.0,335028.11,194816.521
20191220,5.8,5.83,5.85,5.8,-0.02,-0.3436,401948.98,233871.593
20191223,5.71,5.8,5.81,5.7,-0.09,-1.5517,482994.24,277548.625
20191224,5.73,5.71,5.74,5.7,0.02,0.3503,298248.2,170607.073
20191225,5.72,5.74,5.74,5.7,-0.01,-0.1745,241268.58,137916.555
20191226,5.73,5.71,5.73,5.7,0.01,0.1748,306546.84,175257.139
20191227,5.78,5.73,5.83,5.73,0.05,0.8726,655237.42,378993.114
20191230,5.82,5.78,5.83,5.75,0.04,0.692,510290.15,296089.973
20191231,5.83,5.8,5.84,5.78,0.01,0.1718,397223.02,230670.803
20200102,5.87,5.86,5.88,5.84,0.04,0.6861,728085.0,427014.028
20200103,5.95,5.87,5.99,5.86,0.08,1.3629,1198567.82,712671.271
20200106,6.23,6.03,6.28,6.02,0.28,4.7059,3016461.24,1859195.864
20200107,6.11,6.17,6.17,6.07,-0.12,-1.9262,1526817.55,931508.895
20200108,6.23,6.26,6.3,6.15,0.12,1.964,2154513.33,1337592.338
20200109,6.06,6.04,6.08,6.0,-0.17,-2.7287,1599836.83,966146.262
20200110,5.99,6.04,6.04,5.96,-0.07,-1.1551,921306.21,551691.385
20200113,5.97,5.99,5.99,5.93,-0.02,-0.3339,551183.92,327829.65
20200114,5.95,5.95,5.98,5.94,-0.02,-0.335,444804.19,265271.834
20200115,5.87,5.95,5.97,5.86,-0.08,-1.3445,720145.46,424495.017
20200116,5.83,5.88,5.89,5.81,-0.04,-0.6814,578609.92,337630.232
20200117,5.84,5.84,5.87,5.83,0.01,0.1715,366676.41,214376.983
20200120,5.85,5.85,5.86,5.81,0.01,0.1712,534083.89,311510.573
20200121,5.79,5.85,5.85,5.78,-0.06,-1.0256,560285.46,324824.586
20200122,5.74,5.76,5.77,5.71,-0.05,-0.8636,662397.38,379676.573
20200123,5.64,5.7,5.72,5.62,-0.1,-1.7422,814444.47,460859.1
20200203,5.13,5.14,5.29,5.08,-0.51,-9.0426,2270937.29,1167352.624
20200204,5.17,5.07,5.19,5.06,0.04,0.7797,1064594.2,547645.93
20200205,5.21,5.17,5.27,5.13,0.04,0.7737,1023186.74,532964.335
20200206,5.27,5.25,5.29,5.21,0.06,1.1516,866473.63,455310.305
20200207,5.28,5.24,5.28,5.21,0.01,0.1898,611282.63,319828.128
20200210,5.28,5.24,5.29,5.22,0.0,0.0,561309.19,295251.828
20200211,5.3,5.27,5.34,5.26,0.02,0.3788,711717.22,377281.439
20200212,5.31,5.29,5.32,5.28,0.01,0.1887,545000.38,288657.741
20200213,5.28,5.33,5.35,5.28,-0.03,-0.565,535685.87,284224.188
20200214,5.28,5.26,5.3,5.25,0.0,0.0,479170.2,252872.541
20200217,5.38,5.29,5.38,5.27,0.1,1.8939,843920.95,450155.266
20200218,5.35,5.38,5.38,5.33,-0.03,-0.5576,742019.15,396980.717
20200219,5.33,5.35,5.36,5.32,-0.02,-0.3738,741890.83,395688.944
20200220,5.38,5.35,5.38,5.32,0.05,0.9381,1056371.6,564952.42
20200221,5.37,5.35,5.38,5.34,-0.01,-0.1859,1138162.98,609926.963
20200224,5.28,5.34,5.34,5.27,-0.09,-1.676,1381561.64,731039.952
20200225,5.19,5.2,5.22,5.15,-0.09,-1.7045,1504128.76,779444.089
20200226,5.22,5.15,5.24,5.12,0.03,0.578,1602200.97,833178.213
20200227,5.17,5.2,5.21,5.16,-0.05,-0.9579,1362522.57,705610.73
20200228,5.07,5.11,5.14,5.06,-0.1,-1.9342,2091494.89,1064602.676
20200302,5.17,5.11,5.18,5.1,0.1,1.9724,1391146.86,716386.394
20200303,5.19,5.23,5.24,5.17,0.02,0.3868,1250355.59,650013.359
20200304,5.18,5.18,5.19,5.15,-0.01,-0.1927,897003.52,463382.133
20200305,5.25,5.2,5.25,5.18,0.07,1.3514,1539805.18,803908.182
20200306,5.2,5.2,5.22,5.17,-0.05,-0.9524,1096335.92,569531.778
20200309,5.15,5.06,5.24,5.02,-0.05,-0.9615,2266218.65,1158158.211
20200310,5.15,5.1,5.16,5.06,0.0,0.0,1353587.32,691745.637
20200311,5.12,5.15,5.17,5.11,-0.03,-0.5825,858880.83,441412.574
20200312,5.07,5.08,5.11,5.06,-0.05,-0.9766,943174.42,478813.02
20200313,5.04,5.0,5.08,4.92,-0.03,-0.5917,1347494.75,672317.405
20200316,5.03,5.05,5.13,5.02,-0.01,-0.1984,1179616.12,598050.173
20200317,5.01,5.01,5.06,4.95,-0.02,-0.3976,954820.98,476788.845
20200318,4.95,5.01,5.03,4.95,-0.06,-1.1976,868399.57,433599.986
20200319,4.88,4.94,4.96,4.85,-0.07,-1.4141,1306842.22,640038.705
20200320,4.91,4.92,4.94,4.87,0.03,0.6148,1032043.71,505579.453
20200323,4.81,4.84,4.85,4.8,-0.1,-2.0367,1067055.82,514036.501
20200324,4.84,4.84,4.87,4.8,0.03,0.6237,1051559.49,508054.052
20200325,4.86,4.87,4.89,4.84,0.02,0.4132,1516502.1,736600.655
20200326,4.79,4.85,4.85,4.78,-0.07,-1.4403,1558926.79,749711.077
20200327,4.74,4.8,4.81,4.73,-0.05,-1.0438,2090534.31,994193.94
20200330,4.62,4.69,4.69,4.61,-0.12,-2.5316,1460209.18,676286.264
20200331,4.62,4.64,4.65,4.6,0.0,0.0,1835549.57,847471.212
20200401,4.55,4.61,4.62,4.54,-0.07,-1.5152,1864129.68,852263.979
20200402,4.71,4.52,4.74,4.49,0.16,3.5165,4125374.66,1904937.548
20200403,4.63,4.73,4.73,4.61,-0.08,-1.6985,2798560.07,1305158.248
20200407,4.67,4.68,4.7,4.65,0.04,0.8639,2498249.45,1166377.663
20200408,4.64,4.64,4.66,4.61,-0.03,-0.6424,1938386.32,898071.054
20200409,4.65,4.67,4.68,4.63,0.01,0.2155,1322371.18,614778.722
20200410,4.6,4.65,4.65,4.58,-0.05,-1.0753,1647530.45,759242.618
20200413,4.58,4.62,4.64,4.58,-0.02,-0.4348,1136476.32,523325.758
20200414,4.59,4.59,4.6,4.56,0.01,0.2183,1283557.95,587443.923
20200415,4.55,4.57,4.57,4.55,-0.04,-0.8715,1122971.62,512079.194
20200416,4.53,4.53,4.54,4.51,-0.02,-0.4396,1166517.94,528045.717
20200417,4.55,4.54,4.58,4.54,0.02,0.4415,1242971.05,566497.469
20200420,4.55,4.53,4.57,4.51,0.0,0.0,1024978.02,465492.414
20200421,4.51,4.52,4.53,4.5,-0.04,-0.8791,1099609.57,496455.835
20200422,4.46,4.47,4.47,4.43,-0.05,-1.1086,1369971.91,609949.468
20200423,4.55,4.48,4.59,4.47,0.09,2.0179,1850325.53,840846.86
20200424,4.48,4.55,4.56,4.48,-0.07,-1.5385,1067111.01,481471.383
20200427,4.45,4.47,4.5,4.45,-0.03,-0.6696,757063.14,338545.181
20200428,4.36,4.44,4.45,4.33,-0.09,-2.0225,1285945.75,563227.949
20200429,4.38,4.37,4.41,4.37,0.02,0.4587,604151.82,265211.726
20200430,4.44,4.38,4.46,4.37,0.06,1.3699,859732.95,380815.016
20200506,4.47,4.44,4.49,4.42,0.03,0.6757,881770.97,393435.663
20200507,4.45,4.47,4.48,4.44,-0.02,-0.4474,610561.05,272009.347
20200508,4.47,4.47,4.48,4.46,0.02,0.4494,558704.08,249644.424
20200511,4.47,4.48,4.49,4.46,0.0,0.0,557306.77,249246.081
20200512,4.43,4.47,4.47,4.42,-0.04,-0.8949,522028.91,231767.535
20200513,4.43,4.43,4.43,4.4,0.0,0.0,441117.21,194804.14
20200514,4.4,4.42,4.42,4.4,-0.03,-0.6772,439272.51,193437.307
20200515,4.42,4.42,4.43,4.41,0.02,0.4545,410880.1,181603.761
20200518,4.44,4.45,4.46,4.43,0.02,0.4525,619746.04,275266.869
20200519,4.46,4.48,4.51,4.46,0.02,0.4505,893223.64,400332.924
20200520,4.43,4.46,4.46,4.42,-0.03,-0.6726,599757.0,266014.278
20200521,4.45,4.45,4.47,4.42,0.02,0.4515,767497.69,340611.459
20200522,4.37,4.44,4.44,4.36,-0.08,-1.7978,939918.08,412772.209
20200525,4.34,4.37,4.37,4.33,-0.03,-0.6865,615143.53,267082.669
20200526,4.35,4.34,4.36,4.33,0.01,0.2304,642059.18,278758.637
20200527,4.31,4.35,4.35,4.3,-0.04,-0.9195,693918.11,299635.24
20200528,4.29,4.3,4.33,4.28,-0.02,-0.464,889808.63,382362.636
20200529,4.25,4.28,4.29,4.22,-0.04,-0.9324,1398152.62,594239.007
20200601,4.29,4.26,4.3,4.25,0.04,0.9412,938768.16,401813.611
20200602,4.31,4.29,4.31,4.28,0.02,0.4662,674773.46,290071.22
20200603,4.34,4.33,4.37,4.32,0.03,0.6961,759728.62,330470.821
20200604,4.32,4.34,4.35,4.3,-0.02,-0.4608,573642.17,247462.376
20200605,4.3,4.31,4.32,4.28,-0.02,-0.463,516731.83,221838.519
20200608,4.34,4.35,4.36,4.33,0.04,0.9302,808714.74,351105.168
20200609,4.35,4.35,4.35,4.33,0.01,0.2304,596928.6,259045.256
20200610,4.32,4.34,4.35,4.31,-0.03,-0.6897,507834.02,219627.592
20200611,4.28,4.31,4.32,4.27,-0.04,-0.9259,624773.33,268287.299
20200612,4.26,4.23,4.27,4.22,-0.02,-0.4673,815797.21,346374.121
20200615,4.23,4.24,4.25,4.22,-0.03,-0.7042,555189.83,235140.576
20200616,4.27,4.25,4.28,4.23,0.04,0.9456,620214.04,263491.702
20200617,4.25,4.25,4.26,4.23,-0.02,-0.4684,520095.6,220893.54
20200618,4.29,4.24,4.32,4.23,0.04,0.9412,798327.36,341813.04
20200619,4.3,4.27,4.31,4.25,0.01,0.2331,790357.47,338442.686
20200622,4.27,4.3,4.31,4.27,-0.03,-0.6977,607747.65,260633.82
20200623,4.26,4.28,4.28,4.25,-0.01,-0.2342,531159.05,226543.582
20200624,4.26,4.26,4.27,4.25,0.0,0.0,527235.94,224645.378
20200629,4.24,4.26,4.27,4.23,-0.02,-0.4695,548616.04,232907.011
20200630,4.19,4.2,4.2,4.18,0.02,0.4796,479471.88,200938.795
20200701,4.25,4.19,4.26,4.18,0.06,1.432,861659.89,363009.046
20200702,4.32,4.24,4.33,4.23,0.07,1.6471,1538576.47,659477.227
20200703,4.42,4.33,4.45,4.32,0.1,2.3148,2226164.61,977995.754
20200706,4.72,4.44,4.74,4.44,0.3,6.7873,4432751.9,2033077.36
20200707,4.7,4.77,4.88,4.66,-0.02,-0.4237,3978933.45,1886736.423
20200708,4.67,4.67,4.69,4.58,-0.03,-0.6383,2705326.24,1255098.821
20200709,4.74,4.68,4.77,4.63,0.07,1.4989,2611688.74,1224970.983
20200710,4.6,4.7,4.7,4.59,-0.14,-2.9536,2024486.1,939764.875
20200713,4.63,4.59,4.66,4.57,0.03,0.6522,1735517.32,801412.954
20200714,4.56,4.62,4.62,4.52,-0.07,-1.5119,1767579.15,808282.988
20200715,4.49,4.58,4.6,4.48,-0.07,-1.5351,1505456.94,681615.895
20200716,4.41,4.5,4.52,4.4,-0.08,-1.7817,1747478.49,778710.532
20200717,4.39,4.4,4.43,4.36,-0.02,-0.4535,1148246.84,504085.395
20200720,4.49,4.4,4.5,4.38,0.1,2.2779,1300341.1,578626.512
20200721,4.47,4.5,4.52,4.45,-0.02,-0.4454,848619.65,379497.815
20200722,4.61,4.5,4.65,4.5,0.14,3.132,2831441.51,1303041.6
20200723,4.54,4.58,4.6,4.48,-0.07,-1.5184,1773019.77,803923.545
20200724,4.5,4.62,4.66,4.49,-0.04,-0.8811,2161258.83,988549.03
20200727,4.46,4.51,4.53,4.42,-0.04,-0.8889,1042637.59,465300.417
20200728,4.47,4.47,4.51,4.46,0.01,0.2242,794140.97,356134.553
20200729,4.5,4.45,4.51,4.42,0.03,0.6711,908111.97,405241.069
20200730,4.46,4.5,4.51,4.45,-0.04,-0.8889,690253.8,308697.742
20200731,4.45,4.44,4.51,4.42,-0.01,-0.2242,996101.18,443949.977
20200803,4.48,4.45,4.5,4.43,0.03,0.6742,1240561.38,553528.907
20200804,4.53,4.49,4.55,4.46,0.05,1.1161,1386541.29,624202.086
20200805,4.5,4.53,4.53,4.46,-0.03,-0.6623,1077146.97,484087.012
20200806,4.53,4.53,4.55,4.49,0.03,0.6667,1415146.26,639520.816
20200807,4.45,4.5,4.51,4.44,-0.08,-1.766,1159580.49,518026.043
20200810,4.47,4.45,4.48,4.43,0.02,0.4494,791088.15,352778.31
20200811,4.45,4.49,4.5,4.44,-0.02,-0.4474,922876.48,413343.304
20200812,4.46,4.43,4.47,4.41,0.01,0.2247,981939.25,436188.493
20200813,4.47,4.46,4.5,4.45,0.01,0.2242,728936.96,326345.195
20200814,4.48,4.47,4.49,4.44,0.01,0.2237,636219.09,283906.242
20200817,4.54,4.47,4.55,4.47,0.06,1.3393,1582876.5,715400.884
20200818,4.53,4.54,4.55,4.51,-0.01,-0.2203,933255.18,422979.696
20200819,4.52,4.53,4.56,4.5,-0.01,-0.2208,978980.16,443528.198
20200820,4.46,4.52,4.52,4.45,-0.06,-1.3274,1012899.2,453711.212
20200821,4.46,4.47,4.48,4.45,0.0,0.0,572022.89,255417.721
20200824,4.46,4.48,4.48,4.45,0.0,0.0,608089.81,271358.773
20200825,4.45,4.47,4.47,4.43,-0.01,-0.2242,558723.14,248596.403
20200826,4.43,4.45,4.46,4.42,-0.02,-0.4494,657488.86,291875.819
20200827,4.43,4.42,4.44,4.41,0.0,0.0,474703.28,210154.094
20200828,4.45,4.41,4.45,4.4,0.02,0.4515,794147.58,351063.283
20200831,4.43,4.44,4.46,4.42,-0.02,-0.4494,639572.97,284304.985
20200901,4.41,4.42,4.43,4.39,-0.02,-0.4515,710328.94,312822.064
20200902,4.35,4.4,4.4,4.34,-0.06,-1.3605,1079283.08,470682.93
20200903,4.31,4.34,4.37,4.31,-0.04,-0.9195,846400.42,366929.525
20200904,4.31,4.29,4.31,4.27,0.0,0.0,721384.13,309760.679
20200907,4.28,4.3,4.32,4.28,-0.03,-0.6961,628055.0,269923.873
20200908,4.31,4.29,4.31,4.28,0.03,0.7009,682329.26,293003.48
20200909,4.28,4.28,4.3,4.26,-0.03,-0.6961,751948.51,322182.118
20200910,4.24,4.3,4.3,4.23,-0.04,-0.9346,809515.05,345039.497
20200911,4.24,4.23,4.26,4.21,0.0,0.0,571734.09,241936.072
20200914,4.26,4.25,4.27,4.24,0.02,0.4717,386795.81,164565.186
20200915,4.24,4.26,4.27,4.23,-0.02,-0.4695,436195.02,185322.839
20200916,4.25,4.25,4.29,4.24,0.01,0.2358,700863.86,298688.609
20200917,4.23,4.26,4.28,4.22,-0.02,-0.4706,821488.61,349003.033
20200918,4.27,4.25,4.28,4.23,0.04,0.9456,901992.82,383406.758
20200921,4.25,4.28,4.28,4.25,-0.02,-0.4684,628603.31,268049.862
20200922,4.14,4.16,4.18,4.13,-0.02,-0.4808,809972.16,336639.397
20200923,4.11,4.14,4.15,4.11,-0.03,-0.7246,518651.0,213956.11
20200924,4.1,4.1,4.11,4.07,-0.01,-0.2433,658931.21,269260.931
20200925,4.09,4.1,4.11,4.08,-0.01,-0.2439,359835.62,147172.405
20200928,4.1,4.09,4.13,4.09,0.01,0.2445,436868.26,179352.724
20200929,4.09,4.11,4.11,4.09,-0.01,-0.2439,375787.62,154065.254
20200930,4.11,4.09,4.12,4.07,0.02,0.489,614084.09,251664.119
20201009,4.13,4.12,4.14,4.12,0.02,0.4866,541005.76,223498.385
20201012,4.18,4.13,4.19,4.12,0.05,1.2107,930487.31,386727.197
20201013,4.15,4.17,4.17,4.14,-0.03,-0.7177,438171.09,181802.773
20201014,4.11,4.14,4.15,4.1,-0.04,-0.9639,651726.2,268204.517
20201015,4.11,4.1,4.12,4.09,0.0,0.0,509617.32,209334.928
20201016,4.11,4.11,4.13,4.1,0.0,0.0,475263.56,195560.639
20201019,4.11,4.11,4.15,4.1,0.0,0.0,742161.5,305774.817
20201020,4.1,4.1,4.1,4.08,-0.01,-0.2433,386084.45,157965.483
20201021,4.11,4.1,4.11,4.08,0.01,0.2439,505753.44,207199.091
20201022,4.1,4.1,4.11,4.08,-0.01,-0.2433,354132.0,145000.94
20201023,4.12,4.1,4.15,4.1,0.02,0.4878,810673.92,334514.23
20201026,4.11,4.11,4.12,4.09,-0.01,-0.2427,578199.36,237118.776
20201027,4.1,4.09,4.1,4.08,-0.01,-0.2433,477973.93,195633.837
20201028,4.09,4.09,4.1,4.07,-0.01,-0.2439,521600.05,212998.544
20201029,4.05,4.07,4.07,4.04,-0.04,-0.978,635732.98,258052.697
20201030,4.07,4.08,4.11,4.06,0.02,0.4938,954924.46,390580.101
20201102,4.06,4.06,4.08,4.04,-0.01,-0.2457,648195.36,262825.237
20201103,4.12,4.07,4.14,4.06,0.06,1.4778,956886.49,392542.719
20201104,4.11,4.12,4.13,4.09,-0.01,-0.2427,582959.54,239444.17
20201105,4.12,4.12,4.14,4.1,0.01,0.2433,770213.48,317069.85
20201106,4.13,4.12,4.15,4.1,0.01,0.2427,1011921.07,418175.107
20201109,4.18,4.15,4.19,4.14,0.05,1.2107,1270645.99,529775.607
20201110,4.2,4.23,4.28,4.19,0.02,0.4785,1824029.09,773523.867
20201111,4.27,4.2,4.27,4.2,0.07,1.6667,1422545.03,604470.749
20201112,4.22,4.26,4.27,4.22,-0.05,-1.171,764856.91,323769.511
20201113,4.18,4.21,4.22,4.16,-0.04,-0.9479,782199.09,326508.968
20201116,4.25,4.19,4.25,4.17,0.07,1.6746,991827.12,419208.29
20201117,4.28,4.26,4.32,4.24,0.03,0.7059,1218671.96,521329.417
20201118,4.26,4.26,4.29,4.24,-0.02,-0.4673,915985.5,390391.325
20201119,4.24,4.25,4.26,4.22,-0.02,-0.4695,724517.36,307084.206
20201120,4.24,4.23,4.24,4.2,0.0,0.0,756790.42,319478.349
20201123,4.31,4.24,4.34,4.23,0.07,1.6509,1969083.19,845945.209
20201124,4.33,4.31,4.34,4.28,0.02,0.464,1222291.69,526655.837
20201125,4.31,4.38,4.44,4.31,-0.02,-0.4619,2227866.87,976343.587
20201126,4.29,4.31,4.34,4.28,-0.02,-0.464,1051280.53,452717.113
20201127,4.3,4.29,4.31,4.25,0.01,0.2331,1251679.49,534496.655
20201130,4.31,4.31,4.37,4.27,0.01,0.2326,1902985.5,823167.615
20201201,4.3,4.28,4.32,4.25,-0.01,-0.232,1038980.18,445092.019
20201202,4.3,4.29,4.33,4.27,0.0,0.0,857866.52,369154.464
20201203,4.3,4.31,4.33,4.28,0.0,0.0,766024.24,329827.581
20201204,4.29,4.3,4.31,4.26,-0.01,-0.2326,811278.89,347175.778
20201207,4.24,4.29,4.29,4.23,-0.05,-1.1655,849105.09,361182.048
20201208,4.21,4.24,4.26,4.2,-0.03,-0.7075,600077.14,253462.734
20201209,4.18,4.21,4.23,4.18,-0.03,-0.7126,603966.77,254149.338
20201210,4.19,4.18,4.21,4.18,0.01,0.2392,628460.49,263505.065
20201211,4.22,4.22,4.24,4.19,0.03,0.716,906357.18,381705.91
20201214,4.19,4.2,4.24,4.17,-0.03,-0.7109,645641.8,270657.746
20201215,4.15,4.18,4.19,4.13,-0.04,-0.9547,680783.48,282327.032
20201216,4.15,4.15,4.17,4.14,0.0,0.0,430620.7,178973.964
20201217,4.22,4.16,4.22,4.14,0.07,1.6867,778133.08,325455.764
20201218,4.26,4.21,4.28,4.2,0.04,0.9479,985449.28,419055.57
20201221,4.25,4.26,4.28,4.24,-0.01,-0.2347,732508.59,311918.919
20201222,4.14,4.23,4.24,4.13,-0.11,-2.5882,1009001.43,421929.493
20201223,4.14,4.14,4.16,4.13,0.0,0.0,657829.85,272628.921
20201224,4.16,4.16,4.17,4.13,0.02,0.4831,541348.86,224619.315
20201225,4.17,4.15,4.18,4.14,0.01,0.2404,421830.7,175443.183
20201228,4.14,4.17,4.18,4.12,-0.03,-0.7194,759571.96,315104.362
20201229,4.13,4.14,4.16,4.1,-0.01,-0.2415,759610.09,313543.583
20201230,4.13,4.12,4.14,4.11,0.0,0.0,500125.66,206322.494
20201231,4.15,4.13,4.16,4.12,0.02,0.4843,612640.87,254098.06
20210104,4.19,4.15,4.2,4.14,0.04,0.9639,969071.13,403962.846
20210105,4.18,4.17,4.18,4.13,-0.01,-0.2387,818516.11,340130.522
20210106,4.25,4.2,4.26,4.2,0.07,1.6746,1386651.56,587466.028
20210107,4.25,4.25,4.25,4.19,0.0,0.0,1130851.33,478465.595
20210108,4.29,4.25,4.3,4.24,0.04,0.9412,1524212.9,653176.211
20210111,4.22,4.29,4.3,4.21,-0.07,-1.6317,1196414.1,508870.834
20210112,4.31,4.21,4.31,4.2,0.09,2.1327,1438887.97,613851.83
20210113,4.36,4.31,4.4,4.29,0.05,1.1601,1852909.46,805044.706
20210114,4.33,4.33,4.39,4.31,-0.03,-0.6881,1285606.07,558369.784
20210115,4.28,4.35,4.37,4.27,-0.05,-1.1547,1467945.03,632946.484
20210118,4.25,4.25,4.28,4.24,-0.03,-0.7009,907183.52,386260.371
20210119,4.26,4.25,4.29,4.24,0.01,0.2353,748038.43,318870.331
20210120,4.27,4.27,4.31,4.23,0.01,0.2347,810316.37,345732.679
20210121,4.25,4.25,4.28,4.24,-0.02,-0.4684,717675.21,305833.117
20210122,4.18,4.25,4.26,4.18,-0.07,-1.6471,985882.45,414158.609
20210125,4.15,4.18,4.18,4.13,-0.03,-0.7177,793406.97,329259.583
20210126,4.16,4.14,4.18,4.13,0.01,0.241,605118.83,251736.167
20210127,4.15,4.16,4.18,4.14,-0.01,-0.2404,720895.55,299821.189
20210128,4.13,4.14,4.15,4.11,-0.02,-0.4819,808104.65,333092.692
20210129,4.09,4.13,4.13,4.08,-0.04,-0.9685,857501.55,351731.403
20210201,4.08,4.09,4.1,4.06,-0.01,-0.2445,779918.11,317569.361
20210202,4.09,4.09,4.12,4.08,0.01,0.2451,636643.26,260867.507
20210203,4.09,4.11,4.12,4.08,0.0,0.0,541299.61,221481.936
20210204,4.09,4.11,4.11,4.05,0.0,0.0,813472.4,331741.542
20210205,4.09,4.1,4.11,4.07,0.0,0.0,604962.14,247240.992
20210208,4.12,4.1,4.12,4.08,0.03,0.7335,700484.15,287662.928
20210209,4.17,4.12,4.19,4.11,0.05,1.2136,1001747.73,416136.227
20210210,4.2,4.16,4.22,4.15,0.03,0.7194,890650.07,373293.793
20210218,4.38,4.43,4.48,4.35,0.18,4.2857,4537013.63,2006809.609
20210219,4.32,4.34,4.36,4.29,-0.06,-1.3699,2094405.42,905330.109
20210222,4.45,4.34,4.53,4.33,0.13,3.0093,3600958.77,1599993.291
20210223,4.48,4.51,4.54,4.45,0.03,0.6742,2623272.77,1178545.178
20210224,4.36,4.48,4.48,4.3,-0.12,-2.6786,2211931.4,972012.394
20210225,4.43,4.43,4.5,4.41,0.07,1.6055,1903641.82,845552.669
20210226,4.36,4.37,4.41,4.35,-0.07,-1.5801,1298608.43,568304.97
20210301,4.37,4.39,4.4,4.33,0.01,0.2294,1125001.73,490738.68
20210302,4.27,4.34,4.35,4.26,-0.1,-2.2883,1581204.8,679085.001
20210303,4.31,4.28,4.33,4.26,0.04,0.9368,1037069.25,445787.367
20210304,4.33,4.32,4.37,4.31,0.02,0.464,1207978.48,523389.175
20210305,4.42,4.39,4.43,4.34,0.09,2.0785,2121770.99,932162.55
20210308,4.51,4.53,4.58,4.49,0.09,2.0362,3174768.44,1442799.23
20210309,4.47,4.48,4.52,4.41,-0.04,-0.8869,1981756.68,884804.704
20210310,4.39,4.46,4.47,4.39,-0.08,-1.7897,1169710.16,518078.26
20210311,4.44,4.42,4.45,4.39,0.05,1.139,1066022.0,471419.674
20210312,4.45,4.46,4.48,4.41,0.01,0.2252,1081476.74,480526.34
20210315,4.51,4.43,4.52,4.43,0.06,1.3483,1434318.47,644391.276
20210316,4.47,4.49,4.5,4.44,-0.04,-0.8869,929659.05,414855.664
20210317,4.44,4.45,4.45,4.39,-0.03,-0.6711,928780.01,410329.613
20210318,4.41,4.43,4.44,4.41,-0.03,-0.6757,776133.8,343180.296
20210319,4.32,4.32,4.36,4.3,-0.09,-2.0408,1461098.01,632201.307
20210322,4.36,4.31,4.36,4.3,0.04,0.9259,751875.88,325738.439
20210323,4.32,4.35,4.35,4.31,-0.04,-0.9174,637297.53,275666.312
20210324,4.27,4.29,4.3,4.26,-0.05,-1.1574,880911.42,376815.452
20210325,4.28,4.3,4.32,4.28,0.01,0.2342,653113.51,280798.104
20210326,4.29,4.29,4.31,4.27,0.01,0.2336,591739.93,253819.52
20210329,4.3,4.31,4.34,4.29,0.01,0.2331,855421.17,368839.588
20210330,4.3,4.31,4.32,4.29,0.0,0.0,690642.87,296944.196
20210331,4.3,4.29,4.31,4.27,0.0,0.0,731929.43,313973.043
20210401,4.28,4.3,4.3,4.27,-0.02,-0.4651,602537.8,257730.962
20210402,4.28,4.3,4.3,4.27,0.0,0.0,655116.75,280812.103
20210406,4.25,4.27,4.28,4.24,-0.03,-0.7009,636932.32,270872.565
20210407,4.27,4.24,4.28,4.24,0.02,0.4706,692009.85,294963.3
20210408,4.26,4.26,4.28,4.25,-0.01,-0.2342,614595.54,261998.72
20210409,4.27,4.25,4.29,4.25,0.01,0.2347,709024.34,302752.478
20210412,4.28,4.27,4.3,4.26,0.01,0.2342,713422.16,305391.371
20210413,4.25,4.28,4.29,4.23,-0.03,-0.7009,727180.16,309045.958
20210414,4.25,4.25,4.26,4.23,0.0,0.0,473144.17,200902.28
20210415,4.27,4.27,4.27,4.25,0.02,0.4706,610203.7,259925.275
20210416,4.31,4.27,4.32,4.26,0.04,0.9368,842987.4,362021.098
20210419,4.29,4.31,4.31,4.28,-0.02,-0.464,928416.5,398259.56
20210420,4.27,4.28,4.29,4.26,-0.02,-0.4662,551239.41,235633.276
20210421,4.23,4.26,4.27,4.23,-0.04,-0.9368,815961.4,346116.024
20210422,4.17,4.24,4.24,4.15,-0.06,-1.4184,1629497.4,683413.693
20210423,4.17,4.17,4.18,4.15,0.0,0.0,568130.4,236286.72
20210426,4.17,4.17,4.19,4.16,0.0,0.0,554342.74,231327.215
20210427,4.14,4.17,4.17,4.12,-0.03,-0.7194,599983.3,248355.94
20210428,4.17,4.14,4.17,4.13,0.03,0.7246,456537.97,189551.672
20210429,4.2,4.18,4.21,4.17,0.03,0.7194,698190.5,292917.281
20210430,4.25,4.25,4.27,4.22,0.05,1.1905,1384813.87,587688.326
20210506,4.38,4.28,4.41,4.27,0.13,3.0588,2700550.45,1177531.236
20210507,4.44,4.38,4.45,4.36,0.06,1.3699,2453753.58,1084078.033
20210510,4.58,4.47,4.59,4.47,0.14,3.1532,3213357.71,1456396.248
20210511,4.56,4.55,4.57,4.5,-0.02,-0.4367,2211700.45,1003396.563
20210512,4.69,4.56,4.69,4.55,0.13,2.8509,2463119.48,1147197.518
20210513,4.69,4.69,4.71,4.62,0.0,0.0,2053805.43,958194.816
20210514,4.65,4.64,4.68,4.58,-0.04,-0.8529,2032162.28,939816.647
20210517,4.66,4.68,4.73,4.64,0.01,0.2151,1572318.73,735955.103
20210518,4.87,4.71,4.89,4.69,0.21,4.5064,2864498.53,1377350.366
20210519,4.8,4.85,4.85,4.76,-0.07,-1.4374,1462801.99,701558.569
20210520,4.66,4.71,4.71,4.61,-0.14,-2.9167,1802003.26,838893.618
20210521,4.69,4.62,4.7,4.61,0.03,0.6438,1305720.29,610412.858
20210524,4.62,4.71,4.73,4.6,-0.07,-1.4925,1365567.25,633676.19
20210525,4.72,4.67,4.74,4.66,0.1,2.1645,1662661.22,781691.198
20210526,4.68,4.71,4.71,4.66,-0.04,-0.8475,997477.76,467104.276
20210527,4.64,4.67,4.7,4.64,-0.04,-0.8547,1045859.05,487134.459
20210528,4.67,4.67,4.71,4.65,0.03,0.6466,781853.13,365405.47
20210531,4.62,4.66,4.66,4.6,-0.05,-1.0707,884064.17,408384.442
20210601,4.71,4.63,4.72,4.61,0.09,1.9481,1284599.29,598514.079
20210602,4.71,4.73,4.77,4.68,0.0,0.0,1322938.92,624362.288
20210603,4.75,4.76,4.82,4.74,0.04,0.8493,1328688.75,635187.996
20210604,4.69,4.71,4.73,4.65,-0.06,-1.2632,1111743.5,520526.631
20210607,4.75,4.73,4.76,4.72,0.06,1.2793,1068025.7,506364.914
20210608,4.72,4.73,4.75,4.7,-0.03,-0.6316,809199.51,381952.759
20210609,4.89,4.76,4.9,4.75,0.17,3.6017,2286461.66,1108292.377
20210610,4.91,4.85,4.94,4.84,0.02,0.409,1464945.71,717599.23
20210611,5.19,4.93,5.31,4.92,0.28,5.7026,4398712.68,2260760.703
20210615,5.23,5.21,5.35,5.15,0.04,0.7707,3298847.58,1728374.393
20210616,5.31,5.33,5.43,5.21,0.08,1.5296,3272438.36,1744749.37
20210617,5.23,5.25,5.25,5.1,-0.08,-1.5066,2822193.17,1465022.882
20210618,5.15,5.15,5.21,5.09,-0.08,-1.5296,1966819.69,1011534.02
20210621,5.11,5.2,5.22,5.06,-0.04,-0.7767,1862332.61,957016.79
20210622,5.38,5.2,5.45,5.19,0.27,5.2838,3011015.3,1608917.197
20210623,5.38,5.38,5.42,5.29,0.0,0.0,1797703.1,962719.687
20210624,5.39,5.38,5.42,5.32,0.01,0.1859,1323523.59,710331.109
20210625,5.41,5.4,5.55,5.34,0.02,0.3711,2171729.6,1180095.239
20210628,5.35,5.48,5.52,5.35,-0.06,-1.1091,1604963.95,867318.776
20210629,5.24,5.22,5.31,5.1,-0.02,-0.3802,1660825.69,866051.018
20210630,5.29,5.25,5.31,5.2,0.05,0.9542,1041356.16,546913.891
20210701,5.24,5.31,5.32,5.17,-0.05,-0.9452,1318342.25,692114.094
20210702,5.23,5.35,5.44,5.21,-0.01,-0.1908,2282633.66,1211280.204
20210705,5.19,5.21,5.24,5.08,-0.04,-0.7648,1685006.55,868896.544
20210706,5.25,5.24,5.27,5.21,0.06,1.1561,1084488.75,568334.154
20210707,5.12,5.11,5.16,5.06,-0.13,-2.4762,1767699.71,903264.205
20210708,4.99,5.05,5.09,4.94,-0.13,-2.5391,2014392.06,1009462.443
20210709,4.99,5.02,5.05,4.94,0.0,0.0,1403228.42,698251.837
20210712,4.93,5.05,5.06,4.92,-0.06,-1.2024,1511921.47,753096.063
20210713,4.95,4.93,5.0,4.88,0.02,0.4057,1302438.25,642536.856
20210714,4.88,4.95,4.96,4.86,-0.07,-1.4141,1326310.65,649847.162
20210715,4.86,4.8,4.9,4.76,-0.02,-0.4098,1635330.47,788464.465
20210716,4.82,4.82,4.86,4.8,-0.04,-0.823,1094562.78,528485.696
20210719,4.74,4.81,4.81,4.69,-0.08,-1.6598,1323064.96,627354.808
20210720,4.7,4.65,4.71,4.58,-0.04,-0.8439,1895540.43,878353.031
20210721,4.68,4.7,4.72,4.63,-0.02,-0.4255,919567.8,429424.98
20210722,4.74,4.75,4.84,4.72,0.06,1.2821,1681878.65,803299.566
20210723,4.71,4.74,4.8,4.7,-0.03,-0.6329,1138083.7,539374.779
20210726,4.63,4.71,4.72,4.6,-0.08,-1.6985,1409861.48,654604.782
20210727,4.7,4.65,4.78,4.64,0.07,1.5119,1852508.83,873168.522
20210728,4.65,4.65,4.73,4.58,-0.05,-1.0638,1562980.96,726249.916
20210729,4.64,4.67,4.68,4.6,-0.01,-0.2151,1267602.8,586599.299
20210730,4.68,4.64,4.73,4.6,0.04,0.8621,1206528.88,563748.253
20210802,4.67,4.65,4.68,4.55,-0.01,-0.2137,1454451.21,672397.772
20210803,4.58,4.6,4.63,4.57,-0.09,-1.9272,1280180.0,588495.804
20210804,4.61,4.58,4.63,4.56,0.03,0.655,829718.88,381465.322
20210805,4.56,4.57,4.6,4.55,-0.05,-1.0846,999712.48,456895.567
20210806,4.55,4.57,4.58,4.51,-0.01,-0.2193,940952.56,427064.484
20210809,4.54,4.51,4.57,4.5,-0.01,-0.2198,800721.42,363554.51
20210810,4.55,4.53,4.56,4.5,0.01,0.2203,898599.5,406666.146
20210811,4.61,4.57,4.64,4.57,0.06,1.3187,1433989.23,660651.456
20210812,4.6,4.61,4.64,4.57,-0.01,-0.2169,937873.58,432269.709
20210813,4.55,4.6,4.61,4.54,-0.05,-1.087,953219.27,436110.66
20210816,4.6,4.54,4.62,4.52,0.05,1.0989,1284903.59,590009.947
20210817,4.53,4.59,4.62,4.51,-0.07,-1.5217,1414045.92,644469.367
20210818,4.54,4.51,4.55,4.48,0.01,0.2208,1145506.77,516395.75
20210819,4.44,4.5,4.51,4.43,-0.1,-2.2026,1410525.08,629432.572
20210820,4.4,4.43,4.45,4.37,-0.04,-0.9009,1324969.51,582751.338
20210823,4.43,4.39,4.46,4.39,0.03,0.6818,1002810.56,444226.409
20210824,4.51,4.49,4.52,4.47,0.08,1.8059,1345909.94,605311.583
20210825,4.61,4.54,4.61,4.5,0.1,2.2173,1369774.6,623849.148
20210826,4.65,4.61,4.7,4.59,0.04,0.8677,1588484.6,738955.852
20210827,4.73,4.67,4.73,4.65,0.08,1.7204,1648294.67,774002.542
20210830,4.86,4.78,4.88,4.77,0.13,2.7484,2403491.4,1159501.187
20210831,4.94,4.84,4.95,4.78,0.08,1.6461,2166718.18,1056313.801
20210901,4.93,4.96,5.0,4.87,-0.01,-0.2024,1773358.23,874749.967
20210902,4.96,4.92,4.99,4.89,0.03,0.6085,1471800.93,727690.565
20210903,5.05,5.02,5.08,5.01,0.09,1.8145,1800423.94,908595.05
20210906,5.01,5.03,5.1,5.0,-0.04,-0.7921,1338878.27,673689.559
20210907,5.13,5.02,5.15,5.0,0.12,2.3952,2047434.89,1042099.266
20210908,5.16,5.1,5.23,5.08,0.03,0.5848,1431153.01,736914.148
20210909,5.27,5.16,5.33,5.15,0.11,2.1318,2552545.4,1342188.798
20210910,5.19,5.24,5.3,5.16,-0.08,-1.518,2113730.7,1102471.882
20210913,5.5,5.26,5.51,5.24,0.31,5.973,3914450.4,2116002.014
20210914,5.71,5.53,5.99,5.46,0.21,3.8182,6600459.26,3766091.328
20210915,5.99,5.62,6.11,5.6,0.28,4.9037,5927286.13,3515749.153
20210916,5.95,6.15,6.19,5.86,-0.04,-0.6678,5418312.29,3263725.748
20210917,5.7,5.78,5.94,5.5,-0.12,-2.0619,4317243.14,2471115.038
20210922,6.11,5.63,6.15,5.58,0.41,7.193,4905011.84,2884718.062
20210923,5.99,6.15,6.18,5.92,-0.12,-1.964,4337376.38,2613908.671
20210924,5.97,6.05,6.25,5.94,-0.02,-0.3339,3700975.07,2248674.025
20210927,6.21,6.1,6.36,6.06,0.24,4.0201,5651826.28,3500043.157
20210928,6.49,6.3,6.49,6.09,0.28,4.5089,5588387.49,3530201.595
20210929,6.04,6.29,6.29,5.86,-0.45,-6.9337,5801199.31,3537612.512
20210930,6.01,5.94,6.07,5.79,-0.03,-0.4967,3316225.35,1970997.786
20211008,6.28,6.36,6.47,6.13,0.27,4.4925,3762907.74,2371218.867
20211011,6.15,6.33,6.39,6.11,-0.13,-2.0701,2638856.57,1634055.374
20211012,6.0,6.12,6.26,5.91,-0.15,-2.439,3008476.19,1822498.094
20211013,5.75,5.9,5.93,5.54,-0.25,-4.1667,3831237.61,2194026.564
20211014,5.7,5.74,5.8,5.66,-0.05,-0.8696,1937261.94,1110525.677
20211015,5.95,5.75,6.0,5.68,0.25,4.386,3019901.21,1766343.322
20211018,6.01,5.99,6.08,5.86,0.06,1.0084,2036432.68,1219266.186
20211019,5.96,5.9,5.99,5.84,-0.05,-0.8319,1800807.88,1067329.539
20211020,5.85,5.85,5.92,5.81,-0.11,-1.8456,1612080.47,943179.965
20211021,5.88,5.91,5.98,5.85,0.03,0.5128,1541797.71,911696.083
20211022,5.7,5.83,5.88,5.66,-0.18,-3.0612,1998793.02,1147465.48
20211025,5.91,5.76,6.02,5.7,0.21,3.6842,2156761.03,1271729.15
20211026,5.85,5.97,5.98,5.82,-0.06,-1.0152,1326763.44,782663.25
20211027,5.81,5.82,5.9,5.74,-0.04,-0.6838,1480118.78,859622.836
20211028,5.45,5.7,5.7,5.41,-0.36,-6.1962,3090018.78,1696123.896
20211029,5.48,5.51,5.53,5.33,0.03,0.5505,2165149.84,1174390.872
20211101,5.38,5.47,5.51,5.36,-0.1,-1.8248,1750522.21,947709.783
20211102,5.27,5.43,5.44,5.16,-0.11,-2.0446,2082806.49,1100757.03
20211103,5.18,5.19,5.26,5.13,-0.09,-1.7078,1654093.06,858111.095
20211104,5.07,5.1,5.11,5.01,-0.11,-2.1236,2040285.43,1031993.755
20211105,4.9,5.02,5.05,4.9,-0.17,-3.3531,1899815.93,941446.497
20211108,4.93,4.95,5.03,4.91,0.03,0.6122,1548334.69,768503.892
20211109,4.85,4.93,4.94,4.83,-0.08,-1.6227,1491918.54,725611.13
20211110,4.85,4.9,4.91,4.79,0.0,0.0,1788556.53,865339.06
20211111,4.82,4.8,4.85,4.77,-0.03,-0.6186,1678931.08,808301.034
20211112,4.81,4.83,4.85,4.78,-0.01,-0.2075,1450042.16,697528.182
20211115,4.81,4.8,4.83,4.76,0.0,0.0,1231063.08,590162.938
20211116,4.77,4.81,4.85,4.77,-0.04,-0.8316,1725119.11,828369.196
20211117,4.83,4.77,4.83,4.74,0.06,1.2579,1275660.8,612273.06
20211118,4.77,4.78,4.81,4.76,-0.06,-1.2422,1368661.13,653996.314
20211119,4.83,4.77,4.85,4.74,0.06,1.2579,1502051.21,721496.841
20211122,4.85,4.79,4.85,4.78,0.02,0.4141,1711208.39,823435.481
20211123,4.86,4.83,4.92,4.83,0.01,0.2062,1550650.58,756515.037
20211124,4.95,4.92,5.02,4.92,0.09,1.8519,1707299.97,846303.799
20211125,4.87,4.95,4.97,4.86,-0.08,-1.6162,1163868.44,569104.242
20211126,4.77,4.85,4.85,4.75,-0.1,-2.0534,1547646.64,740648.389
20211129,4.74,4.66,4.78,4.64,-0.03,-0.6289,1502001.97,706559.126
20211130,4.71,4.73,4.78,4.69,-0.03,-0.6329,1201127.4,568513.536
20211201,4.86,4.7,4.87,4.69,0.15,3.1847,1505730.17,722644.589
20211202,4.89,4.83,4.95,4.82,0.03,0.6173,1254351.5,613948.053
20211203,4.92,4.93,4.97,4.85,0.03,0.6135,1152176.82,565984.614
20211206,4.89,4.91,4.97,4.88,-0.03,-0.6098,1001081.72,492309.572
20211207,4.96,4.94,4.97,4.9,0.07,1.4315,1295641.19,639942.66
20211208,5.01,4.99,5.04,4.97,0.05,1.0081,1409221.37,704781.963
20211209,5.08,5.02,5.09,5.0,0.07,1.3972,1346193.49,681697.403
20211210,4.97,5.06,5.06,4.93,-0.11,-2.1654,1592310.77,793767.524
20211213,4.96,4.96,5.01,4.94,-0.01,-0.2012,1158115.88,575072.359
20211214,4.86,4.94,4.94,4.82,-0.1,-2.0161,1584250.15,770081.281
20211215,4.83,4.83,4.85,4.79,-0.03,-0.6173,943576.33,455152.807
20211216,4.94,4.85,4.95,4.84,0.11,2.2774,1346471.9,660270.736
20211217,4.94,4.93,4.99,4.91,0.0,0.0,1057375.21,522552.581
20211220,4.85,4.9,4.92,4.85,-0.09,-1.8219,1069757.0,522262.155
20211221,4.9,4.85,4.91,4.84,0.05,1.0309,760045.96,370761.031
20211222,4.89,4.93,4.99,4.89,-0.01,-0.2041,1097239.3,540769.098
20211223,5.03,4.92,5.05,4.9,0.14,2.863,2116516.75,1054923.701
20211224,4.94,5.04,5.05,4.93,-0.09,-1.7893,1071869.65,532242.643
20211227,4.95,4.92,5.0,4.92,0.01,0.2024,773640.82,383846.871
20211228,4.93,5.0,5.02,4.91,-0.02,-0.404,1143253.69,565165.071
20211229,4.91,4.93,4.94,4.9,-0.02,-0.4057,751128.09,369162.142
20211230,4.9,4.92,4.95,4.9,-0.01,-0.2037,906080.53,445570.05
20211231,4.91,4.9,4.93,4.88,0.01,0.2041,745480.57,365839.904
20220104,4.94,4.92,4.95,4.9,0.03,0.611,1240414.16,611133.22
20220105,4.96,4.93,4.98,4.92,0.02,0.4049,1401265.63,694345.515
20220106,4.98,4.94,5.02,4.92,0.02,0.4032,1437800.27,717103.003
20220107,5.27,5.03,5.32,5.02,0.29,5.8233,4216157.54,2190315.196
20220110,5.3,5.23,5.37,5.17,0.03,0.5693,2706297.82,1425931.364
20220111,5.24,5.28,5.33,5.23,-0.06,-1.1321,1274730.24,672188.076
20220112,5.33,5.38,5.44,5.29,0.09,1.7176,2805586.23,1505850.85
20220113,5.48,5.44,5.58,5.41,0.15,2.8143,3063673.97,1682746.717
20220114,5.29,5.46,5.46,5.28,-0.19,-3.4672,2103849.11,1121965.653
20220117,5.32,5.39,5.42,5.21,0.03,0.5671,1822126.76,965912.179
20220118,5.49,5.32,5.52,5.3,0.17,3.1955,2400137.73,1302118.003
20220119,5.5,5.53,5.57,5.41,0.01,0.1821,2990874.76,1642503.627
20220120,5.4,5.29,5.44,5.25,-0.1,-1.8182,2739628.17,1470115.27
20220121,5.17,5.31,5.32,5.13,-0.23,-4.2593,2829948.72,1470192.624
20220124,5.3,5.2,5.32,5.16,0.13,2.5145,1564771.17,820494.374
20220125,5.14,5.22,5.26,5.14,-0.16,-3.0189,1669051.01,867155.239
20220126,5.28,5.25,5.29,5.18,0.14,2.7237,1805415.43,947424.801
20220127,5.24,5.31,5.37,5.22,-0.04,-0.7576,1556820.51,825570.124
20220128,5.02,5.23,5.27,4.99,-0.22,-4.1985,2900570.98,1471544.839
20220207,5.48,5.19,5.5,5.18,0.46,9.1633,3996823.64,2148159.548
20220208,5.53,5.41,5.55,5.39,0.05,0.9124,2476786.1,1356727.519
20220209,5.48,5.45,5.52,5.43,-0.05,-0.9042,1748857.7,957223.018
20220210,5.52,5.49,5.61,5.43,0.04,0.7299,2172502.16,1199388.726
20220211,5.8,5.5,5.87,5.49,0.28,5.0725,4576501.1,2619387.301
20220214,5.82,5.99,6.04,5.76,0.02,0.3448,3313170.41,1943458.857
20220215,5.65,5.78,5.78,5.58,-0.17,-2.921,2585321.49,1465627.934
20220216,5.64,5.5,5.67,5.45,-0.01,-0.177,2375093.03,1320619.882
20220217,5.7,5.58,5.75,5.54,0.06,1.0638,2456602.09,1384281.435
20220218,5.63,5.61,5.67,5.54,-0.07,-1.2281,1889898.89,1058818.777
20220221,5.57,5.64,5.66,5.53,-0.06,-1.0657,1369936.64,761733.091
20220222,5.8,5.7,5.8,5.64,0.23,4.1293,3705774.73,2120971.56
20220223,5.67,5.68,5.72,5.59,-0.13,-2.2414,2506085.85,1413266.239
20220224,5.91,5.67,6.08,5.63,0.24,4.2328,6077027.44,3568694.591
20220225,5.73,5.74,5.81,5.63,-0.18,-3.0457,3974931.97,2275530.316
20220228,5.77,5.75,5.88,5.73,0.04,0.6981,2582706.22,1494400.574
20220301,5.73,5.77,5.77,5.65,-0.04,-0.6932,2142102.56,1220164.547
20220302,5.84,5.92,5.96,5.81,0.11,1.9197,3274135.48,1920291.586
20220303,5.93,5.9,6.02,5.88,0.09,1.5411,3804172.5,2260470.245
20220304,5.81,5.85,5.89,5.75,-0.12,-2.0236,2445656.28,1421202.527
20220307,5.94,6.0,6.03,5.9,0.13,2.2375,3793406.39,2261667.61
20220308,5.9,5.88,6.0,5.76,-0.04,-0.6734,3069427.66,1803427.827
20220309,5.74,5.92,5.97,5.55,-0.16,-2.7119,3602255.6,2092346.519
20220310,5.66,5.55,5.68,5.5,-0.08,-1.3937,2961434.22,1656891.897
20220311,5.58,5.57,5.58,5.4,-0.08,-1.4134,2679130.96,1474349.759
20220314,5.46,5.46,5.63,5.45,-0.12,-2.1505,1771881.89,981229.493
20220315,5.0,5.38,5.38,5.0,-0.46,-8.4249,3475313.71,1789253.472
20220316,5.08,5.02,5.1,4.86,0.08,1.6,2833017.19,1411043.242
20220317,5.13,5.1,5.15,5.03,0.05,0.9843,2529723.3,1288119.761
20220318,5.25,5.21,5.3,5.19,0.12,2.3392,2357895.22,1237072.284
20220321,5.2,5.27,5.29,5.16,-0.05,-0.9524,1769336.75,922136.27
20220322,5.35,5.27,5.37,5.27,0.15,2.8846,2107440.22,1122790.822
20220323,5.32,5.3,5.36,5.26,-0.03,-0.5607,1300493.29,691336.838
20220324,5.35,5.41,5.47,5.34,0.03,0.5639,1573707.7,850596.273
20220325,5.37,5.3,5.42,5.28,0.02,0.3738,1266488.67,680087.357
20220328,5.56,5.4,5.64,5.36,0.19,3.5382,2496192.17,1378987.142
20220329,5.62,5.48,5.64,5.46,0.06,1.0791,1612804.76,896083.578
20220330,5.53,5.6,5.6,5.45,-0.09,-1.6014,2007888.55,1106057.771
20220331,5.52,5.5,5.57,5.46,-0.01,-0.1808,1604904.22,884331.831
20220401,5.47,5.4,5.5,5.34,-0.05,-0.9058,1781467.39,966531.797
20220406,5.61,5.47,5.64,5.44,0.14,2.5594,1981057.75,1100751.78
20220407,5.56,5.56,5.68,5.55,-0.05,-0.8913,1593784.75,892401.689
20220408,5.58,5.58,5.65,5.52,0.02,0.3597,1167660.97,651070.422
20220411,5.5,5.6,5.66,5.47,-0.08,-1.4337,1444356.08,804562.74
20220412,5.46,5.45,5.49,5.34,-0.04,-0.7273,1742594.57,944636.059
20220413,5.52,5.51,5.59,5.5,0.06,1.0989,1583064.77,878165.822
20220414,5.6,5.56,5.62,5.54,0.08,1.4493,1333181.56,745071.873
20220415,5.54,5.67,5.7,5.54,-0.06,-1.0714,1305146.86,731917.448
20220418,5.4,5.55,5.62,5.39,-0.14,-2.5271,1459858.4,800685.561
20220419,5.6,5.4,5.61,5.37,0.2,3.7037,2182906.12,1206365.554
20220420,5.41,5.52,5.58,5.4,-0.19,-3.3929,1612460.5,881412.223
20220421,5.16,5.41,5.46,5.12,-0.25,-4.6211,2799732.21,1469169.159
20220422,5.28,5.09,5.32,5.07,0.12,2.3256,1831624.38,960613.061
20220425,5.05,5.18,5.26,5.04,-0.23,-4.3561,2173065.51,1117316.149
20220426,4.99,5.05,5.12,4.95,-0.06,-1.1881,1834246.27,920463.561
20220427,5.08,4.99,5.09,4.96,0.09,1.8036,1857740.41,934677.382
20220428,5.18,5.08,5.21,5.04,0.1,1.9685,1551008.03,797468.44
20220429,5.38,5.25,5.39,5.17,0.2,3.861,2035597.21,1075245.842
20220505,5.45,5.41,5.49,5.39,0.07,1.3011,2101203.64,1144826.697
20220506,5.29,5.34,5.37,5.24,-0.16,-2.9358,1380164.4,733109.004
20220509,5.34,5.29,5.36,5.26,0.05,0.9452,866497.14,460910.345
20220510,5.18,5.15,5.2,5.07,-0.16,-2.9963,2240503.74,1150308.091
20220511,5.19,5.15,5.21,5.13,0.01,0.1931,1423396.72,736444.984
20220512,5.13,5.21,5.23,5.1,-0.06,-1.1561,1276640.3,659143.734
20220513,5.16,5.18,5.2,5.13,0.03,0.5848,1399083.02,722474.364
20220516,5.17,5.2,5.21,5.13,0.01,0.1938,1042247.79,538342.558
20220517,5.23,5.2,5.26,5.19,0.06,1.1605,1429405.1,746165.755
20220518,5.18,5.2,5.21,5.13,-0.05,-0.956,1244808.13,643253.395
20220519,5.14,5.1,5.14,5.05,-0.04,-0.7722,1486892.36,757342.915
20220520,5.22,5.15,5.22,5.13,0.08,1.5564,1581820.9,820898.012
20220523,5.22,5.23,5.24,5.19,0.0,0.0,1034249.39,539762.117
20220524,5.18,5.23,5.29,5.17,-0.04,-0.7663,1583884.01,830107.523
20220525,5.32,5.2,5.35,5.19,0.14,2.7027,1601250.94,846648.652
20220526,5.36,5.35,5.38,5.28,0.04,0.7519,1137062.52,606352.573
20220527,5.55,5.41,5.6,5.41,0.19,3.5448,2833646.11,1561958.616
20220530,5.53,5.59,5.63,5.49,-0.02,-0.3604,1505443.09,834789.437
20220531,5.66,5.59,5.67,5.57,0.13,2.3508,1967615.57,1109759.253
20220601,5.55,5.6,5.61,5.5,-0.11,-1.9435,1194523.25,663222.69
20220602,5.47,5.47,5.5,5.41,-0.08,-1.4414,1172709.48,639713.642
20220606,5.5,5.58,5.58,5.45,0.03,0.5484,1688920.65,927432.052
20220607,5.5,5.5,5.54,5.46,0.0,0.0,1406882.9,773916.604
20220608,5.64,5.53,5.64,5.52,0.14,2.5455,1763437.26,985233.71
20220609,5.8,5.7,5.88,5.7,0.16,2.8369,2738423.89,1592285.172
20220610,5.89,5.74,5.91,5.72,0.09,1.5517,2094474.19,1222107.082
20220613,5.89,5.83,6.03,5.8,0.0,0.0,2297696.81,1353928.628
20220614,6.21,5.84,6.22,5.82,0.32,5.4329,4145919.65,2516716.554
20220615,6.13,6.18,6.32,6.13,-0.08,-1.2882,3875247.93,2411257.598
20220616,5.92,6.1,6.14,5.89,-0.21,-3.4258,2977296.4,1770849.492
20220617,5.83,5.84,5.93,5.76,-0.09,-1.5203,2756744.55,1609253.527
20220620,5.45,5.69,5.69,5.39,-0.38,-6.518,5169373.77,2829470.27
20220621,5.44,5.45,5.49,5.41,-0.01,-0.1835,1952107.51,1064545.56
20220622,5.32,5.45,5.46,5.31,-0.12,-2.2059,2279190.33,1225150.322
20220623,5.4,5.29,5.4,5.25,0.08,1.5038,2131412.06,1134453.671
20220624,5.34,5.37,5.39,5.3,-0.06,-1.1111,1650822.4,880934.325
20220627,5.39,5.36,5.41,5.34,0.05,0.9363,1642770.04,884171.732
20220628,5.36,5.34,5.36,5.3,0.07,1.3233,1454288.39,775085.904
20220629,5.31,5.37,5.4,5.3,-0.05,-0.9328,1704059.74,909708.571
20220630,5.3,5.28,5.31,5.28,-0.01,-0.1883,1229093.43,650754.471
20220701,5.27,5.26,5.27,5.22,-0.03,-0.566,944725.41,495762.14
20220704,5.31,5.27,5.32,5.27,0.04,0.759,992341.92,526008.503
20220705,5.4,5.35,5.44,5.35,0.09,1.6949,1831665.25,988893.668
20220706,5.22,5.24,5.27,5.17,-0.18,-3.3333,2602926.99,1357046.903
20220707,5.16,5.19,5.2,5.15,-0.06,-1.1494,1735136.57,896039.374
20220708,5.19,5.22,5.24,5.17,0.03,0.5814,1014627.29,527116.173
20220711,5.13,5.19,5.2,5.12,-0.06,-1.1561,1139812.65,585700.915
20220712,5.12,5.13,5.15,5.11,-0.01,-0.1949,846901.84,434052.132
20220713,5.09,5.08,5.09,5.04,-0.03,-0.5859,1279890.82,648483.748
20220714,5.07,5.08,5.08,5.04,-0.02,-0.3929,800396.53,405141.164
20220715,5.01,5.05,5.06,5.0,-0.06,-1.1834,1345345.54,676264.899
20220718,5.15,5.06,5.16,5.06,0.14,2.7944,1313670.35,671775.928
20220719,5.2,5.18,5.21,5.15,0.05,0.9709,1108164.02,574197.756
20220720,5.24,5.24,5.28,5.23,0.04,0.7692,1010403.01,530715.977
20220721,5.19,5.24,5.24,5.16,-0.05,-0.9542,892754.77,463824.475
20220722,5.2,5.17,5.24,5.16,0.01,0.1927,778309.58,404616.436
20220725,5.19,5.2,5.23,5.17,-0.01,-0.1923,634400.7,329940.409
20220726,5.25,5.21,5.26,5.21,0.06,1.1561,795169.11,416541.554
20220727,5.21,5.23,5.26,5.2,-0.04,-0.7619,726270.7,379251.676
20220728,5.25,5.26,5.29,5.23,0.04,0.7678,797316.6,418939.168
20220729,5.2,5.24,5.3,5.19,-0.05,-0.9524,807011.34,422263.579
20220801,5.22,5.2,5.24,5.17,0.02,0.3846,745000.32,388110.864
20220802,5.12,5.16,5.16,5.04,-0.1,-1.9157,1319034.57,672221.13
20220803,5.08,5.11,5.16,5.08,-0.04,-0.7813,812798.74,416168.996
20220804,5.07,5.08,5.1,5.04,-0.01,-0.1969,797983.53,404384.596
20220805,5.05,5.05,5.06,5.0,-0.02,-0.3945,1500536.92,754377.749
20220808,5.06,5.03,5.07,5.02,0.01,0.198,692014.7,349378.377
20220809,5.1,5.07,5.13,5.06,0.04,0.7905,762813.23,389265.116
20220810,5.13,5.1,5.17,5.09,0.03,0.5882,714482.52,366763.264
20220811,5.19,5.16,5.2,5.14,0.06,1.1696,698639.6,361707.089
20220812,5.24,5.22,5.25,5.2,0.05,0.9634,803578.15,420496.952
20220815,5.19,5.17,5.23,5.13,-0.05,-0.9542,850920.28,442255.008
20220816,5.14,5.15,5.17,5.1,-0.05,-0.9634,912829.17,468653.52
20220817,5.16,5.14,5.17,5.11,0.02,0.3891,553783.78,284827.284
20220818,5.11,5.16,5.19,5.1,-0.05,-0.969,725385.88,372035.376
20220819,5.18,5.14,5.22,5.13,0.07,1.3699,1019166.16,528030.662
20220822,5.23,5.18,5.24,5.17,0.05,0.9653,945467.55,493577.896
20220823,5.3,5.23,5.32,5.19,0.07,1.3384,1437970.03,757985.634
20220824,5.33,5.39,5.43,5.31,0.03,0.566,1830262.91,980940.666
20220825,5.49,5.37,5.49,5.35,0.16,3.0019,2373405.66,1288967.398
20220826,5.44,5.48,5.5,5.4,-0.05,-0.9107,1893490.11,1031633.184
20220829,5.48,5.43,5.49,5.4,0.04,0.7353,1360982.4,741597.416
20220830,5.47,5.53,5.57,5.43,-0.01,-0.1825,1140078.67,625140.664
20220831,5.34,5.38,5.39,5.31,-0.13,-2.3766,1353302.57,723995.969
20220901,5.36,5.32,5.43,5.3,0.02,0.3745,1203355.91,646181.913
20220902,5.42,5.36,5.45,5.34,0.06,1.1194,1016597.02,550012.301
20220905,5.56,5.45,5.58,5.44,0.14,2.583,1820156.94,1005539.897
20220906,5.61,5.57,5.63,5.53,0.05,0.8993,1439710.49,804798.025
20220907,5.58,5.56,5.6,5.52,-0.03,-0.5348,1063078.05,590529.659
20220908,5.53,5.51,5.57,5.44,-0.05,-0.8961,1320467.76,727985.431
20220909,5.59,5.58,5.63,5.55,0.06,1.085,1229275.86,687255.668
20220913,5.55,5.63,5.65,5.55,-0.04,-0.7156,1049312.06,586175.305
20220914,5.52,5.5,5.59,5.47,-0.03,-0.5405,976924.48,541043.603
20220915,5.54,5.56,5.6,5.47,0.02,0.3623,1040331.35,576123.075
20220916,5.37,5.49,5.5,5.35,-0.17,-3.0686,2677402.6,1444287.797
20220919,5.35,5.34,5.37,5.27,-0.02,-0.3724,1322585.92,703667.351
20220920,5.16,5.19,5.22,5.15,0.01,0.1942,1020964.18,529009.334
20220921,5.23,5.14,5.24,5.09,0.07,1.3566,1002924.3,518874.389
20220922,5.34,5.2,5.36,5.17,0.11,2.1033,1331561.34,704153.654
20220923,5.44,5.31,5.52,5.31,0.1,1.8727,1984611.71,1082860.166
20220926,5.11,5.34,5.37,5.11,-0.33,-6.0662,1990242.48,1042257.114
20220927,5.1,5.11,5.17,5.03,-0.01,-0.1957,1606135.42,814547.851
20220928,5.07,5.09,5.13,5.04,-0.03,-0.5882,966269.22,490629.917
20220929,5.11,5.14,5.18,5.06,0.04,0.789,948557.11,486091.349
20220930,5.13,5.08,5.16,5.08,0.02,0.3914,819572.3,420427.454
20221010,5.27,5.29,5.37,5.24,0.14,2.729,1891524.08,1004290.297
20221011,5.21,5.28,5.29,5.19,-0.06,-1.1385,1121147.2,586118.578
20221012,5.2,5.18,5.21,5.13,-0.01,-0.1919,1092707.14,564699.4
20221013,5.13,5.17,5.18,5.1,-0.07,-1.3462,1451128.26,743335.955
20221014,5.17,5.17,5.19,5.15,0.04,0.7797,1104542.19,571103.257
20221017,5.18,5.13,5.19,5.08,0.01,0.1934,999636.26,513878.411
20221018,5.16,5.16,5.19,5.13,-0.02,-0.3861,711518.6,366763.748
20221019,5.11,5.12,5.17,5.11,-0.05,-0.969,726316.96,372904.323
20221020,5.16,5.13,5.17,5.1,0.05,0.9785,934018.74,479892.955
20221021,5.19,5.14,5.19,5.14,0.03,0.5814,906783.02,468794.627
20221024,5.17,5.19,5.23,5.12,-0.02,-0.3854,1104971.88,570885.154
20221025,5.12,5.17,5.18,5.09,-0.05,-0.9671,865143.92,443829.113
20221026,5.08,5.12,5.14,5.07,-0.04,-0.7813,1161039.63,592150.856
20221027,5.11,5.1,5.12,5.07,0.03,0.5906,863300.56,440285.168
20221028,5.07,5.12,5.15,5.07,-0.04,-0.7828,1310206.48,669389.984
20221031,4.79,5.05,5.06,4.76,-0.28,-5.5227,3205796.33,1565377.081
20221101,4.85,4.77,4.85,4.77,0.06,1.2526,1358447.78,654137.255
20221102,4.89,4.85,4.9,4.82,0.04,0.8247,1060959.21,516021.778
20221103,4.89,4.86,4.91,4.85,0.0,0.0,972994.73,474624.809
20221104,4.95,4.89,4.97,4.88,0.06,1.227,1033840.83,510325.932
20221107,5.05,4.97,5.08,4.97,0.1,2.0202,1188760.54,598486.095
20221108,5.06,5.06,5.08,5.03,0.01,0.198,691758.57,349353.568
20221109,5.02,5.02,5.06,5.0,-0.04,-0.7905,600640.63,301993.26
20221110,4.95,4.97,4.98,4.9,-0.07,-1.3944,1095406.47,540991.511
20221111,5.05,5.0,5.05,4.98,0.1,2.0202,1144431.25,574087.734
20221114,5.03,5.05,5.11,5.02,-0.02,-0.396,1062604.08,538174.893
20221115,5.03,5.0,5.05,4.98,0.0,0.0,785991.68,394664.312
20221116,5.06,5.03,5.1,5.03,0.03,0.5964,1005223.66,509102.562
20221117,5.04,5.06,5.06,5.01,-0.02,-0.3953,785345.12,395189.857
20221118,5.0,5.01,5.03,4.99,-0.04,-0.7937,804964.43,403148.749
20221121,4.97,4.98,4.99,4.94,-0.03,-0.6,678548.87,336726.319
20221122,5.07,4.98,5.1,4.97,0.1,2.0121,1389390.2,702533.871
20221123,5.14,5.1,5.18,5.09,0.07,1.3807,1532839.04,787554.703
20221124,5.11,5.09,5.14,5.08,-0.03,-0.5837,811206.36,414613.676
20221125,5.18,5.12,5.2,5.1,0.07,1.3699,1114228.54,576177.366
20221128,5.11,5.13,5.15,5.07,-0.07,-1.3514,1021154.33,521716.698
20221129,5.19,5.14,5.2,5.12,0.08,1.5656,1267210.93,655844.18
20221130,5.24,5.18,5.24,5.17,0.05,0.9634,1281765.82,669028.494
20221201,5.19,5.27,5.28,5.19,-0.05,-0.9542,1044701.11,545472.68
20221202,5.2,5.2,5.23,5.17,0.01,0.1927,876848.41,455819.077
20221205,5.32,5.23,5.35,5.22,0.12,2.3077,1719654.99,911416.976
20221206,5.28,5.28,5.31,5.25,-0.04,-0.7519,1176086.7,620424.044
20221207,5.19,5.24,5.25,5.17,-0.09,-1.7045,1295106.62,674021.358
20221208,5.15,5.18,5.2,5.13,-0.04,-0.7707,1137146.34,587271.356
20221209,5.14,5.16,5.18,5.12,-0.01,-0.1942,954340.7,490964.2
20221212,5.09,5.14,5.16,5.08,-0.05,-0.9728,1175123.2,600057.345
20221213,5.1,5.11,5.13,5.08,0.01,0.1965,897679.43,457994.166
20221214,5.14,5.11,5.15,5.09,0.04,0.7843,821934.54,420972.754
20221215,5.09,5.16,5.17,5.08,-0.05,-0.9728,760146.05,388116.796
20221216,5.11,5.07,5.13,5.05,0.02,0.3929,718330.99,366146.063
20221219,5.02,5.1,5.11,5.01,-0.09,-1.7613,904358.93,456061.879
20221220,5.0,5.01,5.05,4.98,-0.02,-0.3984,766549.52,383635.592
20221221,4.99,5.01,5.02,4.98,-0.01,-0.2,501735.34,250868.41
20221222,5.0,5.03,5.05,4.99,0.01,0.2004,596826.72,299427.656
20221223,4.98,4.98,5.01,4.97,-0.02,-0.4,594996.7,296821.483
20221226,4.98,5.0,5.03,4.97,0.0,0.0,683453.86,340746.851
20221227,5.01,5.0,5.01,4.98,0.03,0.6024,573567.38,286865.086
20221228,5.05,5.0,5.07,4.98,0.04,0.7984,837272.85,421366.246
20221229,4.96,5.03,5.03,4.96,-0.09,-1.7822,1248618.88,621860.485
20221230,4.97,4.96,4.98,4.95,0.01,0.2016,736795.68,366223.379
20230103,5.01,4.98,5.01,4.95,0.04,0.8048,746730.18,372173.228
20230104,4.99,4.98,5.0,4.96,-0.02,-0.3992,854072.62,425278.877
20230105,4.98,4.97,4.99,4.96,-0.01,-0.2004,764220.7,380338.343
20230106,4.97,4.98,4.99,4.97,-0.01,-0.2008,640459.63,318747.371
20230109,4.98,4.99,4.99,4.97,0.01,0.2012,664376.61,330873.003
20230110,4.96,4.98,4.99,4.96,-0.02,-0.4016,530173.58,263568.386
20230111,4.97,4.97,5.0,4.96,0.01,0.2016,769815.35,383423.924
20230112,5.04,4.99,5.05,4.98,0.07,1.4085,1134670.56,570154.115
20230113,5.09,5.04,5.1,5.03,0.05,0.9921,1033609.76,524451.518
20230116,5.11,5.11,5.13,5.07,0.02,0.3929,1029217.32,525867.95
20230117,5.08,5.11,5.11,5.06,-0.03,-0.5871,734994.27,373258.241
20230118,5.09,5.09,5.12,5.07,0.01,0.1969,737496.09,375479.195
20230119,5.1,5.09,5.1,5.06,0.01,0.1965,836184.04,424551.11
20230120,5.19,5.13,5.21,5.13,0.09,1.7647,1657264.26,857520.771
20230130,5.21,5.24,5.25,5.17,0.02,0.3854,1390743.98,724596.969
20230131,5.17,5.19,5.22,5.16,-0.04,-0.7678,1019934.34,528747.266
20230201,5.2,5.18,5.21,5.16,0.03,0.5803,1186952.54,615762.967
20230202,5.18,5.19,5.19,5.15,-0.02,-0.3846,1001027.2,517674.069
20230203,5.17,5.16,5.18,5.13,-0.01,-0.1931,1104655.88,569107.325
20230206,5.15,5.14,5.16,5.12,-0.02,-0.3868,824794.79,423853.32
20230207,5.17,5.16,5.19,5.15,0.02,0.3883,683316.85,353259.942
20230208,5.15,5.21,5.21,5.14,-0.02,-0.3868,814751.38,422281.18
20230209,5.17,5.16,5.18,5.15,0.02,0.3883,550235.01,284175.674
20230210,5.14,5.16,5.17,5.13,-0.03,-0.5803,658020.0,338556.924
20230213,5.15,5.15,5.17,5.13,0.01,0.1946,776966.87,400015.798
20230214,5.17,5.16,5.17,5.14,0.02,0.3883,509600.59,262841.506
20230215,5.15,5.16,5.17,5.13,-0.02,-0.3868,690212.72,355163.751
20230216,5.15,5.15,5.21,5.14,0.0,0.0,1453961.69,753082.101
20230217,5.15,5.15,5.19,5.14,0.0,0.0,817739.43,422054.818
20230220,5.24,5.15,5.25,5.14,0.09,1.7476,1519569.87,792181.63
20230221,5.26,5.24,5.3,5.23,0.02,0.3817,1266275.88,666045.211
20230222,5.24,5.25,5.28,5.23,-0.02,-0.3802,710108.01,372941.351
20230223,5.25,5.25,5.28,5.22,0.01,0.1908,931992.81,489305.725
20230224,5.23,5.25,5.26,5.21,-0.02,-0.381,706267.1,369312.965
20230227,5.21,5.22,5.25,5.21,-0.02,-0.3824,619284.71,323920.0
20230228,5.23,5.22,5.23,5.19,0.02,0.3839,780918.59,407149.028
20230301,5.28,5.22,5.29,5.21,0.05,0.956,1190146.26,626730.73
20230302,5.36,5.28,5.39,5.26,0.08,1.5152,1913891.57,1022773.481
20230303,5.5,5.37,5.52,5.35,0.14,2.6119,2395040.45,1307700.11
20230306,5.51,5.52,5.62,5.48,0.01,0.1818,1980120.47,1094943.856
20230307,5.64,5.53,5.84,5.52,0.13,2.3593,4481967.26,2558295.973
20230308,5.57,5.55,5.6,5.51,-0.07,-1.2411,1922833.34,1068594.051
20230309,5.57,5.55,5.67,5.55,0.0,0.0,1534063.99,858210.571
20230310,5.44,5.54,5.59,5.43,-0.13,-2.3339,1797839.88,988683.903
20230313,5.68,5.48,5.68,5.47,0.24,4.4118,2510706.16,1406885.454
20230314,5.55,5.64,5.68,5.51,-0.13,-2.2887,2046657.63,1143522.143
20230315,5.65,5.55,5.72,5.5,0.1,1.8018,2231514.92,1252531.15
20230316,5.48,5.55,5.57,5.47,-0.17,-3.0088,2399968.22,1323381.137
20230317,5.83,5.51,5.89,5.49,0.35,6.3869,5235088.36,3004463.767
20230320,5.77,5.8,5.99,5.74,-0.06,-1.0292,4261525.16,2502695.464
20230321,5.68,5.8,5.84,5.62,-0.09,-1.5598,2255964.45,1283749.32
20230322,5.7,5.7,5.78,5.66,0.02,0.3521,1493989.1,853797.496
20230323,5.77,5.69,5.79,5.66,0.07,1.2281,1857281.09,1064222.015
20230324,5.64,5.74,5.74,5.63,-0.13,-2.253,1823708.63,1031542.148
20230327,5.58,5.6,5.6,5.5,-0.06,-1.0638,1589953.23,881552.429
20230328,5.67,5.65,5.73,5.59,0.09,1.6129,1745597.98,988182.291
20230329,5.61,5.71,5.71,5.59,-0.06,-1.0582,1235271.83,695506.665
20230330,6.0,5.7,6.03,5.69,0.39,6.9519,5742409.5,3403189.911
20230331,5.92,5.99,6.01,5.9,-0.08,-1.3333,2082518.36,1237145.884
20230403,6.0,6.05,6.18,5.97,0.08,1.3514,3411577.13,2071494.157
20230404,6.17,6.04,6.24,6.0,0.17,2.8333,2940455.68,1805461.31
20230406,6.18,6.12,6.2,6.08,0.01,0.1621,1829100.17,1124653.839
20230407,6.15,6.16,6.21,6.11,-0.03,-0.4854,1198063.94,736244.43
20230410,6.46,6.16,6.49,6.16,0.31,5.0407,3384283.46,2163040.596
20230411,6.56,6.42,6.6,6.37,0.1,1.548,2763521.28,1798648.2
20230412,6.83,6.57,6.87,6.57,0.27,4.1159,3115413.27,2106278.659
20230413,6.78,6.86,7.14,6.74,-0.05,-0.7321,4540456.41,3135648.701
20230414,6.9,6.78,6.94,6.7,0.12,1.7699,2753879.97,1886902.141
20230417,7.34,6.87,7.37,6.82,0.44,6.3768,4255723.72,3052584.837
20230418,7.29,7.29,7.34,7.16,-0.05,-0.6812,2703989.92,1957647.422
20230419,7.19,7.24,7.45,7.16,-0.1,-1.3717,2556749.17,1856897.646
20230420,7.32,7.12,7.36,7.06,0.13,1.8081,2801527.65,2017221.138
20230421,7.29,7.25,7.52,7.19,-0.03,-0.4098,2745668.05,2023327.497
20230424,7.32,7.29,7.42,7.21,0.03,0.4115,2344651.86,1716641.183
20230425,7.62,7.36,7.63,7.35,0.3,4.0984,3384197.6,2548347.641
20230426,7.54,7.5,7.6,7.38,-0.08,-1.0499,2585257.9,1934923.944
20230427,7.5,7.41,7.55,7.3,-0.04,-0.5305,2061084.77,1536494.449
20230428,7.89,7.47,7.89,7.43,0.39,5.2,2747828.21,2112599.054
20230504,8.01,7.59,8.16,7.55,0.12,1.5209,3555489.01,2784410.997
20230505,7.97,8.01,8.04,7.79,-0.04,-0.4994,2361695.61,1866190.077
20230508,8.58,8.02,8.58,8.02,0.61,7.6537,3490880.43,2916760.204
20230509,8.09,8.59,8.64,8.09,-0.49,-5.711,4124988.64,3452312.934
20230510,7.77,8.09,8.13,7.64,-0.32,-3.9555,4139162.89,3230949.147
20230511,7.63,7.75,7.78,7.57,-0.14,-1.8018,2017569.76,1546282.627
20230512,7.5,7.66,7.84,7.49,-0.13,-1.7038,2689046.03,2053507.037
20230515,7.47,7.42,7.51,7.24,-0.03,-0.4,2942770.31,2171734.433
20230516,7.52,7.45,7.75,7.42,0.05,0.6693,2174595.51,1647173.396
20230517,7.47,7.43,7.55,7.32,-0.05,-0.6649,1235443.42,917987.117
20230518,7.71,7.55,7.82,7.55,0.24,3.2129,2038920.37,1570114.278
20230519,7.53,7.68,7.71,7.48,-0.18,-2.3346,1496113.55,1133297.414
20230522,7.49,7.49,7.59,7.38,-0.04,-0.5312,1296736.36,970143.375
20230523,7.35,7.49,7.58,7.35,-0.14,-1.8692,1222603.29,909478.905
20230524,7.22,7.32,7.38,7.19,-0.13,-1.7687,1622572.14,1180595.095
20230525,7.16,7.2,7.27,7.02,-0.06,-0.831,2281736.45,1622169.026
20230526,7.11,7.15,7.2,7.01,-0.05,-0.6983,1241262.2,882285.959
20230529,7.62,7.25,7.71,7.23,0.51,7.173,2692567.22,2025538.014
20230530,7.67,7.58,7.9,7.55,0.05,0.6562,2169729.52,1672886.525
20230531,7.5,7.58,7.69,7.4,-0.17,-2.2164,1884316.86,1416284.067
20230601,7.63,7.53,7.79,7.49,0.13,1.7333,1803213.08,1379439.224
20230602,7.65,7.71,7.81,7.62,0.02,0.2621,1432496.84,1100956.483
20230605,7.72,7.72,7.85,7.7,0.07,0.915,1380727.32,1071486.27
20230606,7.66,7.67,7.8,7.63,-0.06,-0.7772,1237333.18,955815.235
20230607,7.66,7.6,7.71,7.5,0.0,0.0,1029440.41,783697.064
20230608,7.82,7.66,7.87,7.57,0.16,2.0888,1691084.14,1314294.131
20230609,7.86,7.78,7.86,7.72,0.04,0.5115,1725687.67,1343450.891
20230612,7.78,7.8,8.05,7.74,-0.08,-1.0178,1845869.4,1448406.94
20230613,7.61,7.74,7.76,7.45,-0.17,-2.1851,2050491.59,1548413.341
20230614,7.6,7.68,7.77,7.57,-0.01,-0.1314,1360192.6,1041567.716
20230615,7.56,7.53,7.58,7.44,-0.04,-0.5263,1244005.1,932983.083
20230616,7.58,7.62,7.68,7.5,0.02,0.2646,1593428.85,1207846.562
20230619,7.52,7.59,7.59,7.44,-0.06,-0.7916,1154892.13,866478.659
20230620,7.37,7.55,7.55,7.3,-0.15,-1.9947,1480959.46,1096714.108
20230621,7.52,7.34,7.65,7.29,0.15,2.0353,2429416.56,1833499.436
20230626,7.46,7.45,7.59,7.41,-0.06,-0.7979,1567127.77,1174811.093
20230627,7.73,7.48,7.81,7.42,0.27,3.6193,2167184.88,1656062.302
20230628,7.54,7.53,7.59,7.46,0.03,0.3995,1508645.96,1134413.132
20230629,7.47,7.55,7.59,7.45,-0.07,-0.9284,965943.06,725031.667
20230630,7.47,7.47,7.55,7.43,0.0,0.0,763164.33,571649.566
20230703,7.82,7.49,7.85,7.47,0.35,4.6854,1720806.19,1326177.413
20230704,7.79,7.81,8.04,7.74,-0.03,-0.3836,1396819.24,1097123.149
20230705,7.79,7.82,7.9,7.72,0.0,0.0,796149.15,620086.262
20230706,7.75,7.79,7.85,7.7,-0.04,-0.5135,949318.72,736436.467
20230707,7.73,7.71,7.84,7.6,-0.02,-0.2581,1034962.95,800094.604
20230710,7.63,7.79,7.82,7.6,-0.1,-1.2937,1116973.19,855640.426
20230711,7.64,7.67,7.67,7.58,0.01,0.1311,723911.89,552296.874
20230712,7.78,7.68,7.87,7.66,0.14,1.8325,1437318.97,1116498.266
20230713,8.24,7.82,8.24,7.79,0.46,5.9126,2618371.43,2115647.839
20230714,8.24,8.22,8.35,8.18,0.0,0.0,1244158.64,1026037.46
20230717,8.13,8.22,8.23,8.06,-0.11,-1.335,805655.48,653946.358
20230718,8.06,8.14,8.14,7.99,-0.07,-0.861,763120.91,614220.291
20230719,8.14,8.08,8.24,8.06,0.08,0.9926,850579.74,691697.687
20230720,8.02,8.13,8.17,7.99,-0.12,-1.4742,871354.71,703490.171
20230721,8.01,8.0,8.07,7.94,-0.01,-0.1247,587324.49,470161.462
20230724,7.96,7.95,8.04,7.86,-0.05,-0.6242,632844.45,503326.546
20230725,8.03,8.14,8.21,8.0,0.07,0.8794,1336450.29,1080696.932
20230726,7.86,8.02,8.05,7.81,-0.17,-2.1171,1398929.37,1103422.148
20230727,7.87,7.87,8.02,7.84,0.01,0.1272,1041707.95,825482.819
20230728,7.97,7.84,7.97,7.77,0.1,1.2706,1230849.21,971164.714
20230731,7.92,7.91,8.06,7.83,-0.05,-0.6274,1403416.28,1109332.624
20230801,8.08,7.93,8.08,7.93,0.16,2.0202,1294728.83,1038893.839
20230802,7.63,8.09,8.1,7.56,-0.45,-5.5693,3351153.64,2597086.992
20230803,7.58,7.55,7.65,7.46,-0.05,-0.6553,1523922.16,1152997.958
20230804,7.62,7.62,7.77,7.6,0.04,0.5277,1544003.22,1184207.377
20230807,7.69,7.65,7.75,7.59,0.07,0.9186,773118.84,593741.434
20230808,7.79,7.65,7.82,7.6,0.1,1.3004,1059648.49,821059.376
20230809,7.8,7.78,7.84,7.71,0.01,0.1284,809136.18,630596.613
20230810,7.92,7.87,7.98,7.85,0.12,1.5385,1092983.95,865728.536
20230811,7.79,7.91,7.94,7.78,-0.13,-1.6414,764126.21,599803.87
20230814,7.84,7.73,7.88,7.72,0.05,0.6418,808896.13,631516.845
20230815,7.84,7.84,7.87,7.76,0.0,0.0,626279.1,488963.052
20230816,7.65,7.79,7.8,7.6,-0.19,-2.4235,991037.02,759743.474
20230817,7.69,7.62,7.71,7.55,0.04,0.5229,595233.33,454387.623
20230818,7.68,7.66,7.77,7.66,-0.01,-0.13,577901.05,446330.112
20230821,7.56,7.69,7.72,7.56,-0.12,-1.5625,648949.82,493237.635
20230822,7.73,7.56,7.78,7.5,0.17,2.2487,1169790.27,897416.267
20230823,7.75,7.73,7.83,7.7,0.02,0.2587,878243.5,683773.671
20230824,7.66,7.73,7.79,7.64,-0.09,-1.1613,818382.2,629310.589
20230825,7.71,7.63,7.75,7.6,0.05,0.6527,746050.1,573940.089
20230828,7.83,8.02,8.03,7.73,0.12,1.5564,1779256.9,1393457.969
20230829,7.75,7.8,7.85,7.72,-0.08,-1.0217,1106741.4,860366.527
20230830,7.76,7.79,7.89,7.76,0.01,0.129,939484.85,732549.988
20230831,7.75,7.79,7.82,7.67,-0.01,-0.1289,962460.53,744508.658
20230901,7.76,7.75,7.81,7.71,0.01,0.129,1029251.69,799154.379
20230904,7.95,7.8,7.96,7.8,0.19,2.4485,1574662.15,1243756.344
20230905,7.95,7.93,7.98,7.89,0.0,0.0,924978.64,733595.76
20230906,8.08,8.02,8.11,7.88,0.13,1.6352,1564053.31,1255055.893
20230907,8.24,8.06,8.31,8.06,0.16,1.9802,1623637.79,1335213.201
20230908,8.06,8.21,8.23,8.02,-0.18,-2.1845,1038510.01,838222.657
20230911,8.13,8.09,8.21,8.06,0.07,0.8685,1067282.15,870277.982
20230912,8.1,8.15,8.22,8.06,-0.03,-0.369,877928.04,712529.072
20230913,8.27,8.19,8.31,8.14,0.17,2.0988,1377366.12,1134786.184
20230914,8.34,8.28,8.37,8.22,0.07,0.8464,1502515.17,1249998.058
20230915,8.29,8.42,8.58,8.25,-0.05,-0.5995,2033961.12,1708515.557
20230918,8.23,8.29,8.33,8.12,-0.06,-0.7238,1669064.16,1365624.416
20230919,8.32,8.22,8.34,8.2,0.09,1.0936,1178341.15,978876.835
20230920,8.12,8.14,8.2,8.08,0.01,0.1233,1267611.83,1030120.709
20230921,7.99,8.12,8.18,7.99,-0.13,-1.601,1063015.36,855116.403
20230922,8.11,8.02,8.12,7.97,0.12,1.5019,1111403.49,896236.265
20230925,8.0,8.13,8.16,7.98,-0.11,-1.3564,1215911.34,977983.677
20230926,7.98,8.0,8.03,7.96,-0.02,-0.25,891331.51,712041.561
20230927,8.0,8.03,8.05,7.98,0.02,0.2506,754604.01,604322.971
20230928,7.98,8.15,8.18,7.96,-0.02,-0.25,1250172.38,1005081.914
20231009,7.91,7.79,7.94,7.61,-0.07,-0.8772,1806691.64,1404770.212
20231010,7.79,7.92,7.97,7.75,-0.12,-1.5171,989316.1,775151.074
20231011,7.66,7.81,7.82,7.63,-0.13,-1.6688,989972.63,762638.612
20231012,7.67,7.66,7.7,7.6,0.01,0.1305,826176.42,632374.068
20231013,7.67,7.61,7.7,7.54,0.0,0.0,936652.39,713917.399
20231016,7.8,7.75,7.84,7.71,0.13,1.6949,1314716.63,1022840.969
20231017,7.93,7.76,7.95,7.71,0.13,1.6667,1085745.13,851852.679
20231018,7.98,7.93,8.02,7.91,0.05,0.6305,970316.82,774066.479
20231019,7.74,7.98,7.98,7.71,-0.24,-3.0075,1198458.67,933301.993
20231020,7.69,7.78,7.8,7.67,-0.05,-0.646,858744.83,663319.205
20231023,7.57,7.63,7.69,7.51,-0.12,-1.5605,864693.85,656283.196
20231024,7.76,7.56,7.77,7.55,0.19,2.5099,1187571.54,912811.35
20231025,7.33,7.79,7.8,7.31,-0.43,-5.5412,2208269.14,1651755.39
20231026,7.45,7.3,7.48,7.29,0.12,1.6371,1181436.98,876673.107
20231027,7.42,7.42,7.52,7.4,-0.03,-0.4027,949548.82,707619.083
20231030,7.13,7.41,7.42,7.05,-0.29,-3.9084,2413077.76,1724093.455
20231031,7.12,7.1,7.15,7.0,-0.01,-0.1403,1570334.21,1113276.522
20231101,7.16,7.11,7.18,7.05,0.04,0.5618,1217491.47,868143.488
20231102,7.25,7.2,7.3,7.16,0.09,1.257,1176056.96,852782.663
20231103,7.33,7.28,7.38,7.22,0.08,1.1034,1068222.48,779650.234
20231106,7.09,7.28,7.28,7.03,-0.24,-3.2742,2630122.79,1862123.673
20231107,7.09,7.04,7.13,6.91,0.0,0.0,1663974.08,1171046.085
20231108,7.03,6.99,7.05,6.95,-0.06,-0.8463,1016303.03,711719.54
20231109,7.09,6.99,7.11,6.97,0.06,0.8535,1028999.54,726882.954
20231110,7.08,7.08,7.12,7.0,-0.01,-0.141,716986.89,507249.998
20231113,7.14,7.11,7.15,7.02,0.06,0.8475,839484.51,595332.165
20231114,7.1,7.15,7.21,7.08,-0.04,-0.5602,697238.86,495860.249
20231115,7.18,7.11,7.18,7.1,0.08,1.1268,834143.43,596331.928
20231116,7.13,7.14,7.21,7.12,-0.05,-0.6964,501106.79,358740.507
20231117,7.04,7.06,7.07,6.95,-0.09,-1.2623,1080657.08,756466.919
20231120,7.1,7.07,7.14,7.05,0.06,0.8523,843359.58,599144.57
20231121,7.13,7.14,7.23,7.11,0.03,0.4225,953629.48,683856.169
20231122,7.12,7.14,7.2,7.11,-0.01,-0.1403,577260.17,413492.448
20231123,7.11,7.1,7.14,7.05,-0.01,-0.1404,604762.78,428857.663
20231124,7.12,7.11,7.17,7.09,0.01,0.1406,527176.02,376530.408
20231127,7.13,7.13,7.16,7.04,0.01,0.1404,852577.95,605065.026
20231128,7.07,7.12,7.13,7.05,-0.06,-0.8415,853112.76,603620.837
20231129,7.06,7.09,7.11,7.01,-0.01,-0.1414,1013495.1,715253.671
20231130,7.18,7.07,7.21,7.05,0.12,1.6997,1543681.32,1104333.141
20231201,7.18,7.18,7.23,7.13,0.0,0.0,981646.55,704325.713
20231204,7.2,7.18,7.29,7.17,0.02,0.2786,778993.38,563636.923
20231205,7.06,7.18,7.21,7.05,-0.14,-1.9444,737555.36,526154.573
20231206,6.81,7.05,7.09,6.81,-0.25,-3.5411,1874733.33,1285485.744
20231207,6.78,6.76,6.82,6.71,-0.03,-0.4405,1049996.43,710900.793
20231208,6.87,6.79,6.97,6.76,0.09,1.3274,1162014.97,800368.578
20231211,6.86,6.87,6.91,6.67,-0.01,-0.1456,1135475.47,772144.373
20231212,6.91,6.85,6.92,6.77,0.05,0.7289,837791.97,573794.656
20231213,6.76,6.84,6.86,6.75,-0.15,-2.1708,906688.16,615881.7
20231214,6.75,6.79,6.82,6.74,-0.01,-0.1479,590996.59,400725.688
20231215,6.73,6.8,6.82,6.71,-0.02,-0.2963,717703.39,485491.163
20231218,6.76,6.71,6.8,6.68,0.03,0.4458,587152.26,396818.949
20231219,6.77,6.78,6.79,6.71,0.01,0.1479,604562.34,408034.602
20231220,6.77,6.77,6.85,6.75,0.0,0.0,773174.22,526177.324
20231221,6.77,6.75,6.8,6.71,0.0,0.0,647116.09,438099.556
20231222,6.83,6.77,6.87,6.76,0.06,0.8863,937391.84,640323.868
20231225,6.92,6.8,6.94,6.79,0.09,1.3177,794726.98,545944.105
20231226,6.99,6.92,7.03,6.89,0.07,1.0116,949538.25,663657.089
20231227,7.12,7.0,7.17,6.97,0.13,1.8598,1077889.64,767431.892
20231228,7.06,7.13,7.18,7.01,-0.06,-0.8427,1167204.55,825151.57
20231229,7.06,7.02,7.12,6.96,0.0,0.0,1188541.25,836445.198
20240102,7.14,7.06,7.19,7.05,0.08,1.1331,1226086.89,873933.752
20240103,7.28,7.14,7.3,7.11,0.14,1.9608,1346558.87,975419.831
20240104,7.43,7.33,7.46,7.32,0.15,2.0604,1493913.02,1103951.799
20240105,7.49,7.39,7.59,7.35,0.06,0.8075,1529002.32,1149424.617
20240108,7.47,7.5,7.57,7.42,-0.02,-0.267,1166565.27,873973.695
20240109,7.46,7.38,7.48,7.32,-0.01,-0.1339,1069871.84,794234.789
20240110,7.41,7.46,7.55,7.39,-0.05,-0.6702,798491.03,594867.513
20240111,7.23,7.37,7.39,7.2,-0.18,-2.4291,1287456.12,937044.631
20240112,7.23,7.26,7.3,7.17,0.0,0.0,950053.6,686252.13
20240115,7.33,7.21,7.35,7.18,0.1,1.3831,872155.01,635988.823
20240116,7.34,7.31,7.37,7.25,0.01,0.1364,1006076.2,735850.339
20240117,7.2,7.3,7.34,7.2,-0.14,-1.9074,1008841.0,733811.243
20240118,7.19,7.22,7.27,6.89,-0.01,-0.1389,1955629.37,1383391.364
20240119,7.14,7.15,7.2,7.05,-0.05,-0.6954,1196943.68,854091.376
20240122,7.05,7.14,7.2,6.98,-0.09,-1.2605,1309310.82,931752.789
20240123,7.01,7.01,7.08,6.86,-0.04,-0.5674,1353854.64,943482.518
20240124,7.26,7.02,7.27,6.99,0.25,3.5663,1699854.31,1215700.399
20240125,7.99,7.3,7.99,7.27,0.73,10.0551,3780275.34,2909825.46
20240126,8.5,8.05,8.55,7.88,0.51,6.383,5930095.59,4823883.68
20240129,8.4,8.39,8.85,8.25,-0.1,-1.1765,5863924.63,4976919.504
20240130,8.4,8.32,8.65,8.3,0.0,0.0,3644250.93,3082528.804
20240131,8.36,8.34,8.56,8.3,-0.04,-0.4762,3218143.04,2709883.367
20240201,8.15,8.2,8.35,8.09,-0.21,-2.512,3644043.15,2985635.987
20240202,8.1,8.1,8.3,7.97,-0.05,-0.6135,3083388.69,2519513.412
20240205,8.31,8.06,8.42,8.06,0.21,2.5926,4355672.39,3600174.086
20240206,8.12,8.25,8.34,8.04,-0.19,-2.2864,3280113.83,2674727.053
20240207,8.31,8.1,8.32,7.93,0.19,2.3399,3734261.18,3027913.356
20240208,8.28,8.21,8.4,8.13,-0.03,-0.361,2687418.0,2220830.979
20240219,8.65,8.28,8.66,8.21,0.37,4.4686,3215737.75,2732246.801
20240220,8.64,8.6,8.67,8.52,-0.01,-0.1156,1845502.68,1589633.077
20240221,8.71,8.6,8.94,8.58,0.07,0.8102,3122878.93,2738330.683
20240222,9.21,8.63,9.21,8.63,0.5,5.7405,3224116.6,2885728.609
20240223,9.07,9.29,9.33,9.0,-0.14,-1.5201,2824847.04,2570115.752
20240226,8.84,9.0,9.13,8.81,-0.23,-2.5358,2487284.63,2223115.168
20240227,8.88,8.84,9.01,8.8,0.04,0.4525,2084087.01,1851012.781
20240228,8.84,8.81,8.97,8.68,-0.04,-0.4505,2787273.74,2457073.691
20240229,8.84,8.78,8.88,8.74,0.0,0.0,2069395.63,1822502.487
20240301,8.78,8.78,8.88,8.72,-0.06,-0.6787,1767140.38,1552046.718
20240304,9.12,8.81,9.15,8.78,0.34,3.8724,3135454.01,2822418.974
20240305,9.05,9.05,9.14,8.93,-0.07,-0.7675,2499298.65,2258240.356
20240306,8.98,9.03,9.18,8.92,-0.07,-0.7735,1919105.08,1735199.602
20240307,9.07,8.95,9.24,8.95,0.09,1.0022,2129867.31,1939805.586
20240308,9.18,9.05,9.21,8.96,0.11,1.2128,2027216.0,1845160.428
20240311,9.0,9.1,9.14,8.89,-0.18,-1.9608,2231140.02,2006531.744
20240312,8.68,8.95,8.96,8.66,-0.32,-3.5556,2569199.02,2250245.327
20240313,8.69,8.63,8.75,8.53,0.01,0.1152,1738541.76,1506428.844
20240314,8.79,8.68,8.92,8.67,0.1,1.1507,2136977.75,1887040.144
20240315,8.85,8.8,8.88,8.69,0.06,0.6826,1610674.15,1417302.911
20240318,8.86,8.83,8.92,8.75,0.01,0.113,1084720.56,957393.644
20240319,8.9,8.88,9.05,8.87,0.04,0.4515,1548477.75,1389004.779
20240320,9.14,8.93,9.18,8.81,0.24,2.6966,1831316.38,1658626.118
20240321,9.17,9.08,9.23,9.03,0.03,0.3282,1207836.06,1105290.823
20240322,9.08,9.11,9.23,8.96,-0.09,-0.9815,1604447.02,1454068.494
20240325,9.28,9.04,9.38,9.03,0.2,2.2026,1802880.68,1667558.403
20240326,9.21,9.29,9.33,9.11,-0.07,-0.7543,1909464.91,1756886.631
20240327,9.17,9.14,9.24,9.09,-0.04,-0.4343,1324508.04,1213742.88
20240328,9.25,9.18,9.32,9.04,0.08,0.8724,1575852.61,1448963.366
20240329,9.88,9.33,9.9,9.32,0.63,6.8108,2646470.85,2568975.098
20240401,9.74,9.8,9.9,9.66,-0.14,-1.417,1941360.16,1897318.194
20240402,9.96,9.79,10.12,9.78,0.22,2.2587,2221506.19,2211912.874
20240403,10.18,10.07,10.34,10.0,0.22,2.2088,2828125.51,2879116.081
20240408,10.27,10.05,10.52,10.0,0.09,0.8841,2814908.91,2899428.549
20240409,10.12,10.23,10.42,9.97,-0.15,-1.4606,1981017.47,2010125.333
20240410,10.27,10.06,10.33,10.03,0.15,1.4822,1790332.47,1826061.454
20240411,10.23,10.24,10.37,10.18,-0.04,-0.3895,1588784.99,1629392.486
20240412,10.27,10.19,10.31,10.14,0.04,0.391,1583924.36,1621717.959
20240415,10.67,10.17,10.73,10.12,0.4,3.8948,2676635.7,2809133.935
20240416,10.9,10.6,11.02,10.59,0.23,2.1556,3185850.62,3453312.34
20240417,10.93,10.75,10.93,10.58,0.03,0.2752,2439975.34,2623289.378
20240418,10.62,10.72,10.84,10.56,-0.31,-2.8362,2600512.76,2775276.178
20240419,10.92,10.69,11.06,10.68,0.3,2.8249,3417663.33,3718370.991
20240422,10.63,10.8,11.05,10.57,-0.29,-2.6557,2571758.36,2763287.873
20240423,10.35,10.54,10.54,10.22,-0.28,-2.6341,2494548.37,2584610.112
20240424,10.43,10.39,10.45,10.24,0.08,0.7729,1582284.08,1639942.725
20240425,10.54,10.36,10.55,10.28,0.11,1.0547,1620017.12,1687183.981
20240426,10.68,10.61,10.85,10.58,0.14,1.3283,2449801.02,2625222.861
20240429,10.22,10.59,10.59,10.2,-0.46,-4.3071,3321670.31,3421211.088
20240430,10.27,10.12,10.4,10.06,0.05,0.4892,2450672.06,2520669.927
20240506,10.01,10.0,10.04,9.82,-0.26,-2.5316,4179527.03,4142433.777
20240507,10.12,9.96,10.12,9.94,0.11,1.0989,2426159.26,2439617.96
20240508,10.13,10.07,10.32,10.06,0.01,0.0988,2045592.97,2083992.061
20240509,10.07,10.16,10.2,10.02,-0.06,-0.5923,1705341.87,1720816.934
20240510,10.08,10.11,10.17,10.05,0.01,0.0993,1555789.91,1571078.59
20240513,10.02,9.93,10.1,9.91,-0.06,-0.5952,1671123.41,1674881.462
20240514,9.93,10.04,10.06,9.86,-0.09,-0.8982,2108588.26,2092693.112
20240515,9.89,9.88,9.97,9.8,-0.04,-0.4028,1449595.1,1432059.273
20240516,9.83,9.92,9.94,9.81,-0.06,-0.6067,1299529.52,1279126.308
20240517,9.92,9.83,9.96,9.79,0.09,0.9156,1556887.87,1539362.564
20240520,10.21,9.95,10.28,9.88,0.29,2.9234,2877406.53,2905889.837
20240521,10.13,10.13,10.18,9.98,-0.08,-0.7835,1655795.72,1673080.165
20240522,10.05,10.1,10.17,10.01,-0.08,-0.7897,1314605.54,1323570.324
20240523,9.91,9.98,10.0,9.89,-0.14,-1.393,1281721.37,1274158.042
20240524,9.97,9.91,10.06,9.89,0.06,0.6054,1310329.08,1307904.544
20240527,10.24,9.98,10.3,9.98,0.27,2.7081,2248013.7,2292678.374
20240528,10.39,10.25,10.5,10.22,0.15,1.4648,2115890.81,2201043.402
20240529,10.49,10.46,10.53,10.32,0.1,0.9625,1453698.63,1520595.893
20240530,10.2,10.36,10.53,10.16,-0.29,-2.7645,1733541.42,1790480.148
20240531,10.14,10.11,10.22,10.08,-0.06,-0.5882,1353944.99,1374058.265
