trade_date,close,open,high,low,change,pct_chg,vol,amount
20110105,3.23,3.25,3.25,3.22,-0.03,-0.92,335950.53,108522.098
20110106,3.22,3.23,3.24,3.2,-0.01,-0.31,238222.21,76673.901
20110107,3.27,3.22,3.31,3.21,0.05,1.55,757343.5,247426.76
20110110,3.23,3.25,3.27,3.22,-0.04,-1.22,350350.49,113706.626
20110111,3.25,3.22,3.26,3.22,0.02,0.62,230288.02,74667.075
20110112,3.27,3.26,3.27,3.24,0.02,0.62,246761.92,80324.239
20110113,3.28,3.27,3.29,3.26,0.01,0.31,315358.19,103210.619
20110114,3.25,3.28,3.28,3.24,-0.03,-0.91,258810.82,84488.827
20110117,3.2,3.23,3.25,3.18,-0.05,-1.54,401288.85,128927.626
20110118,3.21,3.19,3.21,3.18,0.01,0.31,234921.17,75070.409
20110119,3.21,3.21,3.21,3.16,0.0,0.0,420423.05,134056.661
20110120,3.17,3.2,3.2,3.15,-0.04,-1.25,350363.22,111177.24
20110121,3.21,3.17,3.24,3.15,0.04,1.26,435769.24,139518.364
20110124,3.2,3.2,3.22,3.19,-0.01,-0.31,306617.85,98161.826
20110125,3.23,3.2,3.25,3.19,0.03,0.94,395763.94,127663.627
20110126,3.24,3.23,3.24,3.21,0.01,0.31,193737.75,62559.52
20110127,3.25,3.23,3.25,3.2,0.01,0.31,282241.02,91157.195
20110131,3.24,3.23,3.25,3.2,-0.01,-0.31,383148.82,123623.309
20110201,3.24,3.24,3.25,3.22,0.0,0.0,234453.45,75893.492
20110209,3.22,3.22,3.24,3.21,-0.02,-0.62,198989.88,64210.978
20110210,3.24,3.22,3.24,3.21,0.02,0.62,175918.4,56747.273
20110211,3.24,3.24,3.24,3.21,0.0,0.0,379182.16,122240.372
20110214,3.29,3.24,3.3,3.23,0.05,1.54,704139.79,230398.884
20110215,3.28,3.29,3.3,3.27,-0.01,-0.3,500733.97,164630.227
20110216,3.29,3.28,3.29,3.26,0.01,0.3,224875.23,73647.081
20110217,3.29,3.29,3.3,3.28,0.0,0.0,285877.29,93957.643
20110218,3.28,3.29,3.29,3.26,-0.01,-0.3,233720.51,76484.314
20110221,3.27,3.26,3.28,3.25,-0.01,-0.3,234882.25,76748.697
20110222,3.24,3.27,3.28,3.22,-0.03,-0.92,348370.32,112999.379
20110223,3.23,3.23,3.24,3.22,-0.01,-0.31,239013.78,77125.305
20110224,3.23,3.23,3.24,3.21,0.0,0.0,209655.47,67505.082
20110225,3.24,3.23,3.26,3.22,0.01,0.31,259897.32,84135.51
20110228,3.24,3.24,3.25,3.22,0.0,0.0,201779.61,65321.601
20110301,3.25,3.24,3.26,3.24,0.01,0.31,278451.63,90542.838
20110302,3.27,3.24,3.29,3.23,0.02,0.62,475683.76,155560.978
20110303,3.3,3.27,3.33,3.27,0.03,0.92,770273.22,254569.68
20110304,3.31,3.3,3.32,3.28,0.01,0.3,436623.83,144133.413
20110307,3.33,3.32,3.34,3.31,0.02,0.6,642207.29,213887.624
20110308,3.34,3.33,3.35,3.32,0.01,0.3,582135.69,194310.665
20110309,3.41,3.35,3.43,3.34,0.07,2.1,1215098.82,412778.844
20110310,3.34,3.4,3.4,3.32,-0.07,-2.05,670663.2,225395.889
20110311,3.31,3.33,3.35,3.3,-0.03,-0.9,367994.82,122295.806
20110314,3.27,3.3,3.32,3.26,-0.04,-1.21,577148.58,189140.214
20110315,3.26,3.27,3.27,3.22,-0.01,-0.31,425899.72,138057.787
20110316,3.27,3.26,3.28,3.25,0.01,0.31,250295.65,81653.791
20110317,3.24,3.26,3.27,3.24,-0.03,-0.92,220810.77,71854.386
20110318,3.23,3.26,3.27,3.22,-0.01,-0.31,362686.49,117827.201
20110321,3.24,3.25,3.26,3.22,0.01,0.31,341680.94,110569.556
20110322,3.26,3.25,3.27,3.23,0.02,0.62,327545.15,106576.399
20110323,3.28,3.26,3.29,3.25,0.02,0.61,277621.09,90906.69
20110324,3.29,3.28,3.3,3.27,0.01,0.3,293927.88,96672.357
20110325,3.35,3.31,3.36,3.3,0.06,1.82,793561.38,264669.952
20110328,3.35,3.36,3.38,3.34,0.0,0.0,610190.69,205299.076
20110329,3.34,3.35,3.38,3.33,-0.01,-0.3,897713.21,301140.13
20110330,3.36,3.35,3.38,3.31,0.02,0.6,794176.9,265255.21
20110331,3.33,3.35,3.36,3.32,-0.03,-0.89,362828.29,121109.785
20110401,3.37,3.34,3.37,3.32,0.04,1.2,469849.84,157543.07
20110406,3.41,3.36,3.42,3.36,0.04,1.19,924494.32,314756.216
20110407,3.41,3.4,3.42,3.39,0.0,0.0,546399.23,186033.561
20110408,3.4,3.41,3.41,3.38,-0.01,-0.29,416947.95,141707.08
20110411,3.38,3.4,3.43,3.38,-0.02,-0.59,607032.15,206602.144
20110412,3.39,3.37,3.41,3.36,0.01,0.3,578237.17,196212.447
20110413,3.43,3.39,3.43,3.38,0.04,1.18,496782.26,169220.93
20110414,3.44,3.42,3.47,3.41,0.01,0.29,752540.48,259825.516
20110415,3.46,3.43,3.47,3.43,0.02,0.58,479109.62,165607.155
20110418,3.46,3.46,3.47,3.44,0.0,0.0,404532.51,139902.675
20110419,3.4,3.44,3.45,3.4,-0.06,-1.73,514680.85,176091.662
20110420,3.4,3.41,3.43,3.39,0.0,0.0,362844.41,123733.106
20110421,3.4,3.41,3.43,3.39,0.0,0.0,432845.58,147685.972
20110422,3.39,3.4,3.42,3.39,-0.01,-0.29,300545.17,102201.971
20110425,3.36,3.38,3.4,3.36,-0.03,-0.89,423276.46,142794.642
20110426,3.35,3.36,3.38,3.35,-0.01,-0.3,356122.92,119854.096
20110427,3.37,3.36,3.39,3.35,0.02,0.6,363658.67,122789.768
20110428,3.38,3.38,3.44,3.37,0.01,0.3,722508.91,245965.531
20110429,3.37,3.39,3.39,3.33,-0.01,-0.3,443052.86,148887.974
20110503,3.4,3.37,3.41,3.36,0.03,0.89,363550.5,123017.179
20110504,3.37,3.39,3.41,3.37,-0.03,-0.88,526914.54,178805.78
20110505,3.41,3.37,3.43,3.35,0.04,1.19,555894.83,189219.73
20110506,3.39,3.4,3.42,3.39,-0.02,-0.59,221749.66,75424.53
20110509,3.38,3.39,3.41,3.37,-0.01,-0.3,168138.48,56923.66
20110510,3.38,3.38,3.4,3.37,0.0,0.0,154552.11,52261.037
20110511,3.38,3.39,3.39,3.37,0.0,0.0,149622.53,50550.913
20110512,3.36,3.38,3.39,3.36,-0.02,-0.59,194595.2,65642.373
20110513,3.38,3.36,3.39,3.36,0.02,0.6,210706.44,71124.35
20110516,3.36,3.37,3.39,3.35,-0.02,-0.59,345813.49,116766.168
20110517,3.36,3.36,3.38,3.35,0.0,0.0,164808.5,55407.145
20110518,3.39,3.36,3.39,3.36,0.03,0.89,164514.37,55606.497
20110519,3.38,3.39,3.39,3.37,-0.01,-0.3,142827.99,48290.697
20110520,3.38,3.38,3.4,3.37,0.0,0.0,197658.63,66967.552
20110523,3.33,3.38,3.39,3.31,-0.05,-1.48,450328.44,150535.668
20110524,3.31,3.33,3.34,3.3,-0.02,-0.6,230766.31,76503.524
20110525,3.28,3.31,3.32,3.28,-0.03,-0.91,190007.35,62649.23
20110526,3.3,3.29,3.31,3.29,0.02,0.61,178946.79,59088.159
20110530,3.34,3.31,3.36,3.3,0.04,1.21,329001.73,109451.675
20110531,3.34,3.34,3.36,3.32,0.0,0.0,232031.71,77585.407
20110601,3.33,3.34,3.35,3.32,-0.01,-0.3,221213.58,73728.193
20110602,3.29,3.31,3.34,3.27,-0.04,-1.2,295793.06,97691.301
20110603,3.31,3.3,3.32,3.29,0.02,0.61,133226.34,44071.833
20110607,3.33,3.31,3.34,3.3,0.02,0.6,192853.37,64118.494
20110608,3.34,3.33,3.35,3.31,0.01,0.3,262364.05,87397.33
20110609,3.34,3.33,3.35,3.32,0.0,0.0,488305.03,162571.89
20110610,3.16,3.2,3.2,3.15,-0.03,-0.94,304049.1,96131.792
20110613,3.14,3.15,3.16,3.11,-0.02,-0.63,204877.36,64167.663
20110614,3.14,3.15,3.16,3.13,0.0,0.0,206312.89,64904.077
20110615,3.12,3.14,3.15,3.12,-0.02,-0.64,120081.93,37634.932
20110616,3.1,3.12,3.12,3.09,-0.02,-0.64,178630.98,55391.829
20110617,3.09,3.1,3.11,3.08,-0.01,-0.32,143798.45,44538.07
20110620,3.05,3.09,3.09,3.04,-0.04,-1.29,206220.47,63276.445
20110621,3.05,3.05,3.07,3.04,0.0,0.0,184262.54,56269.72
20110622,3.1,3.06,3.11,3.04,0.05,1.64,342714.67,105115.854
20110623,3.17,3.09,3.18,3.05,0.07,2.26,677365.73,211995.421
20110624,3.25,3.16,3.26,3.14,0.08,2.52,765268.91,246990.008
20110627,3.22,3.25,3.25,3.2,-0.03,-0.92,229296.95,73778.132
20110628,3.19,3.22,3.23,3.17,-0.03,-0.93,174463.38,55668.681
20110629,3.15,3.19,3.19,3.12,-0.04,-1.25,377474.05,118978.896
20110630,3.14,3.15,3.2,3.14,-0.01,-0.32,422402.69,133668.591
20110701,3.14,3.16,3.17,3.13,0.0,0.0,308976.66,97028.194
20110704,3.17,3.15,3.19,3.14,0.03,0.96,393937.84,124826.685
20110705,3.16,3.17,3.19,3.12,-0.01,-0.32,460860.64,145071.95
20110706,3.12,3.14,3.15,3.08,-0.04,-1.27,496568.02,154426.837
20110707,3.11,3.12,3.15,3.11,-0.01,-0.32,327327.47,102260.986
20110708,3.13,3.13,3.14,3.11,0.02,0.64,171835.31,53698.114
20110711,3.13,3.13,3.14,3.1,0.0,0.0,230471.15,72038.495
20110712,3.09,3.12,3.13,3.09,-0.04,-1.28,234832.25,72864.356
20110713,3.13,3.09,3.13,3.09,0.04,1.29,179631.03,55938.667
20110714,3.13,3.13,3.13,3.11,0.0,0.0,157170.57,49049.438
20110715,3.12,3.13,3.13,3.11,-0.01,-0.32,158909.64,49597.063
20110718,3.11,3.12,3.13,3.1,-0.01,-0.32,189339.34,58974.774
20110719,3.1,3.11,3.11,3.09,-0.01,-0.32,228332.63,70629.64
20110720,3.09,3.11,3.11,3.07,-0.01,-0.32,242004.74,74766.87
20110721,3.08,3.09,3.1,3.07,-0.01,-0.32,133972.35,41290.679
20110722,3.09,3.09,3.09,3.08,0.01,0.32,111690.07,34458.007
20110725,3.05,3.08,3.09,3.04,-0.04,-1.29,314875.2,96324.223
20110726,3.06,3.05,3.07,3.03,0.01,0.33,172730.32,52668.997
20110727,3.05,3.05,3.07,3.04,-0.01,-0.33,281677.01,85931.12
20110728,3.03,3.04,3.05,3.02,-0.02,-0.66,188803.36,57216.893
20110729,3.08,3.04,3.1,3.02,0.05,1.65,353116.75,108069.002
20110801,3.05,3.06,3.07,3.05,-0.03,-0.97,177515.07,54238.474
20110802,3.03,3.04,3.05,3.02,-0.02,-0.66,205297.57,62147.235
20110803,3.02,3.03,3.04,3.02,-0.01,-0.33,168124.02,50882.628
20110804,3.03,3.03,3.04,3.02,0.01,0.33,102744.89,31109.104
20110805,2.99,3.01,3.01,2.99,-0.04,-1.32,321875.92,96495.288
20110808,2.93,2.98,3.0,2.9,-0.06,-2.01,381619.24,112753.299
20110809,2.94,2.9,2.94,2.82,0.01,0.34,653970.98,189142.313
20110810,2.95,2.98,3.0,2.94,0.01,0.34,291278.46,86385.988
20110811,2.97,2.92,2.97,2.9,0.02,0.68,234421.19,69059.469
20110812,2.98,2.97,2.99,2.95,0.01,0.34,223059.7,66243.464
20110815,3.0,2.98,3.02,2.96,0.02,0.67,266989.88,79866.848
20110816,2.99,3.01,3.01,2.98,-0.01,-0.33,185069.7,55462.198
20110817,2.99,2.99,3.0,2.98,0.0,0.0,126210.97,37733.863
20110818,2.96,2.99,2.99,2.95,-0.03,-1.0,154876.04,46041.987
20110819,2.94,2.92,2.95,2.92,-0.02,-0.68,183638.16,53887.787
20110822,2.93,2.94,2.95,2.91,-0.01,-0.34,138228.11,40476.301
20110823,2.96,2.94,2.96,2.92,0.03,1.02,163002.07,47954.828
20110824,2.95,2.96,2.98,2.94,-0.01,-0.34,104774.55,30999.194
20110825,3.02,2.95,3.02,2.95,0.07,2.37,373424.76,111880.181
20110826,3.0,3.0,3.01,2.99,-0.02,-0.66,200995.46,60328.09
20110829,2.97,2.99,2.99,2.95,-0.03,-1.0,178586.68,53050.541
20110830,2.99,2.99,3.02,2.98,0.02,0.67,248817.12,74649.142
20110831,3.0,2.99,3.01,2.97,0.01,0.33,134384.41,40207.681
20110901,3.0,3.0,3.01,2.98,0.0,0.0,124897.38,37437.594
20110902,2.97,3.0,3.0,2.96,-0.03,-1.0,111466.61,33200.356
20110905,2.93,2.96,2.97,2.93,-0.04,-1.35,175086.21,51465.807
20110906,2.92,2.93,2.95,2.91,-0.01,-0.34,192079.28,56298.678
20110907,2.95,2.93,2.96,2.92,0.03,1.03,192427.78,56505.507
20110908,2.94,2.96,2.96,2.94,-0.01,-0.34,113427.25,33453.398
20110909,2.95,2.95,2.97,2.93,0.01,0.34,139443.0,41145.862
20110913,2.94,2.93,2.95,2.92,-0.01,-0.34,107576.4,31553.936
20110914,2.93,2.95,2.95,2.91,-0.01,-0.34,168572.9,49357.338
20110915,2.93,2.93,2.95,2.92,0.0,0.0,172961.84,50751.262
20110916,2.95,2.94,2.95,2.93,0.02,0.68,129311.87,38032.868
20110919,2.91,2.94,2.94,2.9,-0.04,-1.36,161549.56,47098.912
20110920,2.91,2.91,2.93,2.9,0.0,0.0,78425.26,22873.099
20110921,2.94,2.92,2.96,2.9,0.03,1.03,493436.15,144342.917
20110922,2.89,2.92,2.94,2.89,-0.05,-1.7,227056.0,66148.215
20110923,2.89,2.89,2.91,2.87,0.0,0.0,263693.8,76214.68
20110926,2.85,2.89,2.91,2.83,-0.04,-1.38,215350.6,61735.795
20110927,2.88,2.85,2.88,2.85,0.03,1.05,138472.42,39664.018
20110928,2.86,2.89,2.89,2.85,-0.02,-0.69,133061.53,38177.741
20110929,2.85,2.84,2.87,2.84,-0.01,-0.35,169788.37,48459.505
20110930,2.85,2.86,2.87,2.84,0.0,0.0,141413.15,40359.522
20111010,2.87,2.85,2.87,2.83,0.02,0.7,169089.85,48180.048
20111011,2.93,2.93,2.99,2.89,0.06,2.09,527198.3,155174.148
20111012,2.97,2.92,2.98,2.87,0.04,1.37,476472.97,140458.118
20111013,2.99,2.95,2.99,2.92,0.02,0.67,660847.21,194658.454
20111014,3.0,2.96,3.01,2.94,0.01,0.33,482707.55,143632.673
20111017,3.01,2.99,3.02,2.97,0.01,0.33,367799.16,110139.476
20111018,3.02,2.99,3.03,2.97,0.01,0.33,592810.8,177704.971
20111019,2.99,3.0,3.02,2.99,-0.03,-0.99,150466.37,45195.001
20111020,2.95,2.98,3.0,2.93,-0.04,-1.34,261541.63,77285.456
20111021,2.96,2.95,2.97,2.94,0.01,0.34,109518.11,32407.994
20111024,3.0,2.96,3.01,2.96,0.04,1.35,227446.35,67973.948
20111025,3.01,2.99,3.02,2.98,0.01,0.33,257868.08,77495.599
20111026,3.01,3.01,3.03,3.0,0.0,0.0,270212.17,81565.052
20111027,3.01,3.02,3.02,3.0,0.0,0.0,199201.2,59989.207
20111028,3.02,3.02,3.04,3.01,0.01,0.33,260054.11,78697.304
20111031,3.0,3.01,3.02,2.99,-0.02,-0.66,232582.15,69877.974
20111101,3.0,3.0,3.02,2.99,0.0,0.0,192350.06,57782.303
20111102,3.02,2.98,3.02,2.98,0.02,0.67,234848.45,70292.66
20111103,3.02,3.02,3.04,3.0,0.0,0.0,376441.65,113977.523
20111104,3.04,3.03,3.04,3.02,0.02,0.66,185748.62,56334.441
20111107,3.02,3.04,3.04,3.01,-0.02,-0.66,185224.55,56049.421
20111108,3.01,3.03,3.04,3.01,-0.01,-0.33,106193.13,32112.012
20111109,3.01,3.02,3.03,3.0,0.0,0.0,112549.05,33921.284
20111110,2.99,3.0,3.01,2.98,-0.02,-0.66,140194.51,41926.104
20111111,2.99,2.99,3.0,2.98,0.0,0.0,88742.73,26524.759
20111114,3.02,2.99,3.02,2.99,0.03,1.0,165782.88,49816.532
20111115,3.0,3.01,3.02,2.99,-0.02,-0.66,78136.23,23456.981
20111116,2.95,3.0,3.01,2.94,-0.05,-1.67,222229.75,65955.472
20111117,2.96,2.95,2.96,2.94,0.01,0.34,95429.81,28189.455
20111118,2.93,2.95,2.96,2.92,-0.03,-1.01,127467.14,37450.994
20111121,2.91,2.93,2.93,2.91,-0.02,-0.68,109083.51,31828.215
20111122,2.91,2.91,2.92,2.9,0.0,0.0,111362.53,32393.986
20111123,2.89,2.91,2.92,2.88,-0.02,-0.69,133887.79,38793.101
20111124,2.9,2.9,2.91,2.88,0.01,0.35,146322.84,42359.545
20111125,2.89,2.89,2.9,2.88,-0.01,-0.34,129793.65,37517.337
20111128,2.9,2.89,2.91,2.88,0.01,0.35,115663.99,33505.91
20111129,2.93,2.91,2.93,2.9,0.03,1.03,104752.43,30578.587
20111130,2.88,2.93,2.93,2.86,-0.05,-1.71,202408.65,58352.571
20111201,2.95,2.92,2.98,2.9,0.07,2.43,449303.82,132352.908
20111202,2.95,2.93,2.95,2.92,0.0,0.0,179902.22,52828.36
20111205,2.96,2.95,2.96,2.93,0.01,0.34,153654.04,45283.437
20111206,2.93,2.95,2.96,2.92,-0.03,-1.01,97800.05,28741.591
20111207,2.91,2.93,2.94,2.9,-0.02,-0.68,134610.49,39236.689
20111208,2.92,2.91,2.93,2.89,0.01,0.34,98107.73,28575.578
20111209,2.92,2.91,2.92,2.9,0.0,0.0,61745.09,17976.316
20111212,2.9,2.91,2.92,2.88,-0.02,-0.68,116811.82,33835.75
20111213,2.89,2.89,2.91,2.88,-0.01,-0.34,160614.21,46591.248
20111214,2.87,2.88,2.89,2.86,-0.02,-0.69,134710.96,38720.185
20111215,2.86,2.87,2.88,2.85,-0.01,-0.35,218220.91,62496.156
20111216,2.93,2.86,2.94,2.85,0.07,2.45,322591.0,93277.567
20111219,2.92,2.91,2.93,2.87,-0.01,-0.34,251551.22,72841.012
20111220,2.91,2.91,2.92,2.89,-0.01,-0.34,144569.02,41993.296
20111221,2.91,2.92,2.93,2.9,0.0,0.0,144755.14,42198.574
20111222,2.89,2.9,2.92,2.88,-0.02,-0.69,243259.47,70575.778
20111223,2.9,2.9,2.91,2.88,0.01,0.35,146784.98,42449.819
20111226,2.88,2.89,2.9,2.87,-0.02,-0.69,125910.05,36312.474
20111227,2.88,2.87,2.9,2.87,0.0,0.0,122844.87,35449.513
20111228,2.89,2.88,2.89,2.86,0.01,0.35,146340.71,42091.678
20111229,2.91,2.88,2.92,2.87,0.02,0.69,200451.14,57917.69
20111230,2.92,2.91,2.94,2.89,0.01,0.34,294568.93,85915.277
20120104,2.91,2.93,2.93,2.9,-0.01,-0.34,183288.33,53406.484
20120105,2.96,2.91,2.97,2.9,0.05,1.72,389570.33,114735.216
20120109,2.98,2.97,3.0,2.9,0.02,0.68,1391813.24,411522.651
20120110,2.99,2.96,3.0,2.95,0.01,0.34,552521.41,164164.983
20120111,2.98,2.99,3.0,2.97,-0.01,-0.33,208161.54,62071.306
20120112,2.98,2.98,3.0,2.97,0.0,0.0,175009.6,52176.251
20120113,2.98,2.98,2.99,2.96,0.0,0.0,242634.9,72181.952
20120116,2.97,2.96,2.98,2.96,-0.01,-0.34,162598.69,48297.01
20120117,3.01,2.97,3.01,2.95,0.04,1.35,420519.91,125344.395
20120118,2.98,3.0,3.01,2.98,-0.03,-1.0,203973.34,60972.463
20120119,3.01,2.98,3.02,2.98,0.03,1.01,305841.85,91804.387
20120120,3.03,3.01,3.03,3.0,0.02,0.66,270831.08,81665.479
20120130,2.99,3.03,3.04,2.99,-0.04,-1.32,223371.23,67153.533
20120131,3.0,3.0,3.02,2.99,0.01,0.33,123759.85,37117.969
20120201,2.98,3.0,3.01,2.97,-0.02,-0.67,209108.05,62494.715
20120202,3.04,2.98,3.04,2.98,0.06,2.01,409079.14,123383.933
20120203,3.06,3.03,3.07,3.01,0.02,0.66,343278.59,104613.989
20120206,3.03,3.06,3.07,3.02,-0.03,-0.98,273513.98,83286.138
20120207,3.0,3.03,3.04,2.98,-0.03,-0.99,231551.3,69481.734
20120208,3.04,3.0,3.05,2.99,0.04,1.33,227963.45,68791.31
20120209,3.05,3.04,3.06,3.01,0.01,0.33,436909.75,132934.419
20120210,3.04,3.04,3.06,3.02,-0.01,-0.33,316029.6,95998.401
20120213,3.03,3.03,3.04,3.02,-0.01,-0.33,168931.57,51181.653
20120214,3.02,3.02,3.03,3.0,-0.01,-0.33,115584.16,34825.71
20120215,3.02,3.01,3.04,3.0,0.0,0.0,217833.28,65836.541
20120216,3.01,3.03,3.04,3.01,-0.01,-0.33,477798.14,144398.481
20120217,3.02,3.03,3.04,3.01,0.01,0.33,140274.05,42404.228
20120220,3.03,3.05,3.06,3.03,0.01,0.33,186307.31,56756.739
20120221,3.08,3.04,3.09,3.03,0.05,1.65,473186.62,144615.294
20120222,3.06,3.07,3.07,3.03,-0.02,-0.65,259031.3,79078.947
20120223,3.05,3.05,3.07,3.04,-0.01,-0.33,270556.06,82621.004
20120224,3.07,3.06,3.07,3.04,0.02,0.66,241051.13,73673.578
20120227,3.06,3.07,3.09,3.06,-0.01,-0.33,516106.82,158550.824
20120228,3.07,3.06,3.09,3.05,0.01,0.33,402318.2,123859.864
20120229,3.07,3.07,3.08,3.05,0.0,0.0,273015.03,83764.799
20120301,3.06,3.06,3.08,3.06,-0.01,-0.33,109635.5,33624.699
20120302,3.07,3.06,3.07,3.06,0.01,0.33,269065.36,82447.117
20120305,3.04,3.07,3.08,3.03,-0.03,-0.98,322195.81,98362.405
20120306,3.02,3.05,3.05,3.02,-0.02,-0.66,204581.1,62067.27
20120307,3.01,3.02,3.03,3.0,-0.01,-0.33,297935.05,89546.724
20120308,3.02,3.01,3.03,3.0,0.01,0.33,170254.74,51333.463
20120309,3.01,3.02,3.03,3.0,-0.01,-0.33,171072.26,51503.77
20120312,3.01,3.01,3.02,2.99,0.0,0.0,271382.46,81455.419
20120313,3.03,3.01,3.04,3.0,0.02,0.66,304857.12,92042.546
20120314,3.04,3.03,3.1,3.02,0.01,0.33,806499.07,246866.3
20120315,3.03,3.04,3.05,3.02,-0.01,-0.33,411386.75,124910.565
20120316,3.02,3.03,3.03,3.01,-0.01,-0.33,472861.17,142734.01
20120319,3.01,3.01,3.02,2.99,-0.01,-0.33,266592.41,80121.462
20120320,2.99,3.01,3.02,2.98,-0.02,-0.66,227717.35,68230.861
20120321,2.98,2.99,3.0,2.97,-0.01,-0.33,411447.12,123098.716
20120322,2.98,2.98,2.99,2.95,0.0,0.0,457469.42,136055.673
20120323,2.95,2.97,2.98,2.94,-0.03,-1.01,310278.83,91765.978
20120326,2.94,2.96,2.97,2.93,-0.01,-0.34,207416.81,61141.872
20120327,2.95,2.95,2.96,2.94,0.01,0.34,132575.62,39152.641
20120328,2.93,2.95,2.97,2.92,-0.02,-0.68,217330.67,64031.691
20120329,2.92,2.93,2.94,2.91,-0.01,-0.34,229789.79,67246.35
20120330,2.98,2.93,2.99,2.93,0.06,2.05,352797.66,104458.771
20120405,3.0,2.96,3.01,2.96,0.02,0.67,461298.33,137561.599
20120406,3.02,2.98,3.03,2.97,0.02,0.67,387463.4,116313.767
20120409,3.01,3.01,3.02,2.99,-0.01,-0.33,185133.69,55670.602
20120410,3.02,3.01,3.02,2.99,0.01,0.33,108129.74,32512.764
20120411,3.03,3.0,3.04,3.0,0.01,0.33,263888.24,79840.415
20120412,3.05,3.03,3.06,3.02,0.02,0.66,206872.85,62909.02
20120413,3.06,3.05,3.07,3.04,0.01,0.33,208197.15,63615.45
20120416,3.04,3.05,3.05,3.03,-0.02,-0.65,107785.23,32754.366
20120417,3.05,3.03,3.05,3.02,0.01,0.33,192288.54,58488.554
20120418,3.08,3.05,3.09,3.04,0.03,0.98,499320.81,153367.125
20120419,3.05,3.07,3.09,3.04,-0.03,-0.97,313794.93,95874.774
20120420,3.06,3.05,3.07,3.03,0.01,0.33,337363.94,102780.516
20120423,3.06,3.05,3.07,3.04,0.0,0.0,189082.04,57803.487
20120424,3.07,3.05,3.1,3.04,0.01,0.33,331086.24,101674.008
20120425,3.05,3.06,3.07,3.05,-0.02,-0.65,180088.01,54996.898
20120426,3.05,3.06,3.07,3.04,0.0,0.0,198110.61,60383.793
20120427,3.05,3.05,3.06,3.04,0.0,0.0,170677.07,52024.649
20120502,3.07,3.05,3.08,3.05,0.02,0.66,280416.21,86080.935
20120503,3.06,3.06,3.07,3.05,-0.01,-0.33,103863.11,31809.031
20120504,3.06,3.06,3.07,3.05,0.0,0.0,209672.45,64257.773
20120507,3.08,3.06,3.08,3.05,0.02,0.65,331421.73,101619.056
20120508,3.07,3.08,3.08,3.06,-0.01,-0.32,304959.55,93674.056
20120509,3.05,3.06,3.07,3.04,-0.02,-0.65,276735.36,84576.614
20120510,3.07,3.06,3.08,3.05,0.02,0.66,239979.64,73535.591
20120511,3.06,3.06,3.08,3.05,-0.01,-0.33,109956.89,33645.071
20120514,3.03,3.06,3.07,3.03,-0.03,-0.98,168996.03,51564.875
20120515,3.02,3.03,3.05,3.01,-0.01,-0.33,140711.04,42597.813
20120516,3.0,3.02,3.03,2.99,-0.02,-0.66,174747.91,52474.617
20120517,3.01,3.0,3.03,2.99,0.01,0.33,120284.45,36223.745
20120518,2.99,3.01,3.02,2.99,-0.02,-0.66,187022.84,56142.863
20120521,3.0,2.99,3.01,2.98,0.01,0.33,87149.88,26136.467
20120522,2.99,3.0,3.01,2.99,-0.01,-0.33,186905.69,56070.258
20120523,2.99,3.0,3.01,2.99,0.0,0.0,143107.2,42893.838
20120524,3.0,2.99,3.01,2.99,0.01,0.33,106964.77,32082.058
20120525,3.0,3.0,3.01,2.99,0.0,0.0,111313.43,33420.494
20120528,3.02,2.99,3.02,2.99,0.02,0.67,189516.35,56935.993
20120529,3.03,3.01,3.04,3.0,0.01,0.33,147205.13,44415.823
20120531,3.03,3.01,3.03,3.01,0.0,0.0,100632.49,30377.52
20120601,3.03,3.03,3.05,3.02,0.0,0.0,189918.9,57702.684
20120604,3.0,3.02,3.03,3.0,-0.03,-0.99,143065.32,43030.879
20120605,3.01,3.0,3.02,3.0,0.01,0.33,141551.9,42568.494
20120606,3.02,3.01,3.02,3.0,0.01,0.33,114736.46,34561.454
20120607,3.01,3.03,3.04,3.0,-0.01,-0.33,163521.89,49431.865
20120608,3.0,3.02,3.02,2.99,-0.01,-0.33,234863.68,70422.269
20120611,3.02,3.0,3.02,2.99,0.02,0.67,312084.15,93769.1
20120612,3.01,3.01,3.02,2.99,-0.01,-0.33,308111.15,92601.453
20120613,2.86,2.86,2.87,2.83,0.0,0.0,227640.92,64803.573
20120614,2.83,2.86,2.86,2.83,-0.03,-1.05,114203.02,32453.251
20120615,2.85,2.84,2.86,2.83,0.02,0.71,132636.84,37766.425
20120618,2.85,2.86,2.86,2.85,0.0,0.0,86378.13,24660.089
20120619,2.85,2.85,2.86,2.84,0.0,0.0,105407.19,29993.824
20120620,2.85,2.85,2.86,2.84,0.0,0.0,99585.46,28417.87
20120621,2.84,2.85,2.85,2.83,-0.01,-0.35,95299.88,27053.11
20120625,2.83,2.83,2.85,2.82,-0.01,-0.35,138452.54,39285.054
20120626,2.83,2.82,2.84,2.79,0.0,0.0,156090.27,43929.276
20120627,2.82,2.82,2.84,2.8,-0.01,-0.35,141752.46,39886.342
20120628,2.81,2.82,2.83,2.8,-0.01,-0.35,156421.66,44075.779
20120629,2.82,2.81,2.83,2.8,0.01,0.36,156975.81,44298.284
20120702,2.81,2.82,2.83,2.8,-0.01,-0.35,145218.56,40793.067
20120703,2.81,2.82,2.83,2.81,0.0,0.0,107331.57,30239.073
20120704,2.82,2.81,2.83,2.81,0.01,0.36,109303.17,30841.99
20120705,2.82,2.82,2.83,2.81,0.0,0.0,88379.79,24921.181
20120706,2.81,2.82,2.82,2.8,-0.01,-0.35,140698.23,39585.363
20120709,2.81,2.81,2.83,2.8,0.0,0.0,212490.12,59884.975
20120710,2.79,2.81,2.81,2.79,-0.02,-0.71,118887.52,33311.021
20120711,2.78,2.79,2.8,2.78,-0.01,-0.36,90430.6,25213.213
20120712,2.76,2.78,2.79,2.75,-0.02,-0.72,201150.36,55690.597
20120713,2.77,2.76,2.78,2.75,0.01,0.36,108305.53,29908.599
20120716,2.75,2.77,2.77,2.74,-0.02,-0.72,188159.42,51764.944
20120717,2.75,2.75,2.76,2.74,0.0,0.0,136963.0,37717.417
20120718,2.77,2.76,2.78,2.74,0.02,0.73,148303.16,40961.096
20120719,2.76,2.77,2.77,2.75,-0.01,-0.36,170093.08,46928.925
20120720,2.74,2.76,2.77,2.73,-0.02,-0.72,178316.99,48944.14
20120723,2.7,2.73,2.74,2.69,-0.04,-1.46,239801.57,64934.245
20120724,2.68,2.69,2.7,2.67,-0.02,-0.74,175335.66,47098.492
20120725,2.69,2.68,2.7,2.68,0.01,0.37,73102.73,19660.882
20120726,2.69,2.69,2.7,2.68,0.0,0.0,73961.42,19914.437
20120727,2.72,2.7,2.73,2.69,0.03,1.12,143529.62,38952.802
20120730,2.72,2.73,2.74,2.71,0.0,0.0,137705.82,37534.144
20120731,2.73,2.72,2.74,2.71,0.01,0.37,124438.61,33964.721
20120801,2.76,2.72,2.76,2.72,0.03,1.1,218376.21,59840.441
20120802,2.75,2.75,2.77,2.74,-0.01,-0.36,227137.79,62720.816
20120803,2.76,2.76,2.77,2.75,0.01,0.36,106359.74,29410.754
20120806,2.75,2.76,2.78,2.75,-0.01,-0.36,180622.93,49837.193
20120807,2.74,2.75,2.76,2.73,-0.01,-0.36,165511.75,45425.02
20120808,2.78,2.74,2.79,2.74,0.04,1.46,228606.05,63352.986
20120809,2.76,2.78,2.78,2.75,-0.02,-0.72,92358.03,25543.677
20120810,2.77,2.77,2.78,2.76,0.01,0.36,90151.48,25011.693
20120813,2.77,2.77,2.79,2.75,0.0,0.0,155818.9,43230.164
20120814,2.78,2.77,2.81,2.76,0.01,0.36,151030.3,42123.746
20120815,2.76,2.77,2.8,2.76,-0.02,-0.72,70890.36,19679.914
20120816,2.77,2.76,2.78,2.76,0.01,0.36,56795.19,15737.755
20120817,2.77,2.77,2.79,2.76,0.0,0.0,100581.5,27959.026
20120820,2.78,2.77,2.8,2.75,0.01,0.36,143033.67,39657.875
20120821,2.76,2.78,2.79,2.75,-0.02,-0.72,200688.74,55531.183
20120822,2.79,2.76,2.79,2.75,0.03,1.09,167690.74,46411.045
20120823,2.78,2.77,2.8,2.76,-0.01,-0.36,210056.71,58401.845
20120824,2.78,2.78,2.79,2.76,0.0,0.0,215600.1,59832.943
20120827,2.77,2.78,2.79,2.77,-0.01,-0.36,255836.33,71199.171
20120828,2.77,2.77,2.79,2.76,0.0,0.0,141807.16,39426.09
20120829,2.77,2.77,2.78,2.76,0.0,0.0,61567.3,17029.928
20120830,2.8,2.76,2.8,2.76,0.03,1.08,209931.42,58437.782
20120831,2.78,2.79,2.8,2.77,-0.02,-0.71,107608.02,29859.434
20120903,2.75,2.77,2.77,2.75,-0.03,-1.08,133912.31,36963.657
20120904,2.75,2.75,2.78,2.73,0.0,0.0,197563.07,54429.713
20120905,2.7,2.73,2.75,2.68,-0.05,-1.82,146526.66,39765.303
20120906,2.7,2.7,2.71,2.69,0.0,0.0,80976.0,21874.799
20120907,2.74,2.7,2.77,2.7,0.04,1.48,655742.01,179493.33
20120910,2.74,2.74,2.74,2.72,0.0,0.0,212675.1,58083.626
20120911,2.72,2.73,2.74,2.71,-0.02,-0.73,107528.07,29222.407
20120912,2.71,2.73,2.73,2.69,-0.01,-0.37,296975.7,80285.35
20120913,2.69,2.7,2.71,2.68,-0.02,-0.74,429959.09,115528.982
20120914,2.7,2.69,2.7,2.68,0.01,0.37,570484.71,153478.649
20120917,2.67,2.69,2.7,2.67,-0.03,-1.11,223871.3,59996.484
20120918,2.66,2.67,2.68,2.64,-0.01,-0.37,216124.76,57323.727
20120919,2.65,2.66,2.66,2.64,-0.01,-0.38,208516.66,55303.141
20120920,2.63,2.65,2.66,2.62,-0.02,-0.75,223442.54,58930.11
20120921,2.63,2.63,2.64,2.62,0.0,0.0,135699.27,35658.515
20120924,2.62,2.63,2.64,2.59,-0.01,-0.38,239423.55,62547.628
20120925,2.61,2.62,2.63,2.6,-0.01,-0.38,143150.21,37446.11
20120926,2.58,2.61,2.62,2.58,-0.03,-1.15,150665.46,39140.826
20120927,2.66,2.58,2.66,2.58,0.08,3.1,389998.61,102486.464
20120928,2.7,2.64,2.71,2.63,0.04,1.5,550080.52,147571.785
20121008,2.71,2.7,2.71,2.67,0.01,0.37,305810.02,82166.638
20121009,2.74,2.71,2.74,2.7,0.03,1.11,254397.99,69406.471
20121010,2.73,2.74,2.74,2.72,-0.01,-0.37,192806.56,52561.426
20121011,2.74,2.73,2.75,2.7,0.01,0.37,272167.42,74275.105
20121012,2.74,2.73,2.76,2.72,0.0,0.0,155693.25,42746.414
20121015,2.75,2.74,2.76,2.72,0.01,0.37,159353.1,43621.829
20121016,2.74,2.74,2.75,2.73,-0.01,-0.36,139589.88,38245.856
20121017,2.75,2.74,2.75,2.73,0.01,0.37,191369.76,52477.72
20121018,2.76,2.75,2.77,2.74,0.01,0.36,224848.33,61953.98
20121019,2.74,2.76,2.76,2.74,-0.02,-0.72,127934.07,35209.63
20121022,2.74,2.74,2.76,2.72,0.0,0.0,161719.38,44277.428
20121023,2.74,2.74,2.75,2.73,0.0,0.0,95744.28,26281.183
20121024,2.75,2.74,2.76,2.73,0.01,0.37,127860.42,35163.537
20121025,2.74,2.74,2.76,2.73,-0.01,-0.36,118064.97,32390.803
20121026,2.71,2.74,2.75,2.7,-0.03,-1.09,157050.34,42795.729
20121029,2.72,2.71,2.73,2.7,0.01,0.37,131019.72,35520.419
20121030,2.73,2.71,2.73,2.7,0.01,0.37,140815.1,38217.938
20121031,2.73,2.72,2.74,2.71,0.0,0.0,113045.58,30732.628
20121101,2.77,2.73,2.78,2.72,0.04,1.47,267068.05,73752.366
20121102,2.79,2.77,2.8,2.75,0.02,0.72,213003.92,59196.567
20121105,2.77,2.79,2.79,2.76,-0.02,-0.72,127269.31,35335.793
20121106,2.8,2.77,2.8,2.75,0.03,1.08,200149.68,55526.027
20121107,2.81,2.79,2.82,2.77,0.01,0.36,179267.39,50234.355
20121108,2.82,2.8,2.83,2.78,0.01,0.36,271541.17,76240.411
20121109,2.83,2.8,2.83,2.79,0.01,0.35,296897.2,83406.063
20121112,2.83,2.82,2.84,2.8,0.0,0.0,435046.76,122530.698
20121113,2.83,2.82,2.83,2.78,0.0,0.0,436578.89,122186.024
20121114,2.83,2.81,2.84,2.78,0.0,0.0,356534.82,100074.606
20121115,2.81,2.81,2.83,2.79,-0.02,-0.71,304830.19,85675.296
20121116,2.75,2.8,2.8,2.71,-0.06,-2.14,208299.89,57541.714
20121119,2.76,2.75,2.77,2.72,0.01,0.36,208076.02,57035.152
20121120,2.78,2.76,2.79,2.71,0.02,0.72,383019.61,105028.617
20121121,2.75,2.77,2.77,2.72,-0.03,-1.08,285626.82,78302.841
20121122,2.76,2.74,2.77,2.72,0.01,0.36,251415.83,68840.494
20121123,2.76,2.75,2.78,2.74,0.0,0.0,199390.42,55104.016
20121126,2.74,2.75,2.77,2.73,-0.02,-0.72,148260.25,40642.612
20121127,2.75,2.73,2.76,2.72,0.01,0.37,327693.69,89455.213
20121128,2.75,2.74,2.76,2.73,0.0,0.0,262503.36,71965.859
20121129,2.76,2.75,2.78,2.73,0.01,0.36,355402.08,98202.69
20121130,2.76,2.76,2.77,2.72,0.0,0.0,330530.61,90873.288
20121203,2.74,2.75,2.76,2.72,-0.02,-0.72,292620.45,80013.858
20121204,2.74,2.74,2.75,2.72,0.0,0.0,176325.53,48245.791
20121205,2.77,2.74,2.79,2.72,0.03,1.09,733231.57,202618.442
20121206,2.77,2.77,2.78,2.75,0.0,0.0,319551.5,88261.804
20121207,2.79,2.77,2.81,2.75,0.02,0.72,571773.01,159116.949
20121210,2.83,2.8,2.85,2.79,0.04,1.43,711084.6,201025.457
20121211,2.84,2.84,2.85,2.82,0.01,0.35,243162.63,68951.687
20121212,2.84,2.84,2.85,2.82,0.0,0.0,196429.62,55806.562
20121213,2.83,2.83,2.84,2.8,-0.01,-0.35,362950.46,102278.143
20121214,2.92,2.83,2.95,2.82,0.09,3.18,980181.12,283339.217
20121217,2.89,2.92,2.92,2.87,-0.03,-1.03,605558.32,175343.037
20121218,2.9,2.89,2.92,2.87,0.01,0.35,504665.19,146028.307
20121219,2.89,2.9,2.9,2.88,-0.01,-0.34,260960.19,75435.59
20121220,2.87,2.88,2.89,2.86,-0.02,-0.69,249119.3,71560.756
20121221,2.85,2.87,2.88,2.84,-0.02,-0.7,241885.57,69220.476
20121224,2.86,2.85,2.87,2.84,0.01,0.35,212980.67,60826.229
20121225,2.92,2.85,2.93,2.84,0.06,2.1,561872.24,162812.443
20121226,2.89,2.91,2.91,2.88,-0.03,-1.03,324977.72,94046.625
20121227,2.87,2.9,2.91,2.86,-0.02,-0.69,385265.09,110755.455
20121228,2.89,2.87,2.9,2.86,0.02,0.7,297187.64,85680.347
20121231,2.92,2.89,2.93,2.88,0.03,1.04,435902.25,127171.715
20130104,2.96,2.94,2.96,2.93,0.04,1.37,608343.58,179177.427
20130107,2.95,2.95,2.99,2.94,-0.01,-0.34,399265.88,118427.503
20130108,2.94,2.95,2.96,2.92,-0.01,-0.34,454213.33,133633.402
20130109,2.93,2.93,2.96,2.92,-0.01,-0.34,401221.82,118099.746
20130110,2.94,2.93,2.95,2.93,0.01,0.34,179424.08,52731.719
20130111,2.93,2.95,2.95,2.91,-0.01,-0.34,298591.91,87572.354
20130114,2.98,2.92,2.99,2.91,0.05,1.71,417750.01,123537.224
20130115,2.97,2.98,2.99,2.96,-0.01,-0.34,332012.52,98663.629
20130116,2.95,2.97,2.98,2.92,-0.02,-0.67,318390.15,94104.691
20130117,2.95,2.94,2.96,2.93,0.0,0.0,211516.59,62248.08
20130118,2.97,2.95,2.98,2.94,0.02,0.68,306870.06,91084.619
20130121,2.96,2.97,2.97,2.95,-0.01,-0.34,361484.91,107068.176
20130122,2.98,2.96,3.02,2.94,0.02,0.68,836331.56,248950.382
20130123,2.97,2.97,2.97,2.94,-0.01,-0.34,600974.41,177528.846
20130124,2.99,2.96,3.05,2.95,0.02,0.67,859654.3,258277.13
20130125,2.96,2.98,3.0,2.96,-0.03,-1.0,431931.34,128928.753
20130128,3.02,2.98,3.03,2.96,0.06,2.03,734598.12,220812.368
20130129,3.03,3.02,3.04,3.0,0.01,0.33,928843.22,280155.364
20130130,3.11,3.02,3.12,3.0,0.08,2.64,1903446.7,579683.811
20130131,3.12,3.1,3.16,3.09,0.01,0.32,1580842.84,494273.205
20130201,3.17,3.11,3.17,3.08,0.05,1.6,1309908.62,409170.97
20130204,3.22,3.16,3.26,3.15,0.05,1.58,1337286.57,430327.246
20130205,3.16,3.2,3.23,3.15,-0.06,-1.86,1183436.41,375171.614
20130206,3.15,3.16,3.17,3.12,-0.01,-0.32,1026460.66,322854.253
20130207,3.08,3.15,3.15,3.06,-0.07,-2.22,1189920.52,367726.236
20130208,3.09,3.08,3.1,3.07,0.01,0.32,503453.82,155633.456
20130218,3.08,3.1,3.11,3.07,-0.01,-0.32,526007.13,162806.479
20130219,3.05,3.08,3.09,3.03,-0.03,-0.97,561708.26,171727.647
20130220,3.04,3.06,3.06,3.01,-0.01,-0.33,521900.13,158483.916
20130221,2.97,3.03,3.04,2.96,-0.07,-2.3,814154.78,243548.138
20130222,2.97,2.97,3.0,2.96,0.0,0.0,469406.45,139676.643
20130225,2.98,2.97,3.0,2.97,0.01,0.34,340915.16,101791.621
20130226,2.96,2.98,3.02,2.95,-0.02,-0.67,449432.34,134167.156
20130227,2.98,2.95,2.99,2.95,0.02,0.68,492001.05,145907.273
20130228,3.01,2.98,3.03,2.95,0.03,1.01,776550.31,232633.854
20130301,2.99,3.01,3.02,2.96,-0.02,-0.66,536380.96,160476.52
20130304,2.91,2.97,2.99,2.9,-0.08,-2.68,695012.13,204071.593
20130305,2.97,2.91,2.98,2.9,0.06,2.06,617161.82,181636.68
20130306,2.97,2.98,2.99,2.94,0.0,0.0,569819.07,168918.914
20130307,2.94,2.95,2.98,2.93,-0.03,-1.01,483181.38,142563.985
20130308,2.95,2.95,2.97,2.94,0.01,0.34,271161.04,80077.352
20130311,2.95,2.95,2.97,2.93,0.0,0.0,243491.65,71874.759
20130312,2.95,2.96,2.97,2.93,0.0,0.0,397988.0,117458.957
20130313,2.92,2.94,2.95,2.91,-0.03,-1.02,201984.6,59105.696
20130314,2.94,2.92,2.95,2.91,0.02,0.68,242702.35,71153.068
20130315,2.97,2.93,2.98,2.92,0.03,1.02,494660.03,146542.112
20130318,2.92,2.96,2.97,2.9,-0.05,-1.68,434924.25,127708.987
20130319,2.92,2.92,2.94,2.9,0.0,0.0,417178.6,121688.701
20130320,2.98,2.92,2.98,2.91,0.06,2.05,687939.65,203893.425
20130321,2.98,2.98,3.0,2.96,0.0,0.0,332524.47,99090.054
20130322,2.98,2.98,2.99,2.96,0.0,0.0,202726.2,60405.326
20130325,2.99,2.99,3.0,2.98,0.01,0.34,299236.44,89560.901
20130326,2.99,3.0,3.0,2.95,0.0,0.0,305738.94,91036.228
20130327,2.98,3.0,3.01,2.97,-0.01,-0.33,300094.36,89813.321
20130328,2.9,2.97,2.97,2.89,-0.08,-2.68,878485.49,255938.421
20130329,2.92,2.91,2.93,2.89,0.02,0.69,220263.62,64159.772
20130401,2.91,2.91,2.93,2.9,-0.01,-0.34,184070.56,53659.468
20130402,2.93,2.91,2.93,2.91,0.02,0.69,182554.2,53371.259
20130403,2.94,2.93,2.96,2.92,0.01,0.34,238310.98,70062.371
20130408,2.91,2.92,2.93,2.89,-0.03,-1.02,325895.28,94674.389
20130409,2.91,2.92,2.93,2.91,0.0,0.0,175457.78,51198.69
20130410,2.91,2.91,2.93,2.9,0.0,0.0,146642.54,42708.725
20130411,2.91,2.92,2.93,2.9,0.0,0.0,156647.67,45617.657
20130412,2.92,2.91,2.92,2.9,0.01,0.34,220920.28,64322.274
20130415,2.91,2.92,2.92,2.89,-0.01,-0.34,357863.83,104031.244
20130416,2.89,2.91,2.91,2.88,-0.02,-0.69,355355.27,102932.549
20130417,2.88,2.9,2.9,2.86,-0.01,-0.35,307693.73,88497.856
20130418,2.88,2.87,2.88,2.86,0.0,0.0,214327.65,61515.883
20130419,2.92,2.87,2.92,2.87,0.04,1.39,542771.65,157585.322
20130422,2.91,2.91,2.92,2.9,-0.01,-0.34,276747.41,80428.424
20130423,2.87,2.91,2.91,2.86,-0.04,-1.37,312320.31,89867.764
20130424,2.9,2.87,2.91,2.86,0.03,1.05,352254.51,101768.998
20130425,2.9,2.9,2.9,2.88,0.0,0.0,207225.53,59931.394
20130426,2.87,2.89,2.9,2.86,-0.03,-1.03,347096.44,99856.679
20130502,2.86,2.87,2.88,2.85,-0.01,-0.35,473368.24,135309.723
20130503,2.89,2.87,2.9,2.86,0.03,1.05,457975.45,131966.946
20130506,2.9,2.89,2.91,2.88,0.01,0.35,389180.79,112759.116
20130507,2.9,2.9,2.9,2.89,0.0,0.0,201906.74,58428.131
20130508,2.91,2.9,2.92,2.89,0.01,0.34,375222.65,109091.37
20130509,2.9,2.91,2.92,2.9,-0.01,-0.34,321887.55,93650.33
20130510,2.91,2.9,2.92,2.9,0.01,0.34,238844.81,69519.623
20130513,2.9,2.91,2.92,2.9,-0.01,-0.34,171635.15,49916.624
20130514,2.88,2.9,2.91,2.87,-0.02,-0.69,243874.66,70486.965
20130515,2.89,2.88,2.9,2.88,0.01,0.35,175565.55,50734.704
20130516,2.91,2.89,2.91,2.88,0.02,0.69,357122.62,103496.476
20130517,2.93,2.9,2.94,2.9,0.02,0.69,475581.71,138766.119
20130520,2.96,2.93,2.98,2.93,0.03,1.02,626670.31,185170.531
20130521,2.96,2.95,2.96,2.94,0.0,0.0,199550.62,58948.886
20130522,2.96,2.95,2.97,2.95,0.0,0.0,304812.07,90266.059
20130523,2.93,2.95,2.96,2.93,-0.03,-1.01,308173.03,90772.195
20130524,2.94,2.94,2.95,2.93,0.01,0.34,161883.43,47596.326
20130527,2.95,2.94,2.97,2.93,0.01,0.34,256870.68,75886.57
20130528,2.98,2.95,2.99,2.94,0.03,1.02,439676.57,130263.405
20130529,2.97,2.98,2.99,2.96,-0.01,-0.34,280978.25,83548.676
20130530,2.96,2.96,2.98,2.95,-0.01,-0.34,219805.15,65169.456
20130531,2.95,2.97,2.97,2.95,-0.01,-0.34,171949.39,50906.595
20130603,2.96,2.96,2.96,2.94,0.01,0.34,339123.62,100055.236
20130604,2.95,2.95,2.96,2.94,-0.01,-0.34,211737.2,62420.603
20130605,2.95,2.95,2.97,2.94,0.0,0.0,170184.51,50276.956
20130606,2.93,2.95,2.96,2.93,-0.02,-0.68,223833.75,65916.69
20130607,2.91,2.94,2.95,2.9,-0.02,-0.68,249413.21,72976.104
20130613,2.88,2.9,2.91,2.82,-0.03,-1.03,772905.51,220630.876
20130614,2.9,2.87,2.91,2.87,0.02,0.69,339193.72,97910.223
20130617,2.92,2.91,2.95,2.89,0.02,0.69,486713.36,141854.659
20130618,2.73,2.78,2.78,2.69,-0.02,-0.73,520723.08,142017.42
20130619,2.7,2.72,2.73,2.69,-0.03,-1.1,248251.53,67123.96
20130620,2.64,2.7,2.71,2.63,-0.06,-2.22,307749.29,81859.06
20130621,2.62,2.63,2.64,2.6,-0.02,-0.76,342648.2,89797.908
20130624,2.54,2.62,2.62,2.53,-0.08,-3.05,537752.04,137908.011
20130625,2.57,2.53,2.58,2.48,0.03,1.18,626316.48,158503.831
20130626,2.58,2.58,2.6,2.53,0.01,0.39,457165.54,116831.004
20130627,2.65,2.59,2.66,2.59,0.07,2.71,529477.65,138594.343
20130628,2.71,2.65,2.72,2.65,0.06,2.26,656793.83,176018.457
20130701,2.72,2.69,2.73,2.65,0.01,0.37,539806.43,144951.273
20130702,2.7,2.72,2.72,2.66,-0.02,-0.74,367878.9,98698.346
20130703,2.66,2.68,2.69,2.63,-0.04,-1.48,310600.92,82296.912
20130704,2.65,2.65,2.67,2.63,-0.01,-0.38,197967.27,52364.149
20130705,2.64,2.65,2.66,2.63,-0.01,-0.38,142608.18,37675.608
20130708,2.61,2.64,2.64,2.6,-0.03,-1.14,189019.78,49368.554
20130709,2.64,2.61,2.65,2.6,0.03,1.15,203484.27,53475.245
20130710,2.65,2.63,2.66,2.62,0.01,0.38,154130.89,40706.031
20130711,2.72,2.65,2.74,2.65,0.07,2.64,603622.97,163386.116
20130712,2.68,2.72,2.73,2.67,-0.04,-1.47,389816.26,105043.393
20130715,2.69,2.69,2.71,2.68,0.01,0.37,242811.19,65403.844
20130716,2.69,2.68,2.69,2.67,0.0,0.0,184253.85,49356.965
20130717,2.68,2.69,2.7,2.67,-0.01,-0.37,236524.55,63602.133
20130718,2.66,2.68,2.69,2.65,-0.02,-0.75,216731.81,57857.541
20130719,2.64,2.67,2.69,2.63,-0.02,-0.75,264431.0,70541.271
20130722,2.65,2.63,2.65,2.62,0.01,0.38,203155.86,53510.38
20130723,2.67,2.65,2.69,2.63,0.02,0.75,214883.23,57371.474
20130724,2.67,2.66,2.68,2.65,0.0,0.0,216125.84,57564.361
20130725,2.68,2.67,2.69,2.66,0.01,0.37,218775.66,58561.289
20130726,2.66,2.67,2.68,2.66,-0.02,-0.75,124182.13,33138.409
20130729,2.62,2.65,2.66,2.62,-0.04,-1.5,158136.49,41685.433
20130730,2.66,2.63,2.68,2.62,0.04,1.53,268367.37,71253.689
20130731,2.66,2.67,2.68,2.65,0.0,0.0,125890.53,33511.782
20130801,2.69,2.67,2.69,2.66,0.03,1.13,301331.84,80830.715
20130802,2.68,2.69,2.7,2.67,-0.01,-0.37,138253.83,37191.399
20130805,2.69,2.68,2.69,2.67,0.01,0.37,129724.01,34766.053
20130806,2.69,2.68,2.69,2.67,0.0,0.0,127601.87,34163.703
20130807,2.67,2.68,2.69,2.67,-0.02,-0.74,145948.71,39112.975
20130808,2.66,2.67,2.68,2.66,-0.01,-0.37,117866.06,31460.611
20130809,2.66,2.67,2.68,2.64,0.0,0.0,132483.94,35232.352
20130812,2.69,2.67,2.7,2.66,0.03,1.13,276726.38,74232.628
20130813,2.68,2.69,2.7,2.67,-0.01,-0.37,193679.86,51968.106
20130814,2.69,2.69,2.7,2.68,0.01,0.37,192545.64,51806.882
20130815,2.68,2.68,2.69,2.67,-0.01,-0.37,171081.95,45907.036
20130816,2.7,2.68,2.95,2.66,0.02,0.75,1074314.04,295058.219
20130819,2.7,2.68,2.7,2.67,0.0,0.0,431442.95,115706.773
20130820,2.66,2.69,2.69,2.65,-0.04,-1.48,596280.52,159330.928
20130821,2.65,2.67,2.67,2.64,-0.01,-0.38,284176.06,75265.7
20130822,2.63,2.65,2.65,2.63,-0.02,-0.75,245935.02,64930.928
20130823,2.62,2.64,2.65,2.6,-0.01,-0.38,280702.89,73625.515
20130826,2.64,2.62,2.65,2.61,0.02,0.76,211126.68,55616.473
20130827,2.64,2.64,2.65,2.62,0.0,0.0,185157.8,48787.855
20130828,2.63,2.63,2.64,2.62,-0.01,-0.38,216429.27,56849.988
20130829,2.63,2.64,2.64,2.62,0.0,0.0,158545.64,41655.435
20130830,2.65,2.63,2.65,2.63,0.02,0.76,298303.59,78799.394
20130902,2.65,2.65,2.66,2.63,0.0,0.0,265831.94,70334.451
20130903,2.67,2.65,2.68,2.64,0.02,0.75,344654.55,91732.756
20130904,2.67,2.67,2.68,2.66,0.0,0.0,322138.98,86002.888
20130905,2.67,2.67,2.68,2.66,0.0,0.0,185268.42,49437.46
20130906,2.68,2.67,2.69,2.67,0.01,0.37,304576.12,81625.906
20130909,2.85,2.69,2.91,2.68,0.17,6.34,2074316.84,581699.169
20130910,2.84,2.84,2.86,2.77,-0.01,-0.35,988026.3,277217.081
20130911,2.81,2.82,2.85,2.8,-0.03,-1.06,553062.34,156073.442
20130912,2.87,2.8,2.93,2.77,0.06,2.14,1367059.11,391132.711
20130913,2.83,2.86,2.88,2.81,-0.04,-1.39,533938.67,152086.125
20130916,2.83,2.84,2.85,2.81,0.0,0.0,433208.16,122829.013
20130917,2.78,2.82,2.83,2.78,-0.05,-1.77,332566.45,93250.085
20130918,2.77,2.79,2.8,2.72,-0.01,-0.36,459353.35,127159.609
20130923,2.78,2.77,2.79,2.76,0.01,0.36,335457.16,93205.911
20130924,2.77,2.79,2.79,2.75,-0.01,-0.36,308588.49,85336.765
20130925,2.79,2.77,2.8,2.75,0.02,0.72,416069.01,115806.539
20130926,2.77,2.78,2.79,2.75,-0.02,-0.72,304603.7,84385.875
20130927,2.78,2.76,2.79,2.75,0.01,0.36,219461.33,60811.493
20130930,2.78,2.79,2.8,2.77,0.0,0.0,217966.58,60744.394
20131008,2.79,2.78,2.8,2.76,0.01,0.36,220708.77,61346.227
20131009,2.82,2.79,2.83,2.78,0.03,1.08,243455.54,68176.871
20131010,2.8,2.82,2.83,2.8,-0.02,-0.71,202170.73,56918.075
20131011,2.84,2.81,2.85,2.8,0.04,1.43,319335.57,90498.703
20131014,2.83,2.84,2.86,2.82,-0.01,-0.35,271040.21,76941.51
20131015,2.79,2.82,2.83,2.79,-0.04,-1.41,256270.77,71801.059
20131016,2.8,2.79,2.82,2.78,0.01,0.36,263529.67,73749.935
20131017,2.81,2.81,2.84,2.8,0.01,0.36,183567.57,51715.257
20131018,2.8,2.8,2.82,2.8,-0.01,-0.36,114623.49,32175.214
20131021,2.85,2.81,2.85,2.79,0.05,1.79,377492.86,106777.101
20131022,2.82,2.85,2.85,2.81,-0.03,-1.05,132227.89,37308.429
20131023,2.82,2.82,2.85,2.81,0.0,0.0,204563.84,57812.278
20131024,2.79,2.81,2.82,2.78,-0.03,-1.06,253294.36,70687.072
20131025,2.78,2.79,2.83,2.77,-0.01,-0.36,299256.44,83757.732
20131028,2.78,2.78,2.79,2.77,0.0,0.0,102845.65,28521.578
20131029,2.81,2.78,2.86,2.78,0.03,1.08,439463.91,123653.207
20131030,2.82,2.81,2.83,2.79,0.01,0.36,226982.3,63717.962
20131031,2.82,2.82,2.83,2.8,0.0,0.0,234396.72,65872.49
20131101,2.83,2.82,2.84,2.8,0.01,0.35,335194.02,94626.508
20131104,2.83,2.84,2.84,2.82,0.0,0.0,152825.61,43193.508
20131105,2.81,2.82,2.82,2.79,-0.02,-0.71,256885.6,71914.996
20131106,2.78,2.8,2.81,2.78,-0.03,-1.07,183181.21,51148.936
20131107,2.8,2.79,2.8,2.78,0.02,0.72,190385.34,53116.648
20131108,2.79,2.79,2.8,2.78,-0.01,-0.36,173964.15,48567.484
20131111,2.8,2.79,2.81,2.78,0.01,0.36,197019.29,55050.589
20131112,2.81,2.8,2.82,2.79,0.01,0.36,213850.2,60057.832
20131113,2.78,2.8,2.81,2.77,-0.03,-1.07,166274.47,46373.689
20131114,2.79,2.78,2.81,2.77,0.01,0.3597,294467.06,82047.61
20131115,2.8,2.79,2.82,2.78,0.01,0.36,302215.85,84623.015
20131118,2.83,2.8,2.84,2.8,0.03,1.07,423761.49,119415.611
20131119,2.82,2.84,2.84,2.81,-0.01,-0.35,236788.33,66832.126
20131120,2.83,2.82,2.83,2.81,0.01,0.35,217641.13,61411.916
20131121,2.84,2.82,2.84,2.81,0.01,0.35,328863.61,92841.712
20131122,2.83,2.84,2.85,2.83,-0.01,-0.35,312806.56,88933.513
20131125,2.81,2.83,2.84,2.81,-0.02,-0.71,221452.08,62554.149
20131126,2.8,2.81,2.82,2.79,-0.01,-0.36,253218.64,70939.691
20131127,2.81,2.79,2.81,2.77,0.01,0.36,285668.73,79761.507
20131128,2.81,2.8,2.82,2.79,0.0,0.0,255618.66,71826.642
20131129,2.81,2.82,2.82,2.8,0.0,0.0,176029.92,49421.032
20131202,2.87,2.81,2.88,2.8,0.06,2.14,1301048.52,369326.855
20131203,2.83,2.84,2.84,2.82,-0.04,-1.39,522997.44,148034.944
20131204,2.84,2.83,2.85,2.82,0.01,0.35,744769.84,211185.198
20131205,2.83,2.84,2.84,2.82,-0.01,-0.35,248778.45,70479.883
20131206,2.83,2.83,2.84,2.81,0.0,0.0,317877.55,89831.352
20131209,2.82,2.83,2.83,2.81,-0.01,-0.35,214321.54,60518.726
20131210,2.82,2.82,2.83,2.81,0.0,0.0,173576.46,48836.074
20131211,2.79,2.81,2.82,2.79,-0.03,-1.06,194006.7,54234.554
20131212,2.79,2.79,2.8,2.78,0.0,0.0,145134.99,40404.209
20131213,2.76,2.78,2.78,2.75,-0.03,-1.08,347405.03,96168.272
20131216,2.72,2.76,2.77,2.71,-0.04,-1.45,397873.55,108821.58
20131217,2.7,2.73,2.74,2.7,-0.02,-0.74,257852.44,69986.057
20131218,2.7,2.7,2.71,2.69,0.0,0.0,181178.15,48852.77
20131219,2.68,2.7,2.71,2.67,-0.02,-0.74,239888.72,64496.327
20131220,2.62,2.69,2.69,2.61,-0.06,-2.24,342910.5,90801.735
20131223,2.66,2.63,2.66,2.62,0.04,1.53,233734.56,61853.092
20131224,2.65,2.66,2.67,2.64,-0.01,-0.38,165959.68,44058.914
20131225,2.66,2.65,2.67,2.64,0.01,0.38,142281.43,37812.268
20131226,2.63,2.65,2.66,2.61,-0.03,-1.13,211071.46,55522.45
20131227,2.66,2.63,2.67,2.62,0.03,1.14,271282.47,71709.909
20131230,2.61,2.67,2.67,2.59,-0.05,-1.88,1143279.08,298075.36
20131231,2.62,2.6,2.63,2.59,0.01,0.38,539903.8,141071.871
20140102,2.61,2.62,2.62,2.59,-0.01,-0.38,416325.59,108459.528
20140103,2.56,2.6,2.61,2.56,-0.05,-1.92,455177.35,117134.39
20140106,2.53,2.57,2.57,2.5,-0.03,-1.17,686747.31,173051.055
20140107,2.52,2.51,2.52,2.49,-0.01,-0.4,532938.28,133574.493
20140108,2.51,2.51,2.54,2.49,-0.01,-0.4,690879.17,173915.463
20140109,2.5,2.51,2.53,2.49,-0.01,-0.4,453398.05,113973.555
20140110,2.49,2.5,2.51,2.49,-0.01,-0.4,410090.92,102435.148
20140113,2.52,2.5,2.52,2.5,0.03,1.2,294693.67,73908.989
20140114,2.51,2.51,2.52,2.5,-0.01,-0.4,306263.24,76833.354
20140115,2.51,2.51,2.52,2.5,0.0,0.0,506141.92,127028.491
20140116,2.5,2.51,2.52,2.49,-0.01,-0.4,313815.8,78559.188
20140117,2.48,2.5,2.5,2.48,-0.02,-0.8,413264.12,102918.949
20140120,2.47,2.49,2.49,2.45,-0.01,-0.4,397978.54,98324.278
20140121,2.47,2.46,2.48,2.46,0.0,0.0,331435.19,81900.683
20140122,2.51,2.47,2.51,2.47,0.04,1.62,521029.26,129709.012
20140123,2.48,2.5,2.5,2.48,-0.03,-1.2,401742.47,99927.47
20140124,2.49,2.48,2.5,2.47,0.01,0.4,362897.22,90143.605
20140127,2.48,2.48,2.49,2.46,-0.01,-0.4,437152.1,107888.616
20140128,2.49,2.48,2.5,2.47,0.01,0.4,298072.67,74181.701
20140129,2.53,2.5,2.53,2.49,0.04,1.61,390610.87,98209.737
20140130,2.51,2.52,2.53,2.51,-0.02,-0.79,195957.19,49307.902
20140207,2.49,2.5,2.5,2.48,-0.02,-0.8,216226.83,53884.782
20140210,2.51,2.5,2.52,2.49,0.02,0.8,364737.21,91530.212
20140211,2.55,2.51,2.56,2.5,0.04,1.59,606532.22,154036.203
20140212,2.54,2.54,2.56,2.53,-0.01,-0.39,297368.56,75729.081
20140213,2.55,2.54,2.57,2.53,0.01,0.39,484988.52,123653.832
20140214,2.54,2.55,2.55,2.53,-0.01,-0.39,273423.45,69361.069
20140217,2.55,2.54,2.56,2.54,0.01,0.39,314238.85,80066.068
20140218,2.54,2.55,2.56,2.53,-0.01,-0.39,300070.47,76423.836
20140219,2.63,2.54,2.67,2.53,0.09,3.54,1055675.87,274934.622
20140220,2.61,2.62,2.64,2.6,-0.02,-0.76,456293.91,119251.946
20140221,2.58,2.6,2.61,2.56,-0.03,-1.15,279837.1,72160.543
20140224,2.53,2.57,2.58,2.51,-0.05,-1.94,298145.62,75493.512
20140225,2.54,2.53,2.55,2.51,0.01,0.4,341588.46,86566.653
20140226,2.51,2.53,2.54,2.5,-0.03,-1.18,200249.14,50406.089
20140227,2.53,2.52,2.54,2.5,0.02,0.8,270549.47,68159.894
20140228,2.51,2.52,2.53,2.5,-0.02,-0.79,293486.17,73678.774
20140303,2.5,2.51,2.52,2.49,-0.01,-0.4,421132.18,105306.37
20140304,2.5,2.5,2.5,2.48,0.0,0.0,266589.13,66354.397
20140305,2.49,2.5,2.5,2.47,-0.01,-0.4,322687.17,80190.882
20140306,2.5,2.48,2.5,2.47,0.01,0.4,198142.77,49231.977
20140307,2.49,2.5,2.52,2.49,-0.01,-0.4,208097.78,52032.533
20140310,2.46,2.48,2.49,2.45,-0.03,-1.2,367495.11,90680.965
20140311,2.46,2.46,2.46,2.45,0.0,0.0,223207.67,54761.67
20140312,2.45,2.46,2.47,2.44,-0.01,-0.41,292558.28,71755.377
20140313,2.49,2.46,2.53,2.46,0.04,1.63,475254.69,118761.666
20140314,2.47,2.49,2.49,2.45,-0.02,-0.8,328556.03,81115.532
20140317,2.48,2.48,2.49,2.47,0.01,0.4,168384.03,41659.367
20140318,2.47,2.48,2.49,2.46,-0.01,-0.4,177284.03,43828.67
20140319,2.47,2.47,2.48,2.44,0.0,0.0,281581.05,69118.478
20140320,2.46,2.46,2.49,2.45,-0.01,-0.4,270126.1,66762.942
20140321,2.53,2.46,2.54,2.45,0.07,2.85,774736.52,193579.863
20140324,2.54,2.54,2.55,2.51,0.01,0.4,423137.46,107119.731
20140325,2.54,2.53,2.54,2.52,0.0,0.0,225566.75,57053.604
20140326,2.54,2.53,2.55,2.53,0.0,0.0,259537.85,65895.344
20140327,2.56,2.55,2.59,2.54,0.02,0.79,528978.27,135441.914
20140328,2.58,2.57,2.61,2.56,0.02,0.78,933386.97,240626.468
20140331,2.59,2.58,2.59,2.56,0.01,0.39,425169.2,109608.502
20140401,2.59,2.58,2.6,2.57,0.0,0.0,310127.59,80239.534
20140402,2.6,2.59,2.6,2.58,0.01,0.39,250858.09,65066.097
20140403,2.58,2.6,2.6,2.57,-0.02,-0.77,380096.34,98250.137
20140404,2.6,2.57,2.6,2.57,0.02,0.78,197807.16,51158.059
20140408,2.64,2.6,2.65,2.58,0.04,1.54,560915.45,147236.025
20140409,2.63,2.64,2.66,2.63,-0.01,-0.38,283255.34,74832.757
20140410,2.67,2.63,2.67,2.62,0.04,1.52,482769.58,127713.381
20140411,2.68,2.66,2.69,2.65,0.01,0.37,477306.48,127232.701
20140414,2.67,2.67,2.69,2.64,-0.01,-0.37,387016.08,103174.539
20140415,2.62,2.66,2.67,2.62,-0.05,-1.87,307419.18,81247.601
20140416,2.63,2.62,2.65,2.61,0.01,0.38,188205.18,49548.586
20140417,2.63,2.64,2.64,2.62,0.0,0.0,152521.63,40119.571
20140418,2.63,2.62,2.64,2.61,0.0,0.0,170308.12,44644.983
20140421,2.6,2.62,2.64,2.6,-0.03,-1.14,192093.78,50346.27
20140422,2.63,2.6,2.64,2.57,0.03,1.15,249138.46,64853.201
20140423,2.61,2.62,2.63,2.6,-0.02,-0.76,165326.16,43162.469
20140424,2.6,2.61,2.62,2.59,-0.01,-0.38,172144.31,44845.139
20140425,2.61,2.61,2.63,2.6,0.01,0.38,271962.05,71234.63
20140428,2.62,2.62,2.63,2.6,0.01,0.38,247401.61,64685.72
20140429,2.61,2.62,2.62,2.6,-0.01,-0.38,177614.52,46426.19
20140430,2.6,2.61,2.62,2.6,-0.01,-0.38,217705.43,56699.058
20140505,2.6,2.61,2.61,2.58,0.0,0.0,238774.6,61836.569
20140506,2.59,2.59,2.6,2.58,-0.01,-0.38,153965.02,39941.496
20140507,2.6,2.59,2.61,2.59,0.01,0.39,176006.89,45716.696
20140508,2.61,2.6,2.61,2.59,0.01,0.38,254481.54,66163.404
20140509,2.61,2.6,2.61,2.59,0.0,0.0,171537.58,44691.389
20140512,2.64,2.61,2.65,2.61,0.03,1.15,496289.24,130427.857
20140513,2.65,2.64,2.65,2.63,0.01,0.38,180490.62,47591.208
20140514,2.65,2.65,2.66,2.63,0.0,0.0,196104.9,51884.123
20140515,2.65,2.64,2.66,2.64,0.0,0.0,181522.25,48086.455
20140516,2.65,2.64,2.66,2.64,0.0,0.0,143800.6,38101.384
20140519,2.65,2.65,2.66,2.64,0.0,0.0,351357.16,93119.74
20140520,2.65,2.65,2.66,2.64,0.0,0.0,170711.15,45297.865
20140521,2.66,2.64,2.67,2.63,0.01,0.38,241475.59,64001.411
20140522,2.67,2.66,2.68,2.65,0.01,0.38,198355.35,52979.837
20140523,2.68,2.67,2.68,2.66,0.01,0.37,168072.3,44892.266
20140526,2.69,2.68,2.69,2.67,0.01,0.37,134753.17,36154.783
20140527,2.68,2.68,2.69,2.68,-0.01,-0.37,225612.64,60599.998
20140528,2.69,2.68,2.7,2.68,0.01,0.37,263611.03,70870.747
20140529,2.69,2.7,2.7,2.68,0.0,0.0,168382.58,45346.051
20140530,2.67,2.69,2.69,2.67,-0.02,-0.74,206368.97,55381.627
20140603,2.72,2.68,2.73,2.68,0.05,1.87,477030.54,129347.918
20140604,2.72,2.72,2.73,2.69,0.0,0.0,308888.2,83568.778
20140605,2.73,2.71,2.74,2.7,0.01,0.37,276868.59,75450.347
20140606,2.7,2.73,2.74,2.69,-0.03,-1.1,252560.11,68608.621
20140609,2.72,2.7,2.73,2.69,0.02,0.74,265444.31,72067.825
20140610,2.74,2.71,2.74,2.71,0.02,0.74,336147.22,91666.689
20140611,2.74,2.74,2.75,2.73,0.0,0.0,228137.39,62440.431
20140612,2.76,2.74,2.76,2.73,0.02,0.73,238142.87,65500.691
20140613,2.8,2.76,2.8,2.75,0.04,1.45,549527.6,153118.61
20140616,2.81,2.79,2.82,2.78,0.01,0.36,484285.33,135532.713
20140617,2.78,2.8,2.81,2.78,-0.03,-1.07,291608.55,81404.052
20140618,2.76,2.78,2.78,2.74,-0.02,-0.72,434454.41,119573.039
20140619,2.72,2.76,2.76,2.72,-0.04,-1.45,230528.74,63152.883
20140620,2.75,2.72,2.75,2.71,0.03,1.1,283060.68,77425.393
20140623,2.73,2.75,2.76,2.73,-0.02,-0.73,249561.55,68529.443
20140624,2.75,2.74,2.76,2.73,0.02,0.73,248190.19,68096.373
20140625,2.77,2.75,2.77,2.74,0.02,0.73,322764.37,88887.474
20140626,2.77,2.77,2.78,2.75,0.0,0.0,599901.85,166068.971
20140627,2.54,2.58,2.58,2.53,-0.03,-1.17,477584.35,121566.682
20140630,2.55,2.55,2.56,2.54,0.01,0.39,237915.72,60688.85
20140701,2.56,2.56,2.57,2.55,0.01,0.39,247263.39,63279.859
20140702,2.58,2.56,2.58,2.56,0.02,0.78,231003.54,59399.969
20140703,2.59,2.57,2.6,2.56,0.01,0.39,260738.01,67319.825
20140704,2.59,2.59,2.6,2.58,0.0,0.0,184840.5,47805.724
20140707,2.58,2.58,2.59,2.55,-0.01,-0.39,255788.46,65732.318
20140708,2.58,2.57,2.58,2.55,0.0,0.0,284176.91,72943.449
20140709,2.56,2.57,2.58,2.55,-0.02,-0.78,381120.17,97540.167
20140710,2.54,2.54,2.55,2.53,-0.02,-0.78,353297.4,89816.129
20140711,2.55,2.54,2.57,2.53,0.01,0.39,263898.96,67434.126
20140714,2.56,2.55,2.57,2.55,0.01,0.39,212709.15,54386.714
20140715,2.57,2.57,2.57,2.55,0.01,0.39,256867.4,65828.909
20140716,2.57,2.57,2.57,2.56,0.0,0.0,218383.97,56006.106
20140717,2.57,2.56,2.57,2.55,0.0,0.0,226432.33,57984.347
20140718,2.57,2.56,2.57,2.55,0.0,0.0,283777.72,72674.049
20140721,2.57,2.57,2.57,2.55,0.0,0.0,249264.03,63828.193
20140722,2.57,2.56,2.57,2.55,0.0,0.0,356842.26,91450.632
20140723,2.56,2.56,2.57,2.56,-0.01,-0.39,295878.63,75901.277
20140724,2.59,2.57,2.61,2.56,0.03,1.17,584982.23,151374.823
20140725,2.61,2.6,2.62,2.59,0.02,0.77,334512.38,87205.434
20140728,2.7,2.62,2.72,2.62,0.09,3.45,1185010.85,318237.886
20140729,2.72,2.71,2.75,2.69,0.02,0.74,1152261.37,313203.097
20140730,2.68,2.7,2.72,2.66,-0.04,-1.47,1104220.74,297619.265
20140731,2.71,2.68,2.71,2.67,0.03,1.12,548182.14,147203.059
20140801,2.71,2.7,2.74,2.69,0.0,0.0,856231.69,232374.688
20140804,2.73,2.72,2.73,2.7,0.02,0.74,730780.36,198655.469
20140805,2.72,2.73,2.73,2.71,-0.01,-0.37,537556.72,146062.218
20140806,2.71,2.71,2.72,2.69,-0.01,-0.37,440816.48,119079.364
20140807,2.68,2.7,2.71,2.67,-0.03,-1.11,425168.75,114596.795
20140808,2.69,2.68,2.69,2.67,0.01,0.37,308125.44,82616.999
20140811,2.71,2.69,2.71,2.69,0.02,0.74,351056.9,94921.139
20140812,2.7,2.7,2.71,2.69,-0.01,-0.37,300654.0,81022.211
20140813,2.7,2.7,2.7,2.68,0.0,0.0,290198.47,78021.618
20140814,2.69,2.7,2.7,2.68,-0.01,-0.37,277330.3,74595.556
20140815,2.7,2.69,2.7,2.68,0.01,0.37,296591.23,79850.133
20140818,2.7,2.7,2.71,2.69,0.0,0.0,336811.01,90978.529
20140819,2.69,2.7,2.71,2.69,-0.01,-0.37,307244.28,82792.817
20140820,2.7,2.7,2.71,2.69,0.01,0.37,400265.15,108018.672
20140821,2.69,2.7,2.71,2.67,-0.01,-0.37,468963.9,126012.495
20140822,2.71,2.69,2.71,2.68,0.02,0.74,416038.66,112139.832
20140825,2.7,2.7,2.7,2.68,-0.01,-0.37,368740.92,99125.793
20140826,2.68,2.69,2.69,2.67,-0.02,-0.74,418433.56,112198.752
20140827,2.67,2.68,2.68,2.67,-0.01,-0.37,211953.31,56686.418
20140828,2.63,2.67,2.68,2.63,-0.04,-1.5,389448.05,103168.499
20140829,2.68,2.64,2.69,2.63,0.05,1.9,327463.91,86747.58
20140901,2.66,2.67,2.68,2.65,-0.02,-0.75,439487.21,117128.837
20140902,2.69,2.67,2.69,2.65,0.03,1.13,482807.75,128939.648
20140903,2.71,2.68,2.71,2.68,0.02,0.74,540834.16,146119.44
20140904,2.72,2.71,2.72,2.7,0.01,0.37,539364.95,146270.647
20140905,2.74,2.72,2.75,2.71,0.02,0.74,596399.04,162886.731
20140909,2.73,2.74,2.75,2.72,-0.01,-0.37,396914.75,108535.331
20140910,2.71,2.73,2.73,2.7,-0.02,-0.73,506795.85,137169.096
20140911,2.7,2.7,2.73,2.69,-0.01,-0.37,410295.89,111261.199
20140912,2.72,2.7,2.72,2.69,0.02,0.74,287132.79,77654.399
20140915,2.71,2.71,2.72,2.7,-0.01,-0.37,450264.3,121942.174
20140916,2.72,2.72,2.75,2.7,0.01,0.37,1008785.4,274493.086
20140917,2.7,2.71,2.71,2.69,-0.02,-0.74,563366.39,152052.789
20140918,2.72,2.7,2.73,2.69,0.02,0.74,967578.89,262583.737
20140919,2.72,2.72,2.72,2.7,0.0,0.0,457278.65,124037.256
20140922,2.67,2.71,2.72,2.67,-0.05,-1.84,526493.5,141541.633
20140923,2.68,2.67,2.69,2.66,0.01,0.37,358789.84,95867.476
20140924,2.7,2.67,2.71,2.67,0.02,0.75,637905.98,171680.995
20140925,2.7,2.71,2.72,2.69,0.0,0.0,569870.44,154038.576
20140926,2.69,2.69,2.7,2.68,-0.01,-0.37,298726.46,80376.694
20140929,2.68,2.69,2.7,2.67,-0.01,-0.37,792489.68,212895.409
20140930,2.7,2.69,2.7,2.68,0.02,0.75,595407.44,160098.688
20141008,2.69,2.69,2.7,2.68,-0.01,-0.37,637864.93,171465.44
20141009,2.7,2.69,2.7,2.68,0.01,0.37,460420.12,123902.357
20141010,2.69,2.69,2.7,2.67,-0.01,-0.37,515650.79,138232.861
20141013,2.67,2.68,2.68,2.66,-0.02,-0.74,540962.96,144166.403
20141014,2.66,2.66,2.68,2.66,-0.01,-0.37,416784.78,111090.716
20141015,2.67,2.66,2.68,2.65,0.01,0.38,410309.24,109428.839
20141016,2.67,2.66,2.7,2.66,0.0,0.0,763671.71,204544.953
20141017,2.67,2.67,2.68,2.66,0.0,0.0,483142.49,128860.166
20141020,2.68,2.68,2.68,2.66,0.01,0.37,423559.72,113247.25
20141021,2.67,2.67,2.68,2.66,-0.01,-0.37,296360.78,79159.356
20141022,2.68,2.66,2.68,2.66,0.01,0.37,449886.56,120316.003
20141023,2.67,2.67,2.68,2.66,-0.01,-0.37,630969.15,168615.853
20141024,2.66,2.67,2.68,2.66,-0.01,-0.37,507652.03,135554.932
20141027,2.61,2.66,2.67,2.58,-0.05,-1.88,713710.18,187430.01
20141028,2.64,2.61,2.64,2.6,0.03,1.15,431267.81,113260.464
20141029,2.69,2.64,2.7,2.64,0.05,1.89,890714.29,237772.938
20141030,2.71,2.69,2.73,2.67,0.02,0.74,1134357.57,306368.601
20141031,2.8,2.71,2.85,2.71,0.09,3.32,3331193.2,928296.117
20141103,2.78,2.81,2.82,2.77,-0.02,-0.71,1088011.84,303277.098
20141104,2.79,2.78,2.8,2.76,0.01,0.36,1090696.02,303654.145
20141105,2.76,2.79,2.8,2.75,-0.03,-1.08,667436.61,184763.792
20141106,2.75,2.76,2.77,2.74,-0.01,-0.36,508622.11,140343.664
20141107,2.77,2.75,2.8,2.74,0.02,0.73,1080794.92,299201.344
20141110,2.86,2.78,2.91,2.78,0.09,3.25,2263335.83,645466.45
20141111,3.15,2.92,3.15,2.92,0.29,10.14,9860341.5,3067559.28
20141112,3.08,3.06,3.08,2.98,-0.07,-2.22,8159840.77,2485035.754
20141113,3.1,3.08,3.15,3.06,0.02,0.65,6492227.12,2010213.858
20141114,3.09,3.09,3.1,2.99,-0.01,-0.32,4027961.35,1229707.148
20141117,3.02,3.09,3.14,3.01,-0.07,-2.27,3178568.24,967531.65
20141118,2.93,3.01,3.02,2.91,-0.09,-2.98,3102613.84,915711.334
20141119,2.92,2.91,2.94,2.89,-0.01,-0.34,2073322.47,603463.519
20141120,2.92,2.9,2.94,2.89,0.0,0.0,1505905.39,439403.781
20141121,2.95,2.92,2.96,2.87,0.03,1.03,2380132.34,693896.487
20141124,2.94,2.9,2.97,2.88,-0.01,-0.34,3701035.84,1084640.892
20141125,2.97,2.93,2.97,2.9,0.03,1.02,2786622.74,817851.503
20141126,3.05,2.96,3.08,2.95,0.08,2.69,3814832.98,1152062.123
20141127,3.08,3.07,3.13,3.05,0.03,0.98,4124973.54,1272991.064
20141128,3.33,3.08,3.33,3.07,0.25,8.12,9825207.36,3172178.922
20141201,3.38,3.33,3.6,3.21,0.05,1.5,10099073.63,3418950.923
20141202,3.56,3.28,3.64,3.25,0.18,5.33,17256650.25,5855948.392
20141203,3.41,3.5,3.58,3.36,-0.15,-4.21,18009458.74,6253702.584
20141204,3.53,3.4,3.54,3.32,0.12,3.52,18862470.02,6472786.329
20141205,3.69,3.53,3.81,3.42,0.16,4.53,26429000.96,9513892.584
20141208,3.66,3.59,3.74,3.52,-0.03,-0.81,25122280.19,9105628.818
20141209,3.33,3.55,3.69,3.29,-0.33,-9.02,21885145.72,7738574.256
20141210,3.39,3.31,3.43,3.18,0.06,1.8,12920134.69,4272224.365
20141211,3.34,3.32,3.43,3.26,-0.05,-1.47,7465162.68,2498271.998
20141212,3.34,3.34,3.4,3.3,0.0,0.0,6592837.8,2205144.272
20141215,3.29,3.3,3.31,3.23,-0.05,-1.5,7096019.4,2317046.689
20141216,3.4,3.28,3.4,3.26,0.11,3.34,9440924.34,3157806.433
20141217,3.54,3.42,3.63,3.37,0.14,4.12,19228764.07,6726576.549
20141218,3.46,3.55,3.57,3.42,-0.08,-2.26,10197313.48,3562903.676
20141219,3.54,3.45,3.56,3.42,0.08,2.31,11112107.72,3894673.312
20141222,3.89,3.66,3.89,3.6,0.35,9.89,35748323.13,13681319.33
20141223,3.72,3.74,3.88,3.7,-0.17,-4.37,28131282.42,10700739.259
20141224,3.57,3.72,3.75,3.51,-0.15,-4.03,14962181.07,5392665.229
20141225,3.72,3.66,3.73,3.56,0.15,4.2,15866905.79,5814138.026
20141226,3.82,3.71,3.85,3.65,0.1,2.69,19226610.73,7192386.684
20141229,3.85,4.0,4.04,3.76,0.03,0.79,20047135.92,7829727.05
20141230,3.94,3.81,4.0,3.8,0.09,2.34,16039300.69,6283509.923
20141231,4.15,3.94,4.28,3.88,0.21,5.33,22782821.7,9320222.218
20150105,4.42,4.18,4.5,4.18,0.27,6.51,23084548.47,9922663.542
20150106,4.56,4.38,4.74,4.28,0.14,3.17,23127260.22,10516945.715
20150107,4.54,4.46,4.64,4.44,-0.02,-0.44,15485754.55,7006124.043
20150108,4.33,4.55,4.57,4.31,-0.21,-4.63,14892726.05,6536809.467
20150109,4.47,4.28,4.76,4.23,0.14,3.23,22776193.75,10212605.583
20150112,4.4,4.38,4.49,4.3,-0.07,-1.57,12760756.17,5610756.119
20150113,4.44,4.39,4.44,4.31,0.04,0.91,9123192.36,3991497.465
20150114,4.59,4.46,4.65,4.46,0.15,3.38,16732746.61,7656606.854
20150115,4.87,4.59,4.89,4.51,0.28,6.1,16806697.82,7849348.006
20150116,4.98,4.89,5.08,4.83,0.11,2.26,18870036.09,9402684.686
20150119,4.48,4.53,4.78,4.48,-0.5,-10.04,21588878.72,9910001.567
20150120,4.45,4.48,4.57,4.31,-0.03,-0.67,17514000.06,7806777.244
20150121,4.89,4.49,4.9,4.41,0.44,9.89,26819060.18,12573299.696
20150122,4.84,4.88,4.89,4.75,-0.05,-1.02,16228018.48,7826658.808
20150123,4.84,4.88,4.99,4.8,0.0,0.0,17223379.63,8421735.699
20150126,4.78,4.78,4.82,4.62,-0.06,-1.24,13862781.61,6531498.105
20150127,4.63,4.75,4.76,4.53,-0.15,-3.14,14497534.1,6711325.903
20150128,4.55,4.57,4.66,4.5,-0.08,-1.73,10173468.09,4647153.311
20150129,4.4,4.44,4.5,4.39,-0.15,-3.3,11214293.07,4969470.822
20150130,4.4,4.45,4.48,4.34,0.0,0.0,8637130.18,3811523.283
20150202,4.13,4.24,4.3,4.12,-0.27,-6.14,12192489.42,5127737.266
20150203,4.28,4.18,4.32,4.04,0.15,3.63,16217410.72,6732571.624
20150204,4.13,4.24,4.27,4.12,-0.15,-3.5,11173365.96,4702766.901
20150205,4.13,4.37,4.37,4.12,0.0,0.0,16586317.54,7051371.431
20150206,4.01,4.05,4.12,3.96,-0.12,-2.91,10639286.44,4301515.696
20150209,4.03,3.97,4.09,3.88,0.02,0.5,10795721.87,4299605.842
20150210,4.1,4.0,4.1,3.97,0.07,1.74,8957532.91,3636790.06
20150211,4.07,4.1,4.11,4.04,-0.03,-0.73,5217167.04,2125181.53
20150212,4.06,4.09,4.09,4.01,-0.01,-0.25,5418692.34,2192128.506
20150213,4.11,4.08,4.18,4.05,0.05,1.23,10308745.36,4250978.152
20150216,4.09,4.09,4.11,4.05,-0.02,-0.49,6617830.79,2697528.604
20150217,4.1,4.09,4.14,4.08,0.01,0.24,6381075.06,2619949.973
20150225,4.05,4.1,4.1,4.03,-0.05,-1.22,5349275.46,2169226.255
20150226,4.14,4.04,4.14,3.98,0.09,2.22,10602258.08,4321311.094
20150227,4.11,4.12,4.15,4.09,-0.03,-0.72,9332459.85,3843894.769
20150302,4.11,4.12,4.13,4.07,0.0,0.0,9968536.05,4081541.447
20150303,3.97,4.07,4.08,3.96,-0.14,-3.41,12482212.79,5009148.044
20150304,3.91,3.95,3.97,3.89,-0.06,-1.51,11727070.19,4589680.832
20150305,3.8,3.88,3.88,3.75,-0.11,-2.81,12620266.51,4805177.991
20150306,3.83,3.78,3.88,3.77,0.03,0.79,8042956.91,3080876.185
20150309,4.03,3.85,4.06,3.81,0.2,5.22,16706547.19,6599759.625
20150310,3.93,3.98,4.0,3.92,-0.1,-2.48,8925757.08,3525571.806
20150311,4.01,3.95,4.08,3.95,0.08,2.04,12596761.11,5080600.621
20150312,4.18,4.09,4.26,4.07,0.17,4.24,18517962.44,7707089.962
20150313,4.15,4.2,4.27,4.12,-0.03,-0.72,13666984.61,5739191.662
20150316,4.18,4.15,4.19,4.09,0.03,0.72,12138628.29,5028279.676
20150317,4.21,4.21,4.23,4.16,0.03,0.72,12832030.19,5379010.563
20150318,4.33,4.22,4.33,4.21,0.12,2.85,15405563.34,6590365.21
20150319,4.27,4.33,4.34,4.24,-0.06,-1.39,11980994.82,5127054.641
20150320,4.38,4.27,4.45,4.23,0.11,2.58,18777531.06,8129269.572
20150323,4.43,4.43,4.47,4.38,0.05,1.14,14203758.17,6275480.647
20150324,4.44,4.42,4.55,4.36,0.01,0.23,16444306.01,7272438.858
20150325,4.3,4.4,4.44,4.28,-0.14,-3.15,13109786.4,5691647.627
20150326,4.31,4.28,4.37,4.23,0.01,0.23,10404504.55,4477350.651
20150327,4.32,4.3,4.4,4.26,0.01,0.23,10025288.25,4332623.098
20150330,4.46,4.37,4.47,4.34,0.14,3.24,18071509.11,7984244.304
20150331,4.38,4.52,4.58,4.36,-0.08,-1.79,17195465.09,7693718.255
20150401,4.41,4.38,4.44,4.35,0.03,0.68,10865043.01,4775605.688
20150402,4.36,4.41,4.44,4.32,-0.05,-1.13,12530473.51,5474537.796
20150403,4.37,4.33,4.37,4.31,0.01,0.23,9841506.06,4275805.381
20150407,4.47,4.42,4.49,4.41,0.1,2.29,16291483.35,7242467.764
20150408,4.53,4.48,4.54,4.4,0.06,1.34,20296690.81,9081468.135
20150409,4.49,4.54,4.64,4.47,-0.04,-0.88,19893240.14,9029283.492
20150410,4.56,4.49,4.57,4.46,0.07,1.56,16040711.01,7249499.379
20150413,4.68,4.65,4.72,4.58,0.12,2.63,24745134.83,11481411.429
20150414,4.63,4.67,4.67,4.6,-0.05,-1.07,15211791.26,7040474.967
20150415,4.71,4.64,4.79,4.62,0.08,1.73,23962431.72,11280468.15
20150416,4.8,4.67,4.81,4.63,0.09,1.91,17080438.27,8065126.464
20150417,4.93,4.9,5.0,4.83,0.13,2.71,26913188.12,13228417.498
20150420,4.74,4.99,4.99,4.7,-0.19,-3.85,30547966.08,14899935.423
20150421,4.78,4.7,4.78,4.66,0.04,0.84,17967286.32,8483328.748
20150422,4.86,4.79,4.86,4.75,0.08,1.67,19871203.96,9539122.835
20150423,4.8,4.86,4.88,4.75,-0.06,-1.23,15436009.41,7417101.52
20150424,4.66,4.71,4.73,4.6,-0.14,-2.92,16190245.45,7558234.801
20150427,4.81,4.66,4.82,4.66,0.15,3.22,18417659.05,8748362.515
20150428,5.06,4.83,5.29,4.81,0.25,5.2,40179622.4,20155496.189
20150429,4.97,5.0,5.01,4.85,-0.09,-1.78,18726488.55,9226271.656
20150430,4.84,4.96,4.96,4.83,-0.13,-2.62,14710728.69,7179089.287
20150504,4.83,4.83,4.85,4.74,-0.01,-0.21,10023954.42,4814831.226
20150505,4.59,4.82,4.82,4.56,-0.24,-4.97,14696943.61,6891471.879
20150506,4.51,4.58,4.69,4.43,-0.08,-1.74,12390733.82,5680564.222
20150507,4.43,4.49,4.51,4.41,-0.08,-1.77,8814919.71,3930568.878
20150508,4.49,4.47,4.5,4.42,0.06,1.35,7934704.59,3544950.136
20150511,4.56,4.5,4.56,4.42,0.07,1.56,10936741.35,4901775.344
20150512,4.58,4.55,4.6,4.51,0.02,0.44,9066671.08,4132891.504
20150513,4.56,4.63,4.65,4.53,-0.02,-0.44,9841272.58,4514529.172
20150514,4.55,4.58,4.61,4.52,-0.01,-0.22,6547054.13,2983882.591
20150515,4.44,4.52,4.53,4.42,-0.11,-2.42,7777978.81,3468155.481
20150518,4.33,4.4,4.4,4.31,-0.11,-2.48,7381777.69,3217488.832
20150519,4.46,4.31,4.48,4.3,0.13,3.0,7805763.66,3444895.341
20150520,4.44,4.46,4.51,4.41,-0.02,-0.45,8954728.77,3988074.708
20150521,4.44,4.43,4.45,4.4,0.0,0.0,6856284.93,3032154.753
20150522,4.57,4.49,4.57,4.46,0.13,2.93,11715602.95,5302279.62
20150525,4.67,4.6,4.68,4.59,0.1,2.19,12810538.1,5943986.888
20150526,4.68,4.69,4.72,4.61,0.01,0.21,11775964.94,5484442.194
20150527,4.65,4.68,4.7,4.61,-0.03,-0.64,10519334.83,4890050.679
20150528,4.38,4.64,4.66,4.37,-0.27,-5.81,14223913.69,6473996.777
20150529,4.33,4.38,4.41,4.24,-0.05,-1.14,9971811.33,4325799.466
20150601,4.5,4.34,4.53,4.29,0.17,3.93,10402478.15,4597985.47
20150602,4.48,4.49,4.53,4.42,-0.02,-0.44,9195432.61,4105928.602
20150603,4.48,4.51,4.53,4.42,0.0,0.0,8746949.38,3906257.514
20150604,4.71,4.51,4.74,4.47,0.23,5.13,22304130.14,10328933.039
20150605,4.7,4.8,4.84,4.61,-0.01,-0.21,17181181.87,8098833.67
20150608,5.17,4.72,5.17,4.72,0.47,10.0,40917938.24,20605401.215
20150609,5.29,5.25,5.46,5.12,0.12,2.32,47953531.17,25401788.679
20150610,5.15,5.15,5.23,5.08,-0.14,-2.65,20649573.69,10629580.068
20150611,5.01,5.14,5.18,4.95,-0.14,-2.72,19372648.2,9733120.014
20150612,5.1,5.02,5.1,4.91,0.09,1.8,16942196.98,8478084.361
20150615,4.96,5.08,5.08,4.94,-0.14,-2.75,13755346.79,6894107.933
20150616,4.83,4.92,5.03,4.78,-0.13,-2.62,16424540.94,8062132.015
20150617,4.95,5.01,5.08,4.91,0.12,2.48,18745024.62,9332866.897
20150618,4.73,4.89,4.9,4.71,-0.22,-4.44,13532718.56,6515714.283
20150619,4.53,4.68,4.79,4.5,-0.2,-4.23,11544981.23,5373085.12
20150623,4.72,4.55,4.73,4.47,0.19,4.19,12443727.13,5748308.579
20150624,4.8,4.75,4.8,4.66,0.08,1.69,11341846.05,5362868.2
20150625,4.74,4.91,4.94,4.7,-0.06,-1.25,14958095.49,7219096.729
20150626,4.53,4.67,4.79,4.33,-0.21,-4.43,17018223.63,7842397.208
20150629,4.56,4.66,4.7,4.23,0.03,0.66,16720927.49,7636938.955
20150630,4.89,4.6,4.9,4.51,0.33,7.24,18589691.04,8770855.754
20150701,4.75,4.87,4.9,4.72,-0.14,-2.86,13714118.12,6602910.469
20150702,5.01,4.78,5.1,4.56,0.26,5.47,24192366.28,11763170.118
20150703,4.46,4.7,4.8,4.4,-0.36,-7.47,16032576.39,7459026.242
20150706,4.9,4.85,4.91,4.6,0.44,9.87,39865058.76,19138185.438
20150707,5.39,4.8,5.39,4.79,0.49,10.0,40711446.36,21157787.474
20150708,5.59,5.1,5.6,4.85,0.2,3.71,51098974.25,27465121.875
20150709,5.6,5.59,5.96,5.08,0.01,0.18,33234681.8,18458853.026
20150710,5.53,5.39,5.94,5.21,-0.07,-1.25,32243438.5,18194683.767
20150713,5.21,5.3,5.4,5.2,-0.32,-5.79,22197906.0,11706671.821
20150714,5.23,5.09,5.35,4.91,0.02,0.38,21494604.08,10878692.672
20150715,5.37,5.1,5.41,5.06,0.14,2.68,21283264.88,11271716.943
20150716,5.23,5.37,5.57,5.11,-0.14,-2.61,18163566.93,9623155.367
20150717,5.17,5.21,5.24,5.07,-0.06,-1.15,13292551.18,6835553.436
20150720,5.16,5.1,5.25,5.06,-0.01,-0.19,13635799.82,7019878.754
20150721,5.08,5.09,5.17,5.07,-0.08,-1.55,9414522.6,4799168.121
20150722,5.04,5.05,5.12,5.02,-0.04,-0.79,9199181.54,4657854.441
20150723,5.06,5.02,5.07,5.0,0.02,0.4,9342593.95,4710065.818
20150724,5.01,5.05,5.08,4.99,-0.05,-0.99,8301113.11,4182406.197
20150727,4.63,4.96,5.0,4.55,-0.38,-7.58,10941527.61,5283458.836
20150728,4.67,4.5,4.85,4.44,0.04,0.86,9963186.8,4689821.077
20150729,4.63,4.6,4.64,4.51,-0.04,-0.86,6725667.72,3078566.534
20150730,4.52,4.62,4.63,4.51,-0.11,-2.38,5592335.57,2548372.031
20150731,4.45,4.49,4.55,4.42,-0.07,-1.55,4602178.9,2055555.058
20150803,4.45,4.42,4.52,4.31,0.0,0.0,6371049.35,2799643.97
20150804,4.48,4.41,4.49,4.37,0.03,0.67,4419765.57,1956743.379
20150805,4.39,4.45,4.47,4.38,-0.09,-2.01,3240538.9,1435475.037
20150806,4.36,4.34,4.42,4.32,-0.03,-0.68,2637842.46,1153800.848
20150807,4.39,4.39,4.42,4.35,0.03,0.69,3238435.39,1420102.892
20150810,4.49,4.37,4.51,4.36,0.1,2.28,6484406.25,2875261.411
20150811,4.45,4.47,4.48,4.42,-0.04,-0.89,4507533.6,2006638.723
20150812,4.38,4.42,4.43,4.37,-0.07,-1.57,3876263.97,1703725.859
20150813,4.39,4.37,4.41,4.33,0.01,0.23,3354677.35,1465089.057
20150814,4.37,4.39,4.4,4.36,-0.02,-0.46,2891855.12,1264674.864
20150817,4.33,4.35,4.37,4.31,-0.04,-0.92,3669922.54,1587619.027
20150818,4.26,4.33,4.38,4.25,-0.07,-1.62,6302945.77,2730987.998
20150819,4.2,4.21,4.28,4.04,-0.06,-1.41,6000932.97,2499275.234
20150820,4.18,4.3,4.31,4.16,-0.02,-0.48,4495060.32,1913696.106
20150821,4.15,4.15,4.25,4.11,-0.03,-0.72,4560851.7,1901485.278
20150824,3.8,4.05,4.13,3.74,-0.35,-8.43,8149569.22,3196538.226
20150825,3.49,3.63,3.88,3.43,-0.31,-8.16,8260055.94,3049980.389
20150826,3.66,3.58,3.79,3.45,0.17,4.87,7664113.48,2754935.829
20150827,3.89,3.67,3.9,3.62,0.23,6.28,7007252.88,2619029.492
20150828,3.89,3.9,3.94,3.82,0.0,0.0,6407307.86,2472746.334
20150831,3.86,3.83,3.87,3.72,-0.03,-0.77,5167812.08,1963774.348
20150901,4.05,3.81,4.14,3.78,0.19,4.92,12554577.73,5025702.873
20150902,4.24,3.93,4.29,3.85,0.19,4.69,14823482.38,6074448.488
20150907,3.96,4.11,4.12,3.92,-0.28,-6.6,4891659.62,1973897.743
20150908,3.98,3.92,4.03,3.84,0.02,0.51,3083857.72,1216091.462
20150909,4.0,3.98,4.01,3.93,0.02,0.5,3002580.67,1193658.82
20150910,4.0,3.96,4.04,3.94,0.0,0.0,2288869.58,915742.314
20150911,3.93,3.99,4.0,3.91,-0.07,-1.75,1666694.65,658483.145
20150914,3.93,3.93,4.01,3.83,0.0,0.0,3559942.4,1400406.006
20150915,3.91,3.9,3.98,3.88,-0.02,-0.51,2769805.68,1082964.991
20150916,3.94,3.88,3.99,3.83,0.03,0.77,2719779.66,1059574.693
20150917,3.89,3.91,3.95,3.88,-0.05,-1.27,1957170.85,767364.489
20150918,3.86,3.9,3.9,3.84,-0.03,-0.77,1527676.82,591205.228
20150921,3.85,3.84,3.85,3.8,-0.01,-0.26,1725559.17,660445.926
20150922,3.87,3.85,3.88,3.83,0.02,0.52,1532168.68,592486.506
20150923,3.8,3.85,3.87,3.79,-0.07,-1.81,1719757.52,656229.461
20150924,3.79,3.8,3.82,3.77,-0.01,-0.26,1286471.78,487577.402
20150925,3.83,3.79,3.84,3.76,0.04,1.06,1909628.45,723746.398
20150928,3.8,3.8,3.81,3.76,-0.03,-0.78,895371.71,338331.977
20150929,3.72,3.76,3.77,3.71,-0.08,-2.11,1163349.73,434507.465
20150930,3.72,3.73,3.75,3.71,0.0,0.0,831672.28,310198.008
20151008,3.78,3.79,3.82,3.76,0.06,1.61,1516508.63,573912.341
20151009,3.8,3.79,3.81,3.77,0.02,0.53,1437933.85,545119.047
20151012,3.87,3.8,3.9,3.78,0.07,1.84,3689653.14,1418730.502
20151013,3.84,3.85,3.86,3.83,-0.03,-0.78,1583958.96,608439.094
20151014,3.85,3.83,3.85,3.82,0.01,0.26,1541892.32,591370.349
20151015,3.89,3.84,3.89,3.83,0.04,1.04,2268387.83,876409.361
20151016,3.92,3.9,3.93,3.88,0.03,0.77,2813846.06,1099708.272
20151019,3.91,3.93,3.94,3.87,-0.01,-0.26,2394922.93,937307.544
20151020,3.91,3.9,3.92,3.88,0.0,0.0,1773350.4,691457.92
20151021,4.03,3.92,4.1,3.89,0.12,3.07,6616667.08,2617409.426
20151022,3.94,3.95,4.0,3.92,-0.09,-2.23,2906856.61,1147063.202
20151023,3.95,3.95,3.96,3.92,0.01,0.25,2587485.7,1019018.199
20151026,3.94,3.97,3.97,3.93,-0.01,-0.25,2315600.04,916280.265
20151027,3.92,3.93,3.94,3.89,-0.02,-0.51,1820874.9,712655.005
20151028,3.91,3.91,3.95,3.89,-0.01,-0.26,2309325.48,902578.127
20151029,3.89,3.9,3.91,3.88,-0.02,-0.51,1546497.64,602350.729
20151030,3.88,3.88,3.9,3.87,-0.01,-0.26,1430497.53,555777.936
20151102,3.85,3.87,3.91,3.84,-0.03,-0.77,1688213.99,654732.26
20151103,3.81,3.85,3.86,3.79,-0.04,-1.04,1529143.48,584119.907
20151104,3.93,3.81,3.93,3.8,0.12,3.15,3908129.05,1514265.002
20151105,4.0,3.9,4.1,3.88,0.07,1.78,7835492.86,3135719.475
20151106,4.01,3.97,4.03,3.94,0.01,0.25,4450286.86,1771759.863
20151109,4.19,4.07,4.3,4.06,0.18,4.49,8862386.56,3731466.979
20151110,4.15,4.14,4.22,4.11,-0.04,-0.95,3891310.03,1613081.455
20151111,4.1,4.14,4.15,4.03,-0.05,-1.2,3299916.89,1351185.857
20151112,4.05,4.1,4.11,4.03,-0.05,-1.22,2374955.78,963585.646
20151113,4.02,4.02,4.07,4.01,-0.03,-0.74,1956614.23,788929.668
20151116,4.05,3.99,4.07,3.98,0.03,0.75,2345098.17,946683.597
20151117,4.06,4.05,4.11,4.05,0.01,0.25,3418660.54,1395418.481
20151118,4.07,4.06,4.12,4.05,0.01,0.25,2975590.85,1213362.628
20151119,4.08,4.07,4.09,4.05,0.01,0.25,2027767.1,824755.464
20151120,4.05,4.08,4.08,4.03,-0.03,-0.74,2629124.02,1065144.786
20151123,4.02,4.03,4.04,4.0,-0.03,-0.74,1987297.44,799109.5
20151124,4.04,4.01,4.04,3.98,0.02,0.5,2240393.25,898074.967
20151125,4.08,4.03,4.08,4.01,0.04,0.99,2493877.27,1008907.727
20151126,4.07,4.08,4.09,4.05,-0.01,-0.25,2101011.58,855399.272
20151127,3.95,4.06,4.06,3.91,-0.12,-2.95,2574293.96,1028984.789
20151130,4.11,3.96,4.11,3.95,0.16,4.05,6432456.04,2618390.367
20151201,4.02,4.11,4.11,3.95,-0.09,-2.19,4329243.65,1740692.989
20151202,4.18,4.0,4.22,3.98,0.16,3.98,7979804.66,3292144.741
20151203,4.34,4.14,4.5,4.09,0.16,3.83,12075645.28,5161692.142
20151204,4.17,4.25,4.28,4.15,-0.17,-3.92,5285599.94,2223948.565
20151207,4.12,4.18,4.19,4.09,-0.05,-1.2,2959540.85,1219614.442
20151208,4.06,4.09,4.11,4.04,-0.06,-1.46,2374131.07,967577.003
20151209,4.11,4.04,4.11,4.04,0.05,1.23,2161038.28,881818.072
20151210,4.07,4.09,4.16,4.06,-0.04,-0.97,1828844.27,751651.479
20151211,4.04,4.05,4.06,4.0,-0.03,-0.74,1717400.54,691321.12
20151214,4.1,4.0,4.11,4.0,0.06,1.49,2174700.09,882306.823
20151215,4.04,4.08,4.09,4.02,-0.06,-1.46,1697728.93,687803.222
20151216,4.04,4.05,4.06,4.02,0.0,0.0,1351339.35,545664.163
20151217,4.07,4.05,4.08,4.04,0.03,0.74,2208372.47,897095.973
20151218,4.08,4.06,4.16,4.04,0.01,0.25,3659702.12,1497975.956
20151221,4.12,4.05,4.14,4.04,0.04,0.98,4696046.98,1924261.562
20151222,4.09,4.1,4.11,4.06,-0.03,-0.73,2419749.04,987812.235
20151223,4.08,4.09,4.13,4.05,-0.01,-0.24,3769799.15,1538217.382
20151224,4.06,4.07,4.08,4.02,-0.02,-0.49,2410578.55,976332.74
20151225,4.06,4.06,4.06,4.04,0.0,0.0,1108689.29,448983.57
20151228,4.02,4.05,4.07,4.01,-0.04,-0.99,2413729.87,975343.501
20151229,4.04,4.01,4.04,4.0,0.02,0.5,1501503.14,603400.387
20151230,4.03,4.04,4.04,4.01,-0.01,-0.25,1269779.53,510808.845
20151231,4.01,4.03,4.03,4.01,-0.02,-0.5,1200888.95,482486.083
20160104,3.87,4.01,4.01,3.87,-0.14,-3.49,2313624.56,912024.607
20160105,3.86,3.8,3.92,3.78,-0.01,-0.26,2766637.96,1065201.019
20160106,3.89,3.85,3.9,3.83,0.03,0.78,1714399.41,663277.928
20160107,3.79,3.87,3.87,3.74,-0.1,-2.57,621716.74,237065.916
20160108,3.8,3.82,3.86,3.73,0.01,0.26,3129330.94,1188550.693
20160111,3.65,3.76,3.78,3.63,-0.15,-3.95,2479337.44,920663.513
20160112,3.63,3.67,3.69,3.6,-0.02,-0.55,1815744.92,660747.227
20160113,3.58,3.65,3.66,3.58,-0.05,-1.38,1483164.23,537743.572
20160114,3.59,3.55,3.62,3.5,0.01,0.28,2215043.39,784245.008
20160115,3.48,3.57,3.57,3.46,-0.11,-3.06,1966538.2,689976.187
20160118,3.46,3.44,3.49,3.41,-0.02,-0.57,1629477.33,563486.582
20160119,3.53,3.46,3.57,3.44,0.07,2.02,1914460.95,671779.933
20160120,3.47,3.52,3.53,3.44,-0.06,-1.7,1938143.19,673983.195
20160121,3.43,3.44,3.53,3.42,-0.04,-1.15,2350262.77,813762.031
20160122,3.45,3.45,3.46,3.41,0.02,0.58,1497956.34,514499.411
20160125,3.44,3.45,3.46,3.42,-0.01,-0.29,1284820.04,442482.924
20160126,3.24,3.43,3.43,3.23,-0.2,-5.81,2347334.23,785908.919
20160127,3.22,3.24,3.28,3.14,-0.02,-0.62,2277247.96,732678.882
20160128,3.16,3.2,3.22,3.15,-0.06,-1.86,1473954.95,469141.268
20160129,3.22,3.16,3.24,3.16,0.06,1.9,1894631.24,606546.143
20160201,3.17,3.22,3.22,3.14,-0.05,-1.55,1524861.91,484453.335
20160202,3.2,3.16,3.22,3.15,0.03,0.95,1233803.66,394234.442
20160203,3.17,3.17,3.18,3.14,-0.03,-0.94,1264137.71,399416.578
20160204,3.19,3.18,3.21,3.17,0.02,0.63,1235656.6,394384.472
20160205,3.18,3.19,3.21,3.17,-0.01,-0.31,932633.81,297374.766
20160215,3.13,3.1,3.15,3.08,-0.05,-1.57,1260215.99,392133.358
20160216,3.23,3.14,3.24,3.14,0.1,3.19,1805584.19,577339.582
20160217,3.24,3.21,3.25,3.2,0.01,0.31,1360879.97,438622.303
20160218,3.23,3.24,3.26,3.22,-0.01,-0.31,1266233.13,410278.481
20160219,3.22,3.22,3.23,3.2,-0.01,-0.31,844081.37,271523.919
20160222,3.29,3.24,3.3,3.22,0.07,2.17,2312543.95,754535.847
20160223,3.24,3.28,3.28,3.22,-0.05,-1.52,1339255.78,434496.562
20160224,3.24,3.23,3.25,3.21,0.0,0.0,1012226.03,326898.354
20160225,3.12,3.24,3.25,3.11,-0.12,-3.7,2176432.45,691899.392
20160226,3.15,3.14,3.17,3.12,0.03,0.96,1550532.13,486982.168
20160229,3.17,3.14,3.18,3.1,0.02,0.63,2819778.61,885085.842
20160301,3.2,3.17,3.21,3.15,0.03,0.95,1655513.28,526135.555
20160302,3.26,3.2,3.27,3.19,0.06,1.88,2594574.9,838404.974
20160303,3.28,3.25,3.28,3.22,0.02,0.61,2261559.7,735706.519
20160304,3.4,3.26,3.43,3.25,0.12,3.66,5389116.77,1806557.023
20160307,3.39,3.38,3.43,3.36,-0.01,-0.29,1814155.32,614799.955
20160308,3.4,3.37,3.41,3.3,0.01,0.3,1962784.31,657216.866
20160309,3.43,3.35,3.44,3.33,0.03,0.88,1849545.63,625322.769
20160310,3.35,3.39,3.42,3.34,-0.08,-2.33,1047752.31,354950.304
20160311,3.4,3.33,3.41,3.33,0.05,1.49,1325839.22,448241.016
20160314,3.4,3.39,3.43,3.37,0.0,0.0,1751002.28,596062.405
20160315,3.38,3.4,3.4,3.34,-0.02,-0.59,1302049.78,439130.213
20160316,3.44,3.37,3.44,3.37,0.06,1.78,3158571.48,1079023.675
20160317,3.43,3.42,3.43,3.39,-0.01,-0.29,1603448.68,546712.784
20160318,3.43,3.42,3.44,3.4,0.0,0.0,2669339.02,913420.583
20160321,3.43,3.43,3.46,3.41,0.0,0.0,4358414.18,1494739.102
20160322,3.4,3.42,3.44,3.4,-0.03,-0.87,1669089.67,570079.598
20160323,3.39,3.39,3.41,3.38,-0.01,-0.29,1103328.09,374240.101
20160324,3.35,3.38,3.39,3.35,-0.04,-1.18,1334777.16,448585.686
20160325,3.36,3.35,3.38,3.34,0.01,0.3,793270.82,266639.309
20160328,3.35,3.36,3.38,3.33,-0.01,-0.3,992086.23,332807.533
20160329,3.34,3.35,3.37,3.33,-0.01,-0.3,988578.11,330774.194
20160330,3.4,3.36,3.41,3.35,0.06,1.8,1665111.47,563526.304
20160331,3.4,3.4,3.42,3.38,0.0,0.0,1040234.81,353465.765
20160401,3.41,3.39,3.41,3.36,0.01,0.29,1443416.15,489026.072
20160405,3.43,3.39,3.44,3.39,0.02,0.59,1781043.93,608179.873
20160406,3.42,3.42,3.44,3.41,-0.01,-0.29,1102037.16,376898.747
20160407,3.38,3.43,3.43,3.38,-0.04,-1.17,912153.17,309804.958
20160408,3.36,3.37,3.4,3.35,-0.02,-0.59,876873.38,295593.366
20160411,3.39,3.37,3.41,3.36,0.03,0.89,1163568.57,395336.737
20160412,3.39,3.4,3.4,3.38,0.0,0.0,657260.15,222522.296
20160413,3.42,3.4,3.43,3.39,0.03,0.89,1668551.47,570438.957
20160414,3.42,3.43,3.44,3.4,0.0,0.0,913375.31,312015.02
20160415,3.42,3.42,3.43,3.4,0.0,0.0,965985.35,329635.931
20160418,3.39,3.4,3.41,3.38,-0.03,-0.88,747747.45,253570.926
20160419,3.38,3.39,3.4,3.37,-0.01,-0.3,580064.3,196253.869
20160420,3.36,3.39,3.39,3.29,-0.02,-0.59,1933271.2,645531.387
20160421,3.34,3.34,3.37,3.33,-0.02,-0.6,919417.23,307928.855
20160422,3.35,3.34,3.37,3.33,0.01,0.3,932140.64,312549.098
20160425,3.35,3.35,3.36,3.33,0.0,0.0,790322.04,264616.81
20160426,3.36,3.36,3.37,3.34,0.01,0.3,630279.75,211295.621
20160427,3.35,3.37,3.37,3.35,-0.01,-0.3,387597.78,130033.104
20160428,3.37,3.36,3.37,3.34,0.02,0.6,735582.2,246950.718
20160429,3.35,3.36,3.37,3.34,-0.02,-0.59,751300.58,251870.388
20160503,3.37,3.35,3.38,3.34,0.02,0.6,1194007.27,401699.703
20160504,3.37,3.36,3.37,3.35,0.0,0.0,778164.0,261506.051
20160505,3.37,3.36,3.38,3.35,0.0,0.0,758305.69,255438.139
20160506,3.33,3.37,3.37,3.32,-0.04,-1.19,1085172.64,362777.424
20160509,3.28,3.32,3.34,3.26,-0.05,-1.5,1191161.26,393561.578
20160510,3.27,3.27,3.29,3.27,-0.01,-0.3,797682.2,261218.691
20160511,3.27,3.28,3.28,3.25,0.0,0.0,730314.21,238580.266
20160512,3.25,3.26,3.27,3.22,-0.02,-0.61,855186.2,277226.383
20160513,3.25,3.25,3.26,3.23,0.0,0.0,637055.64,206552.34
20160516,3.25,3.23,3.25,3.23,0.0,0.0,586124.99,190016.738
20160517,3.24,3.25,3.25,3.23,-0.01,-0.31,544257.37,176335.735
20160518,3.24,3.24,3.25,3.19,0.0,0.0,1396846.98,450187.995
20160519,3.23,3.23,3.24,3.22,-0.01,-0.31,490788.79,158659.244
20160520,3.24,3.23,3.24,3.22,0.01,0.31,395168.69,127728.743
20160523,3.26,3.24,3.26,3.23,0.02,0.62,816085.24,265068.722
20160524,3.24,3.25,3.26,3.23,-0.02,-0.61,605308.84,196026.946
20160525,3.23,3.24,3.25,3.23,-0.01,-0.31,426689.49,138229.078
20160526,3.23,3.24,3.24,3.21,0.0,0.0,759897.56,245128.963
20160527,3.24,3.23,3.24,3.22,0.01,0.31,601444.59,194103.929
20160530,3.27,3.24,3.27,3.22,0.03,0.93,1158090.68,376206.998
20160531,3.36,3.27,3.37,3.26,0.09,2.75,2227170.54,742114.545
20160601,3.34,3.36,3.36,3.33,-0.02,-0.6,983733.92,329237.37
20160602,3.33,3.34,3.35,3.32,-0.01,-0.3,730525.5,243350.734
20160603,3.34,3.34,3.35,3.31,0.01,0.3,749037.87,249373.83
20160606,3.34,3.34,3.35,3.32,0.0,0.0,551248.37,183801.399
20160607,3.35,3.33,3.37,3.33,0.01,0.3,875363.85,293272.469
20160608,3.36,3.36,3.36,3.33,0.01,0.3,685894.7,229470.489
20160613,3.3,3.34,3.36,3.3,-0.06,-1.79,934629.26,312014.023
20160614,3.32,3.3,3.32,3.29,0.02,0.61,531512.65,175902.918
20160615,3.32,3.3,3.34,3.3,0.0,0.0,892365.99,295665.162
20160616,3.3,3.31,3.32,3.28,-0.02,-0.6,1221874.87,402558.928
20160617,3.31,3.3,3.32,3.29,0.01,0.3,933502.77,308945.903
20160620,3.32,3.31,3.33,3.31,0.01,0.3,850959.13,282276.223
20160621,3.34,3.32,3.35,3.32,0.02,0.6,901219.89,300556.182
20160622,3.36,3.34,3.37,3.33,0.02,0.6,1001740.33,335594.205
20160623,3.37,3.36,3.38,3.35,0.01,0.3,1618432.28,544734.143
20160624,3.16,3.2,3.21,3.14,-0.04,-1.25,1781475.13,566455.452
20160627,3.18,3.15,3.18,3.13,0.02,0.63,1307843.87,412124.144
20160628,3.17,3.16,3.18,3.15,-0.01,-0.31,794821.23,251326.746
20160629,3.19,3.18,3.19,3.17,0.02,0.63,784269.11,249383.675
20160630,3.21,3.19,3.22,3.18,0.02,0.63,1089704.05,348970.232
20160701,3.22,3.21,3.22,3.2,0.01,0.31,678218.52,218035.562
20160704,3.25,3.21,3.27,3.21,0.03,0.93,1390062.9,451472.99
20160705,3.25,3.25,3.27,3.22,0.0,0.0,1360945.2,441286.575
20160706,3.25,3.25,3.27,3.24,0.0,0.0,971198.31,316145.524
20160707,3.26,3.25,3.26,3.24,0.01,0.31,890294.48,289519.135
20160708,3.23,3.25,3.26,3.23,-0.03,-0.92,630166.03,204230.925
20160711,3.25,3.23,3.27,3.23,0.02,0.62,973386.35,316562.089
20160712,3.3,3.25,3.31,3.24,0.05,1.54,1857138.17,608888.117
20160713,3.34,3.3,3.35,3.29,0.04,1.21,2081149.17,690665.691
20160714,3.32,3.33,3.33,3.3,-0.02,-0.6,1213269.55,401422.101
20160715,3.33,3.32,3.34,3.31,0.01,0.3,856798.87,284581.014
20160718,3.34,3.32,3.35,3.32,0.01,0.3,1532275.4,512216.064
20160719,3.32,3.34,3.35,3.31,-0.02,-0.6,1024257.99,340759.321
20160720,3.3,3.32,3.32,3.29,-0.02,-0.6,727818.36,240656.407
20160721,3.3,3.3,3.31,3.29,0.0,0.0,883799.1,291760.091
20160722,3.3,3.3,3.31,3.29,0.0,0.0,1184222.85,390883.746
20160725,3.33,3.3,3.33,3.3,0.03,0.91,752894.51,249890.896
20160726,3.36,3.32,3.36,3.32,0.03,0.9,916256.44,306581.635
20160727,3.34,3.35,3.37,3.3,-0.02,-0.6,1487095.22,495846.728
20160728,3.33,3.33,3.34,3.31,-0.01,-0.3,793635.65,263834.434
20160729,3.34,3.33,3.34,3.32,0.01,0.3,652601.49,217550.78
20160801,3.35,3.33,3.36,3.33,0.01,0.3,1065178.01,356024.796
20160802,3.36,3.35,3.36,3.34,0.01,0.3,598096.28,200152.043
20160803,3.34,3.35,3.36,3.33,-0.02,-0.6,820883.64,274041.482
20160804,3.32,3.33,3.34,3.31,-0.02,-0.6,833677.77,276798.594
20160805,3.33,3.32,3.34,3.31,0.01,0.3,672740.45,223625.238
20160808,3.34,3.33,3.35,3.32,0.01,0.3,634501.67,211583.062
20160809,3.36,3.34,3.36,3.33,0.02,0.6,827915.02,277128.359
20160810,3.35,3.35,3.36,3.35,-0.01,-0.3,720008.72,241649.494
20160811,3.4,3.35,3.41,3.35,0.05,1.49,1910075.81,647556.653
20160812,3.5,3.39,3.51,3.38,0.1,2.94,2382773.68,822823.233
20160815,3.56,3.5,3.6,3.49,0.06,1.71,2801851.3,998784.562
20160816,3.45,3.56,3.57,3.41,-0.11,-3.09,6348096.43,2196885.899
20160817,3.44,3.43,3.45,3.41,-0.01,-0.29,1562195.27,535954.878
20160818,3.42,3.43,3.45,3.41,-0.02,-0.58,1874897.55,642468.151
20160819,3.43,3.42,3.43,3.41,0.01,0.29,847576.56,289675.833
20160822,3.45,3.42,3.46,3.41,0.02,0.58,1928893.75,662293.271
20160823,3.46,3.44,3.49,3.43,0.01,0.29,2452702.1,849367.155
20160824,3.46,3.46,3.47,3.43,0.0,0.0,1214917.59,419551.552
20160825,3.46,3.45,3.46,3.43,0.0,0.0,1167287.97,402156.88
20160826,3.45,3.45,3.46,3.44,-0.01,-0.29,768900.92,265215.366
20160829,3.43,3.45,3.45,3.41,-0.02,-0.58,1058981.64,363265.964
20160830,3.45,3.43,3.45,3.43,0.02,0.58,789741.31,271945.373
20160831,3.47,3.45,3.48,3.45,0.02,0.58,794687.76,275335.285
20160901,3.48,3.48,3.49,3.47,0.01,0.29,1034714.81,359780.871
20160902,3.47,3.47,3.48,3.45,-0.01,-0.29,1109554.45,384803.325
20160905,3.46,3.47,3.48,3.45,-0.01,-0.29,1325549.9,458684.931
20160906,3.46,3.46,3.47,3.45,0.0,0.0,1138234.91,393870.4
20160907,3.45,3.45,3.46,3.44,-0.01,-0.29,1058957.8,365501.119
20160908,3.45,3.45,3.46,3.44,0.0,0.0,679218.3,234187.549
20160909,3.44,3.45,3.46,3.44,-0.01,-0.29,555101.84,191510.736
20160912,3.38,3.43,3.43,3.37,-0.06,-1.74,1722230.43,585984.089
20160913,3.38,3.38,3.4,3.38,0.0,0.0,868210.13,293824.716
20160914,3.34,3.37,3.38,3.32,-0.04,-1.18,1498286.92,500585.913
20160919,3.35,3.33,3.35,3.32,0.01,0.3,1282302.44,427761.581
20160920,3.34,3.35,3.35,3.33,-0.01,-0.3,639658.94,213745.965
20160921,3.38,3.35,3.39,3.33,0.04,1.2,1149378.29,387267.809
20160922,3.39,3.38,3.41,3.38,0.01,0.3,831975.2,282478.076
20160923,3.4,3.39,3.41,3.38,0.01,0.3,614349.77,208659.506
20160926,3.37,3.4,3.4,3.36,-0.03,-0.88,1427348.71,482593.59
20160927,3.38,3.37,3.39,3.35,0.01,0.3,1026919.81,345414.701
20160928,3.36,3.38,3.38,3.35,-0.02,-0.59,647078.56,217790.859
20160929,3.37,3.36,3.37,3.36,0.01,0.3,629300.05,211757.287
20160930,3.37,3.36,3.38,3.36,0.0,0.0,558087.02,188108.246
20161010,3.4,3.38,3.4,3.37,0.03,0.89,878880.67,297599.475
20161011,3.4,3.4,3.41,3.39,0.0,0.0,787140.64,267804.753
20161012,3.39,3.4,3.4,3.38,-0.01,-0.29,567345.72,192251.939
20161013,3.38,3.39,3.39,3.37,-0.01,-0.3,573759.89,193823.787
20161014,3.38,3.38,3.38,3.36,0.0,0.0,482511.07,162778.785
20161017,3.36,3.38,3.38,3.36,-0.02,-0.59,705591.95,237927.904
20161018,3.39,3.36,3.4,3.36,0.03,0.89,858029.26,289796.859
20161019,3.38,3.39,3.41,3.38,-0.01,-0.3,572840.81,194468.58
20161020,3.39,3.39,3.4,3.38,0.01,0.3,574197.53,194524.758
20161021,3.4,3.39,3.4,3.37,0.01,0.3,962500.89,325960.848
20161024,3.43,3.4,3.46,3.39,0.03,0.88,1870429.89,640311.567
20161025,3.44,3.43,3.45,3.43,0.01,0.29,1163384.57,400302.602
20161026,3.41,3.44,3.44,3.4,-0.03,-0.87,1058846.41,362211.08
20161027,3.39,3.41,3.41,3.37,-0.02,-0.59,1173967.06,397648.585
20161028,3.41,3.39,3.41,3.38,0.02,0.59,1543649.39,524644.052
20161031,3.39,3.4,3.4,3.38,-0.02,-0.59,876778.72,296709.884
20161101,3.4,3.38,3.4,3.38,0.01,0.3,844768.64,286129.061
20161102,3.38,3.39,3.4,3.37,-0.02,-0.59,1159490.1,391645.116
20161103,3.38,3.37,3.38,3.35,0.0,0.0,1177051.19,396395.806
20161104,3.37,3.37,3.38,3.35,-0.01,-0.3,1341744.66,451323.437
20161107,3.36,3.36,3.37,3.35,-0.01,-0.3,1142619.67,384009.542
20161108,3.38,3.36,3.4,3.36,0.02,0.6,2115554.42,715247.801
20161109,3.36,3.38,3.39,3.34,-0.02,-0.59,1949201.38,654987.885
20161110,3.38,3.37,3.39,3.36,0.02,0.6,1288245.3,435261.389
20161111,3.38,3.37,3.38,3.36,0.0,0.0,2051168.0,691201.441
20161114,3.4,3.37,3.4,3.37,0.02,0.59,2021906.29,684181.783
20161115,3.39,3.39,3.4,3.37,-0.01,-0.29,1079934.03,365579.967
20161116,3.39,3.39,3.39,3.37,0.0,0.0,1031188.85,348868.364
20161117,3.39,3.38,3.4,3.37,0.0,0.0,1214064.01,410616.935
20161118,3.38,3.39,3.39,3.37,-0.01,-0.3,766212.59,259175.546
20161121,3.41,3.37,3.42,3.37,0.03,0.89,2380776.64,808790.339
20161122,3.43,3.39,3.43,3.39,0.02,0.59,2675463.85,913003.174
20161123,3.45,3.42,3.48,3.42,0.02,0.58,3042022.92,1052048.399
20161124,3.45,3.45,3.46,3.44,0.0,0.0,1847221.34,637484.452
20161125,3.49,3.45,3.49,3.45,0.04,1.16,2134462.29,740905.138
20161128,3.54,3.5,3.57,3.49,0.05,1.43,3597553.08,1274123.636
20161129,3.56,3.54,3.57,3.51,0.02,0.57,2318710.52,820052.915
20161130,3.51,3.55,3.55,3.5,-0.05,-1.4,2082261.72,733271.745
20161201,3.52,3.51,3.54,3.49,0.01,0.28,1829476.89,643547.452
20161202,3.51,3.51,3.52,3.47,-0.01,-0.28,2436999.09,852755.897
20161205,3.51,3.5,3.52,3.48,0.0,0.0,2489244.08,871184.636
20161206,3.5,3.51,3.52,3.5,-0.01,-0.28,1879719.72,659640.97
20161207,3.5,3.5,3.51,3.49,0.0,0.0,1225432.6,428445.433
20161208,3.52,3.5,3.52,3.49,0.02,0.57,1330888.3,466457.565
20161209,3.59,3.51,3.62,3.51,0.07,1.99,3997332.18,1431617.712
20161212,3.64,3.6,3.74,3.58,0.05,1.39,5161055.88,1884088.323
20161213,3.58,3.62,3.63,3.54,-0.06,-1.65,2514281.55,901224.748
20161214,3.59,3.57,3.64,3.57,0.01,0.28,1816700.97,655858.063
20161215,3.48,3.57,3.58,3.47,-0.11,-3.06,2448474.68,858366.417
20161216,3.46,3.47,3.48,3.44,-0.02,-0.57,1314716.53,454437.841
20161219,3.46,3.45,3.47,3.43,0.0,0.0,1166836.11,402691.564
20161220,3.42,3.45,3.46,3.39,-0.04,-1.16,1753509.02,598468.699
20161221,3.46,3.42,3.46,3.41,0.04,1.17,1335347.48,459194.81
20161222,3.45,3.45,3.46,3.43,-0.01,-0.29,839098.12,288636.062
20161223,3.43,3.44,3.45,3.41,-0.02,-0.58,839833.8,287547.566
20161226,3.44,3.42,3.44,3.39,0.01,0.29,1179913.52,401998.934
20161227,3.41,3.43,3.44,3.41,-0.03,-0.87,762047.42,260620.877
20161228,3.42,3.41,3.43,3.4,0.01,0.29,765900.69,261629.926
20161229,3.42,3.41,3.44,3.4,0.0,0.0,862880.43,295211.843
20161230,3.44,3.42,3.44,3.42,0.02,0.58,807391.84,276936.993
20170103,3.47,3.44,3.48,3.43,0.03,0.87,1136877.63,393101.769
20170104,3.47,3.46,3.48,3.45,0.0,0.0,940023.32,325874.866
20170105,3.46,3.48,3.48,3.45,-0.01,-0.29,1210668.29,419460.951
20170106,3.44,3.46,3.46,3.42,-0.02,-0.58,1654384.51,568322.355
20170109,3.44,3.43,3.44,3.42,0.0,0.0,858158.24,294854.673
20170110,3.43,3.44,3.44,3.42,-0.01,-0.29,1160269.0,397931.356
20170111,3.43,3.43,3.45,3.42,0.0,0.0,1096605.85,376764.572
20170112,3.43,3.43,3.44,3.42,0.0,0.0,1114844.26,382888.017
20170113,3.46,3.42,3.46,3.42,0.03,0.87,1540889.29,530285.251
20170116,3.5,3.45,3.53,3.43,0.04,1.16,3769219.24,1310936.116
20170117,3.5,3.49,3.51,3.48,0.0,0.0,1023958.58,357658.594
20170118,3.51,3.5,3.52,3.49,0.01,0.29,1082665.31,379749.65
20170119,3.52,3.51,3.55,3.5,0.01,0.28,1438539.4,507492.447
20170120,3.52,3.51,3.52,3.5,0.0,0.0,764770.73,268706.129
20170123,3.51,3.52,3.52,3.5,-0.01,-0.28,1002335.39,351701.612
20170124,3.54,3.51,3.54,3.5,0.03,0.85,1830427.6,643221.406
20170125,3.54,3.53,3.54,3.52,0.0,0.0,821235.2,290252.479
20170126,3.58,3.54,3.59,3.53,0.04,1.13,1546623.24,551585.074
20170203,3.55,3.58,3.58,3.54,-0.03,-0.84,709481.31,252311.555
20170206,3.55,3.55,3.57,3.54,0.0,0.0,1117307.98,397025.161
20170207,3.54,3.55,3.56,3.52,-0.01,-0.28,1099419.68,388720.1
20170208,3.55,3.53,3.55,3.51,0.01,0.28,781484.21,276314.695
20170209,3.57,3.54,3.58,3.54,0.02,0.56,1039176.29,370388.709
20170210,3.6,3.57,3.6,3.57,0.03,0.84,1389181.24,498493.925
20170213,3.63,3.6,3.64,3.59,0.03,0.83,1648781.63,596931.229
20170214,3.62,3.63,3.63,3.6,-0.01,-0.28,1124224.8,406472.127
20170215,3.67,3.62,3.68,3.61,0.05,1.38,2632927.29,963148.138
20170216,3.69,3.68,3.7,3.66,0.02,0.55,1696187.2,624247.075
20170217,3.63,3.69,3.69,3.63,-0.06,-1.63,1405860.52,514191.685
20170220,3.69,3.64,3.72,3.63,0.06,1.65,3264161.12,1203698.917
20170221,3.71,3.7,3.76,3.69,0.02,0.54,2284056.38,851560.232
20170222,3.72,3.71,3.72,3.68,0.01,0.27,1165285.32,431352.226
20170223,3.73,3.71,3.75,3.71,0.01,0.27,1512760.87,564079.917
20170224,3.72,3.73,3.74,3.7,-0.01,-0.27,1136598.4,423163.914
20170227,3.69,3.71,3.72,3.67,-0.03,-0.81,1234880.62,455766.887
20170228,3.68,3.68,3.7,3.67,-0.01,-0.27,844897.76,311598.967
20170301,3.67,3.69,3.71,3.65,-0.01,-0.27,2320192.99,853745.53
20170302,3.67,3.68,3.69,3.66,0.0,0.0,1055153.99,388407.49
20170303,3.65,3.66,3.66,3.64,-0.02,-0.55,853942.1,311802.601
20170306,3.63,3.65,3.66,3.6,-0.02,-0.55,2883619.2,1047032.474
20170307,3.64,3.62,3.64,3.61,0.01,0.28,1284815.7,466152.91
20170308,3.64,3.63,3.64,3.62,0.0,0.0,723192.18,262694.123
20170309,3.64,3.63,3.65,3.62,0.0,0.0,1295450.77,470689.718
20170310,3.63,3.63,3.65,3.62,-0.01,-0.27,733924.56,266571.667
20170313,3.67,3.63,3.67,3.62,0.04,1.1,1127885.6,411240.563
20170314,3.66,3.67,3.68,3.65,-0.01,-0.27,828739.8,304053.754
20170315,3.66,3.65,3.66,3.64,0.0,0.0,786185.15,287155.374
20170316,3.68,3.66,3.69,3.65,0.02,0.55,1383186.57,508386.4
20170317,3.65,3.68,3.69,3.63,-0.03,-0.82,1352921.7,494939.008
20170320,3.67,3.64,3.67,3.64,0.02,0.55,1082878.85,395584.907
20170321,3.65,3.66,3.67,3.64,-0.02,-0.55,1378011.29,503350.132
20170322,3.6,3.64,3.65,3.59,-0.05,-1.37,1306290.85,471795.34
20170323,3.6,3.61,3.63,3.6,0.0,0.0,958359.65,346146.15
20170324,3.63,3.61,3.63,3.6,0.03,0.83,926763.68,334945.991
20170327,3.65,3.62,3.66,3.61,0.02,0.55,1289814.63,469414.84
20170328,3.64,3.66,3.66,3.63,-0.01,-0.27,789282.72,287463.475
20170329,3.65,3.64,3.66,3.63,0.01,0.27,1378980.08,503005.25
20170330,3.66,3.64,3.66,3.61,0.01,0.27,2028027.17,737890.533
20170331,3.7,3.65,3.71,3.64,0.04,1.09,1989880.36,732251.144
20170405,3.68,3.67,3.69,3.66,-0.02,-0.54,2824219.42,1037457.005
20170406,3.66,3.67,3.68,3.65,-0.02,-0.54,1470805.09,537950.568
20170407,3.64,3.65,3.66,3.62,-0.02,-0.55,1814205.39,659954.834
20170410,3.63,3.64,3.64,3.62,-0.01,-0.27,1175112.95,425878.878
20170411,3.62,3.62,3.63,3.6,-0.01,-0.28,1475141.01,533087.041
20170412,3.62,3.61,3.63,3.6,0.0,0.0,1652906.94,597235.914
20170413,3.63,3.62,3.64,3.61,0.01,0.28,1074171.05,389214.995
20170414,3.61,3.63,3.63,3.6,-0.02,-0.55,907923.63,327617.736
20170417,3.6,3.6,3.61,3.57,-0.01,-0.28,1533467.71,550936.115
20170418,3.57,3.6,3.6,3.57,-0.03,-0.83,1025860.46,367447.202
20170419,3.53,3.56,3.57,3.52,-0.04,-1.12,1360089.76,481740.193
20170420,3.51,3.53,3.54,3.5,-0.02,-0.57,1028507.1,361807.502
20170421,3.54,3.51,3.56,3.5,0.03,0.85,2010337.23,710345.955
20170424,3.57,3.54,3.58,3.53,0.03,0.85,1468619.22,521679.809
20170425,3.57,3.57,3.58,3.56,0.0,0.0,1027204.68,366599.907
20170426,3.58,3.57,3.59,3.57,0.01,0.28,1040941.71,372553.142
20170427,3.59,3.58,3.59,3.55,0.01,0.28,1054248.89,376308.395
20170428,3.59,3.58,3.59,3.57,0.0,0.0,995848.28,356451.36
20170502,3.56,3.58,3.58,3.55,-0.03,-0.84,660935.5,235471.595
20170503,3.53,3.55,3.56,3.52,-0.03,-0.84,846115.51,299184.578
20170504,3.53,3.53,3.54,3.52,0.0,0.0,746073.06,263116.131
20170505,3.54,3.52,3.56,3.49,0.01,0.28,1755678.64,616871.445
20170508,3.57,3.52,3.57,3.52,0.03,0.85,1380867.28,489265.006
20170509,3.57,3.55,3.58,3.54,0.0,0.0,781763.37,278482.772
20170510,3.58,3.56,3.6,3.56,0.01,0.28,1273373.1,455494.694
20170511,3.62,3.58,3.64,3.57,0.04,1.12,2226686.9,804582.903
20170512,3.67,3.61,3.69,3.6,0.05,1.38,2572711.1,939843.378
20170515,3.66,3.67,3.69,3.64,-0.01,-0.27,1308562.92,479712.512
20170516,3.63,3.66,3.67,3.61,-0.03,-0.82,1487192.79,538853.52
20170517,3.62,3.62,3.62,3.6,-0.01,-0.28,1021542.19,368484.343
20170518,3.61,3.6,3.62,3.59,-0.01,-0.28,767575.53,277075.439
20170519,3.61,3.61,3.62,3.6,0.0,0.0,547839.28,198104.398
20170522,3.63,3.61,3.65,3.61,0.02,0.55,1419499.91,515419.786
20170523,3.68,3.63,3.69,3.63,0.05,1.38,2569553.72,941923.519
20170524,3.66,3.67,3.69,3.63,-0.02,-0.54,1574098.75,575072.584
20170525,3.7,3.65,3.77,3.65,0.04,1.09,4897490.48,1815858.814
20170526,3.7,3.68,3.71,3.67,0.0,0.0,1849142.87,682831.495
20170531,3.73,3.7,3.74,3.69,0.03,0.81,2376482.23,884454.936
20170601,3.74,3.72,3.75,3.71,0.01,0.27,1758666.21,655552.885
20170602,3.72,3.74,3.78,3.72,-0.02,-0.53,1984124.34,743549.25
20170605,3.63,3.72,3.73,3.61,-0.09,-2.42,4349432.97,1588851.805
20170606,3.64,3.63,3.65,3.62,0.01,0.28,1102282.88,400733.983
20170607,3.67,3.64,3.68,3.63,0.03,0.82,1848347.4,676255.653
20170608,3.67,3.66,3.67,3.64,0.0,0.0,1121805.34,410061.842
20170609,3.66,3.67,3.69,3.64,-0.01,-0.27,2639452.58,966918.122
20170612,3.64,3.65,3.67,3.63,-0.02,-0.55,1748163.97,637843.732
20170613,3.64,3.63,3.65,3.62,0.0,0.0,999523.07,363302.073
20170614,3.63,3.64,3.64,3.61,-0.01,-0.27,1578235.85,571579.532
20170615,3.61,3.62,3.63,3.6,-0.02,-0.55,1166717.6,421205.434
20170616,3.62,3.61,3.62,3.6,0.01,0.28,808205.6,291866.539
20170619,3.61,3.61,3.63,3.6,-0.01,-0.28,1954731.89,706430.358
20170620,3.62,3.61,3.63,3.61,0.01,0.28,808578.77,292765.927
20170621,3.62,3.63,3.64,3.61,0.0,0.0,1271657.78,460986.919
20170622,3.65,3.62,3.69,3.62,0.03,0.83,4073816.2,1491490.389
20170623,3.67,3.64,3.67,3.63,0.02,0.55,1883922.87,687181.569
20170626,3.66,3.67,3.7,3.65,-0.01,-0.27,2848251.11,1047969.769
20170627,3.66,3.66,3.68,3.64,0.0,0.0,1565613.53,572464.192
20170628,3.67,3.66,3.68,3.65,0.01,0.27,1574377.96,577416.802
20170629,3.68,3.67,3.68,3.65,0.01,0.27,1285475.11,471580.193
20170630,3.7,3.67,3.7,3.66,0.02,0.54,1515554.99,558508.453
20170703,3.69,3.7,3.7,3.67,-0.01,-0.27,1540760.62,568024.844
20170704,3.68,3.68,3.7,3.66,-0.01,-0.27,1958475.63,720922.954
20170705,3.68,3.68,3.69,3.67,0.0,0.0,1427568.65,525016.204
20170706,3.67,3.68,3.69,3.66,-0.01,-0.27,1620708.41,595292.497
20170707,3.69,3.67,3.69,3.66,0.02,0.55,1625846.59,596907.79
20170710,3.69,3.68,3.7,3.67,0.0,0.0,1192888.73,439611.921
20170711,3.72,3.69,3.74,3.68,0.03,0.81,2810436.36,1044084.923
20170712,3.75,3.73,3.77,3.72,0.03,0.81,3264298.79,1224830.704
20170713,3.81,3.76,3.82,3.75,0.06,1.6,3598936.91,1362143.689
20170714,3.68,3.68,3.69,3.64,0.04,1.1,2808484.66,1029361.334
20170717,3.79,3.68,3.82,3.67,0.11,2.99,5965962.67,2241313.682
20170718,3.76,3.76,3.81,3.73,-0.03,-0.79,2753380.9,1037453.596
20170719,3.76,3.75,3.8,3.74,0.0,0.0,2841818.26,1073651.75
20170720,3.79,3.77,3.79,3.74,0.03,0.8,1947425.03,734255.265
20170721,3.78,3.78,3.8,3.76,-0.01,-0.26,1562146.01,590677.271
20170724,3.8,3.77,3.84,3.76,0.02,0.53,2928809.76,1116820.902
20170725,3.85,3.82,3.89,3.81,0.05,1.32,3314214.41,1277539.426
20170726,3.9,3.85,3.95,3.85,0.05,1.3,3018466.64,1179594.032
20170727,3.87,3.91,3.91,3.85,-0.03,-0.77,2080296.26,804503.847
20170728,3.88,3.85,3.89,3.82,0.01,0.26,1806945.14,696544.037
20170731,3.92,3.88,3.96,3.88,0.04,1.03,3417701.25,1342559.267
20170801,3.96,3.92,3.97,3.92,0.04,1.02,3090702.1,1218908.291
20170802,4.05,3.96,4.08,3.95,0.09,2.27,4048001.4,1629934.099
20170803,4.06,4.05,4.15,4.01,0.01,0.25,3280077.6,1335880.387
20170804,4.03,4.05,4.12,4.02,-0.03,-0.74,2308072.87,941242.406
20170807,4.01,4.02,4.06,3.97,-0.02,-0.5,1932155.02,773657.212
20170808,4.07,4.02,4.08,3.98,0.06,1.5,2062194.71,830761.036
20170809,3.98,4.05,4.07,3.98,-0.09,-2.21,2170013.55,870478.748
20170810,3.98,3.98,4.01,3.92,0.0,0.0,1767101.91,700633.552
20170811,3.95,3.94,3.96,3.85,-0.03,-0.75,3084360.47,1204543.449
20170814,3.91,3.92,3.94,3.88,-0.04,-1.01,1820417.17,711677.16
20170815,4.04,3.92,4.08,3.92,0.13,3.32,3773928.69,1519772.998
20170816,4.03,4.05,4.07,4.0,-0.01,-0.25,1787163.91,721752.714
20170817,4.02,4.03,4.03,3.98,-0.01,-0.25,1206993.99,483143.406
20170818,4.0,4.0,4.03,3.98,-0.02,-0.5,809031.51,323582.145
20170821,3.99,4.0,4.02,3.96,-0.01,-0.25,1122535.47,446651.476
20170822,4.0,3.99,4.01,3.96,0.01,0.25,1118382.35,446208.341
20170823,4.06,4.0,4.08,3.99,0.06,1.5,2155012.16,872645.205
20170824,4.06,4.06,4.13,4.05,0.0,0.0,1737967.36,709817.012
20170825,4.21,4.06,4.22,4.06,0.15,3.69,3654764.05,1518118.243
20170828,4.23,4.23,4.35,4.2,0.02,0.48,3060361.8,1301830.889
20170829,4.32,4.23,4.34,4.2,0.09,2.13,1972694.93,846061.64
20170830,4.27,4.3,4.37,4.24,-0.05,-1.16,1689206.3,726666.58
20170831,4.23,4.29,4.31,4.17,-0.04,-0.94,2731074.28,1154191.133
20170901,4.2,4.22,4.26,4.16,-0.03,-0.71,2069488.93,872286.173
20170904,4.21,4.2,4.23,4.13,0.01,0.24,1753730.02,735077.054
20170905,4.27,4.21,4.29,4.2,0.06,1.43,1727037.71,735330.078
20170906,4.26,4.25,4.28,4.22,-0.01,-0.23,1055339.15,448366.956
20170907,4.22,4.26,4.27,4.22,-0.04,-0.94,950621.36,403924.562
20170908,4.2,4.22,4.23,4.18,-0.02,-0.47,1067205.38,448259.605
20170911,4.2,4.21,4.26,4.19,0.0,0.0,990431.8,417924.021
20170912,4.2,4.2,4.22,4.15,0.0,0.0,1262195.47,528025.79
20170913,4.18,4.2,4.21,4.17,-0.02,-0.48,811830.34,340059.08
20170914,4.12,4.19,4.2,4.1,-0.06,-1.44,1776023.04,735750.536
20170915,4.06,4.1,4.11,4.02,-0.06,-1.46,1935670.36,786101.762
20170918,4.06,4.07,4.1,4.05,0.0,0.0,1454650.29,592596.231
20170919,4.08,4.08,4.08,4.03,0.02,0.49,1054721.15,428075.937
20170920,4.13,4.07,4.14,4.06,0.05,1.23,1190202.78,488808.831
20170921,4.16,4.12,4.17,4.09,0.03,0.73,1149239.3,475836.057
20170922,4.19,4.14,4.2,4.14,0.03,0.72,1137948.81,475392.176
20170925,4.23,4.19,4.24,4.16,0.04,0.95,1777316.75,746550.297
20170926,4.2,4.21,4.22,4.2,-0.03,-0.71,1016215.85,427707.896
20170927,4.15,4.2,4.22,4.13,-0.05,-1.19,1199438.58,499460.665
20170928,4.14,4.15,4.16,4.1,-0.01,-0.24,1351104.15,557600.507
20170929,4.12,4.13,4.16,4.11,-0.02,-0.48,964065.54,397737.17
20171009,4.12,4.24,4.28,4.08,0.0,0.0,3642799.65,1517043.854
20171010,4.14,4.13,4.14,4.1,0.02,0.49,1203859.62,496661.335
20171011,4.17,4.14,4.19,4.12,0.03,0.72,1555796.65,646721.307
20171012,4.16,4.18,4.18,4.14,-0.01,-0.24,1002978.07,417282.349
20171013,4.14,4.15,4.15,4.12,-0.02,-0.48,852854.95,352679.428
20171016,4.15,4.14,4.16,4.11,0.01,0.24,1230385.19,509555.113
20171017,4.14,4.15,4.16,4.13,-0.01,-0.24,788403.01,326576.903
20171018,4.17,4.14,4.19,4.11,0.03,0.72,2169264.91,899993.163
20171019,4.19,4.15,4.2,4.14,0.02,0.48,1913711.72,798971.782
20171020,4.17,4.17,4.18,4.15,-0.02,-0.48,783012.7,326404.324
20171023,4.11,4.16,4.17,4.11,-0.06,-1.44,1166569.4,482548.423
20171024,4.12,4.11,4.14,4.11,0.01,0.24,983712.37,405586.136
20171025,4.07,4.12,4.13,4.05,-0.05,-1.21,1424332.05,582807.013
20171026,4.0,4.07,4.08,3.97,-0.07,-1.72,3283930.1,1315258.389
20171027,4.03,3.99,4.06,3.98,0.03,0.75,2200481.92,885326.116
20171030,4.05,4.03,4.07,4.01,0.02,0.5,1887816.2,762817.173
20171031,3.94,4.02,4.02,3.93,-0.11,-2.72,2602046.02,1033764.068
20171101,3.91,3.94,3.95,3.89,-0.03,-0.76,2851530.68,1114170.49
20171102,3.89,3.9,3.91,3.85,-0.02,-0.51,2251534.43,873644.524
20171103,3.88,3.88,3.89,3.84,-0.01,-0.26,2348374.53,907732.575
20171106,3.87,3.86,3.88,3.84,-0.01,-0.26,1582816.73,610201.487
20171107,3.91,3.87,3.93,3.86,0.04,1.03,1743264.81,679990.72
20171108,3.95,3.92,3.95,3.9,0.04,1.02,1843293.23,724440.871
20171109,3.92,3.94,3.95,3.91,-0.03,-0.76,897700.75,352379.365
20171110,3.87,3.92,3.92,3.84,-0.05,-1.28,2016251.38,779390.238
20171113,3.89,3.86,3.91,3.84,0.02,0.52,3228153.71,1249739.87
20171114,3.88,3.87,3.88,3.85,-0.01,-0.26,1398778.27,541091.268
20171115,3.87,3.87,3.88,3.85,-0.01,-0.26,1114913.85,431465.817
20171116,3.84,3.87,3.87,3.83,-0.03,-0.78,1089082.26,419467.272
20171117,3.92,3.85,3.94,3.84,0.08,2.08,3309361.68,1288300.217
20171120,3.94,3.91,3.96,3.89,0.02,0.51,2318868.06,910722.203
20171121,3.92,3.94,3.98,3.91,-0.02,-0.51,3235809.94,1278062.021
20171122,4.03,3.94,4.04,3.93,0.11,2.81,4049244.2,1619053.793
20171123,4.0,4.02,4.07,3.97,-0.03,-0.74,3285173.93,1322386.582
20171124,4.0,3.99,4.03,3.96,0.0,0.0,1820823.53,726345.947
20171127,3.95,3.99,3.99,3.9,-0.05,-1.25,3030619.02,1194590.362
20171128,3.92,3.93,3.94,3.89,-0.03,-0.76,1587788.34,621184.791
20171129,3.93,3.92,3.95,3.88,0.01,0.26,1623786.87,635142.989
20171130,3.93,3.93,3.95,3.9,0.0,0.0,1312790.59,515510.997
20171201,3.92,3.93,3.95,3.89,-0.01,-0.25,1628340.81,637302.19
20171204,3.92,3.92,3.93,3.89,0.0,0.0,1153843.79,451271.381
20171205,3.98,3.92,4.02,3.9,0.06,1.53,3532412.07,1400856.517
20171206,3.96,3.98,4.0,3.94,-0.02,-0.5,1579115.63,627063.556
20171207,3.94,3.96,3.96,3.91,-0.02,-0.51,1281374.93,503892.047
20171208,3.92,3.94,3.94,3.91,-0.02,-0.51,963999.02,378011.749
20171211,3.93,3.92,3.93,3.9,0.01,0.26,1066767.87,417403.226
20171212,3.88,3.93,3.93,3.88,-0.05,-1.27,737593.42,287948.49
20171213,3.9,3.88,3.91,3.87,0.02,0.52,1123431.3,436717.951
20171214,3.89,3.91,3.93,3.88,-0.01,-0.26,936441.44,365450.553
20171215,3.86,3.9,3.9,3.86,-0.03,-0.77,999847.41,387113.427
20171218,3.86,3.88,3.89,3.85,0.0,0.0,786213.74,304298.077
20171219,3.89,3.87,3.9,3.86,0.03,0.78,1157838.03,449421.333
20171220,3.9,3.9,3.92,3.88,0.01,0.26,1369583.69,533882.563
20171221,3.9,3.9,3.92,3.89,0.0,0.0,1086534.49,423868.764
20171222,3.9,3.91,3.91,3.89,0.0,0.0,665921.67,259854.669
20171225,3.92,3.9,3.94,3.9,0.02,0.51,1471469.04,577416.674
20171226,3.95,3.92,3.97,3.91,0.03,0.77,1430029.4,563804.554
20171227,3.92,3.95,3.98,3.89,-0.03,-0.76,1561340.38,614249.354
20171228,3.93,3.9,3.95,3.9,0.01,0.26,1439195.32,564753.195
20171229,3.97,3.94,3.99,3.93,0.04,1.02,1946081.81,772256.6
20180102,3.98,3.98,4.05,3.93,0.01,0.25,4145078.64,1652037.087
20180103,4.0,3.97,4.02,3.96,0.02,0.5,1785283.67,713286.29
20180104,4.0,4.0,4.03,3.97,0.0,0.0,2234872.09,894052.849
20180105,3.98,4.0,4.01,3.96,-0.02,-0.5,2229380.96,888558.694
20180108,4.01,3.98,4.02,3.98,0.03,0.75,2264386.32,905194.019
20180109,3.96,4.01,4.01,3.95,-0.05,-1.25,2013494.2,801700.787
20180110,4.03,3.97,4.04,3.96,0.07,1.77,3468125.3,1391848.209
20180111,4.09,4.03,4.1,4.03,0.06,1.49,2447965.33,996213.93
20180112,4.09,4.09,4.12,4.07,0.0,0.0,1907362.94,780531.785
20180115,4.18,4.1,4.2,4.09,0.09,2.2,3977639.76,1654099.803
20180116,4.22,4.17,4.23,4.16,0.04,0.96,2602451.39,1090671.977
20180117,4.24,4.23,4.34,4.23,0.02,0.47,3768808.06,1612595.573
20180118,4.36,4.27,4.36,4.24,0.12,2.83,6363796.62,2727463.447
20180119,4.4,4.43,4.51,4.36,0.04,0.92,6453225.26,2858478.521
20180122,4.4,4.37,4.52,4.35,0.0,0.0,5073148.96,2252906.11
20180123,4.68,4.4,4.71,4.38,0.28,6.36,7059105.95,3197053.264
20180124,4.69,4.71,4.79,4.62,0.01,0.21,5447228.65,2557672.456
20180125,4.63,4.66,4.69,4.52,-0.06,-1.28,3595085.24,1654331.811
20180126,4.65,4.61,4.73,4.56,0.02,0.43,4304958.78,2003687.035
20180129,4.6,4.67,4.75,4.57,-0.05,-1.08,3798238.84,1771850.04
20180130,4.48,4.57,4.61,4.47,-0.12,-2.61,2773616.33,1254640.321
20180131,4.54,4.46,4.55,4.45,0.06,1.34,2788512.81,1257351.281
20180201,4.63,4.53,4.65,4.52,0.09,1.98,4103409.14,1887008.879
20180202,4.58,4.58,4.6,4.51,-0.05,-1.08,2642772.94,1206116.909
20180205,4.76,4.51,4.78,4.51,0.18,3.93,4689415.65,2195948.357
20180206,4.76,4.69,4.85,4.65,0.0,0.0,7037500.78,3336530.148
20180207,4.59,4.82,4.87,4.52,-0.17,-3.57,6581771.3,3092010.789
20180208,4.42,4.52,4.54,4.33,-0.17,-3.7,4964236.03,2195807.857
20180209,4.29,4.3,4.34,4.12,-0.13,-2.94,5639129.5,2379711.066
20180212,4.21,4.25,4.3,4.19,-0.08,-1.86,2519895.33,1065633.91
20180213,4.28,4.24,4.35,4.23,0.07,1.66,2606230.25,1117441.94
20180214,4.28,4.27,4.3,4.22,0.0,0.0,1350048.06,574960.649
20180222,4.37,4.34,4.4,4.34,0.09,2.1,1790126.55,781265.804
20180223,4.39,4.39,4.4,4.34,0.02,0.46,1463267.28,639912.823
20180226,4.4,4.42,4.48,4.36,0.01,0.23,2272187.21,1000452.762
20180227,4.32,4.4,4.4,4.3,-0.08,-1.82,2495357.86,1080786.655
20180228,4.23,4.27,4.28,4.21,-0.09,-2.08,1851422.58,785233.926
20180301,4.22,4.2,4.26,4.19,-0.01,-0.24,1608001.75,679437.23
20180302,4.17,4.2,4.2,4.14,-0.05,-1.18,1803034.45,751898.747
20180305,4.16,4.16,4.19,4.12,-0.01,-0.24,1463341.17,607329.372
20180306,4.19,4.17,4.21,4.13,0.03,0.72,1868327.59,778647.4
20180307,4.22,4.21,4.27,4.2,0.03,0.72,2149248.23,909904.669
20180308,4.2,4.22,4.22,4.18,-0.02,-0.47,1080629.93,454086.954
20180309,4.18,4.2,4.22,4.16,-0.02,-0.48,1331359.65,556996.025
20180312,4.17,4.2,4.21,4.16,-0.01,-0.24,1991254.57,831712.094
20180313,4.19,4.18,4.24,4.18,0.02,0.48,1832753.05,771540.703
20180314,4.17,4.18,4.19,4.15,-0.02,-0.48,1201859.33,501175.647
20180315,4.17,4.15,4.19,4.15,0.0,0.0,1135393.78,472986.419
20180316,4.13,4.17,4.18,4.13,-0.04,-0.96,1251893.01,520059.932
20180319,4.13,4.13,4.14,4.12,0.0,0.0,684128.88,282600.101
20180320,4.17,4.12,4.18,4.11,0.04,0.97,1066488.7,442658.681
20180321,4.17,4.17,4.19,4.16,0.0,0.0,1206873.69,503986.892
20180322,4.17,4.16,4.18,4.13,0.0,0.0,1230672.51,510790.071
20180323,4.12,4.11,4.13,4.03,-0.05,-1.2,3621844.21,1476263.636
20180326,3.99,4.08,4.09,3.96,-0.13,-3.16,2212064.59,887028.628
20180327,3.97,4.03,4.04,3.93,-0.02,-0.5,2961754.49,1174878.737
20180328,3.96,3.93,4.0,3.93,-0.01,-0.25,1908746.35,755564.402
20180329,3.99,3.96,4.02,3.91,0.03,0.76,2646958.06,1047743.809
20180330,3.93,3.99,3.99,3.91,-0.06,-1.5,3145108.66,1238838.004
20180402,3.88,3.93,3.94,3.87,-0.05,-1.27,2407525.95,939098.888
20180403,3.88,3.85,3.89,3.83,0.0,0.0,1665745.32,641096.814
20180404,3.85,3.87,3.89,3.85,-0.03,-0.77,1359653.37,526035.783
20180409,3.85,3.84,3.86,3.82,0.0,0.0,1414437.96,542898.521
20180410,3.93,3.85,3.94,3.83,0.08,2.08,2067727.53,804022.154
20180411,3.97,3.93,4.01,3.9,0.04,1.02,3647440.87,1443532.943
20180412,3.91,3.95,3.96,3.9,-0.06,-1.51,1738530.28,682424.626
20180413,3.87,3.95,3.95,3.86,-0.04,-1.02,1727824.61,674696.953
20180416,3.77,3.85,3.86,3.76,-0.1,-2.58,2728660.18,1037002.96
20180417,3.76,3.77,3.8,3.75,-0.01,-0.27,1233442.93,465653.376
20180418,3.78,3.81,3.81,3.76,0.02,0.53,1498720.65,567363.655
20180419,3.79,3.78,3.81,3.77,0.01,0.26,1143258.08,433414.384
20180420,3.78,3.78,3.79,3.74,-0.01,-0.26,1355795.73,510811.321
20180423,3.78,3.76,3.8,3.76,0.0,0.0,882178.4,333563.807
20180424,3.84,3.78,3.86,3.78,0.06,1.59,1755279.02,672561.762
20180425,3.8,3.82,3.83,3.79,-0.04,-1.04,912539.71,347588.036
20180426,3.79,3.81,3.81,3.76,-0.01,-0.26,1241289.02,469344.136
20180427,3.82,3.8,3.82,3.77,0.03,0.79,843452.88,320023.25
20180502,3.81,3.83,3.85,3.79,-0.01,-0.26,1516932.56,578784.874
20180503,3.82,3.8,3.83,3.79,0.01,0.26,1100367.98,419208.861
20180504,3.8,3.81,3.82,3.8,-0.02,-0.52,725473.54,276175.241
20180507,3.83,3.81,3.84,3.79,0.03,0.79,938442.53,358428.752
20180508,3.87,3.83,3.89,3.82,0.04,1.04,1710271.42,660591.822
20180509,3.88,3.87,3.88,3.85,0.01,0.26,707435.83,273672.99
20180510,3.88,3.88,3.9,3.86,0.0,0.0,608923.45,236297.028
20180511,3.9,3.89,3.92,3.87,0.02,0.52,1102501.2,429867.643
20180514,3.9,3.9,3.93,3.88,0.0,0.0,1476992.96,577177.185
20180515,3.89,3.91,3.91,3.87,-0.01,-0.26,791313.7,307528.065
20180516,3.85,3.88,3.88,3.85,-0.04,-1.03,808935.12,312428.67
20180517,3.85,3.85,3.86,3.84,0.0,0.0,603752.5,232456.905
20180518,3.9,3.85,3.9,3.84,0.05,1.3,969454.77,374943.379
20180521,3.91,3.91,3.93,3.89,0.01,0.26,910524.01,356017.083
20180522,3.88,3.91,3.91,3.85,-0.03,-0.77,1109494.72,429832.413
20180523,3.84,3.87,3.87,3.84,-0.04,-1.03,900734.32,346812.824
20180524,3.81,3.84,3.85,3.8,-0.03,-0.78,855375.06,326620.567
20180525,3.82,3.81,3.83,3.8,0.01,0.26,856703.61,326825.47
20180528,3.82,3.81,3.83,3.78,0.0,0.0,739925.74,281743.783
20180529,3.83,3.8,3.84,3.76,0.01,0.26,1232839.25,467902.808
20180530,3.76,3.8,3.8,3.76,-0.07,-1.83,914844.86,345733.403
20180531,3.77,3.78,3.78,3.75,0.01,0.27,1502957.75,565970.072
20180601,3.76,3.76,3.78,3.74,-0.01,-0.27,1135555.75,426565.977
20180604,3.79,3.77,3.8,3.76,0.03,0.8,926072.75,350443.543
20180605,3.79,3.79,3.8,3.77,0.0,0.0,654141.83,247581.764
20180606,3.77,3.79,3.79,3.76,-0.02,-0.53,717986.31,270564.55
20180607,3.78,3.78,3.8,3.77,0.01,0.27,842258.6,318534.766
20180608,3.74,3.77,3.78,3.73,-0.04,-1.06,1123330.62,420814.955
20180611,3.74,3.73,3.74,3.71,0.0,0.0,605607.49,225604.84
20180612,3.74,3.73,3.75,3.72,0.0,0.0,512860.75,191553.908
20180613,3.73,3.74,3.74,3.7,-0.01,-0.27,736163.49,273894.698
20180614,3.73,3.71,3.74,3.7,0.0,0.0,961411.11,357774.1
20180615,3.75,3.73,3.76,3.72,0.02,0.54,1293985.17,484481.62
20180619,3.76,3.73,3.78,3.71,0.01,0.27,3353293.25,1257476.258
20180620,3.73,3.75,3.75,3.72,-0.03,-0.8,985799.45,368448.802
20180621,3.74,3.73,3.76,3.72,0.01,0.27,954517.69,356735.625
20180622,3.74,3.72,3.74,3.71,0.0,0.0,635393.39,236969.5
20180625,3.7,3.75,3.76,3.68,-0.04,-1.07,997753.89,371426.31
20180626,3.65,3.68,3.68,3.6,-0.05,-1.35,1518735.68,552435.392
20180627,3.62,3.64,3.65,3.56,-0.03,-0.82,1373038.25,494805.48
20180628,3.56,3.59,3.61,3.55,-0.06,-1.66,1104128.88,394548.238
20180629,3.61,3.57,3.62,3.56,0.05,1.4,783895.64,281476.009
20180702,3.47,3.6,3.61,3.44,-0.14,-3.88,1458032.07,514094.944
20180703,3.51,3.46,3.51,3.46,0.04,1.15,1144619.57,398470.713
20180704,3.53,3.5,3.55,3.49,0.02,0.57,805551.49,284700.631
20180705,3.58,3.53,3.59,3.52,0.05,1.42,1124299.24,399589.078
20180706,3.6,3.58,3.63,3.56,0.02,0.56,930564.32,334260.257
20180709,3.75,3.61,3.77,3.6,0.15,4.17,1595540.47,591496.257
20180710,3.73,3.76,3.77,3.71,-0.02,-0.53,1216700.58,454540.911
20180711,3.72,3.67,3.73,3.66,-0.01,-0.27,1067486.71,395391.211
20180712,3.79,3.71,3.8,3.7,0.07,1.88,1531947.89,578327.272
20180713,3.56,3.62,3.62,3.55,-0.05,-1.39,1331837.3,476224.979
20180716,3.5,3.56,3.56,3.48,-0.06,-1.69,1159514.37,406754.572
20180717,3.48,3.5,3.5,3.46,-0.02,-0.57,724550.73,251812.63
20180718,3.46,3.49,3.52,3.46,-0.02,-0.57,1143951.41,398656.51
20180719,3.45,3.47,3.47,3.43,-0.01,-0.29,817322.09,281698.823
20180720,3.55,3.45,3.58,3.44,0.1,2.8986,1900679.03,666274.164
20180723,3.59,3.53,3.61,3.51,0.04,1.1268,1847498.04,658706.532
20180724,3.6,3.58,3.64,3.57,0.01,0.2786,1792713.52,646501.784
20180725,3.59,3.61,3.62,3.58,-0.01,-0.2778,962870.84,345851.059
20180726,3.57,3.6,3.62,3.55,-0.02,-0.5571,1106683.03,396098.413
20180727,3.56,3.56,3.57,3.54,-0.01,-0.2801,744067.25,264635.662
20180730,3.6,3.56,3.6,3.55,0.04,1.1236,1355354.06,485778.632
20180731,3.62,3.59,3.63,3.56,0.02,0.5556,1377296.82,496223.529
20180801,3.56,3.62,3.66,3.56,-0.06,-1.6575,1367886.45,494873.311
20180802,3.49,3.55,3.56,3.47,-0.07,-1.9663,1542858.11,541295.645
20180803,3.49,3.49,3.53,3.47,0.0,0.0,811588.67,284429.223
20180806,3.51,3.49,3.55,3.49,0.02,0.5731,1273357.92,448460.152
20180807,3.56,3.51,3.56,3.5,0.05,1.4245,1077872.53,380733.341
20180808,3.53,3.55,3.56,3.52,-0.03,-0.8427,837098.54,296446.995
20180809,3.56,3.52,3.57,3.51,0.03,0.8499,1027506.59,365327.736
20180810,3.54,3.56,3.57,3.53,-0.02,-0.5618,675915.11,239740.574
20180813,3.5,3.52,3.53,3.46,-0.04,-1.1299,1187737.74,414505.705
20180814,3.51,3.5,3.51,3.47,0.01,0.2857,793337.81,276735.7
20180815,3.45,3.5,3.51,3.45,-0.06,-1.7094,997123.38,345718.206
20180816,3.47,3.43,3.48,3.42,0.02,0.5797,928312.93,320171.584
20180817,3.45,3.48,3.48,3.44,-0.02,-0.5764,659357.06,228420.963
20180820,3.5,3.46,3.5,3.45,0.05,1.4493,859700.61,298902.578
20180821,3.52,3.5,3.54,3.48,0.02,0.5714,848025.76,298358.42
20180822,3.5,3.51,3.52,3.48,-0.02,-0.5682,397559.12,138974.88
20180823,3.5,3.5,3.52,3.48,0.0,0.0,601850.58,210801.297
20180824,3.53,3.5,3.57,3.48,0.03,0.8571,1094164.81,385979.287
20180827,3.55,3.54,3.56,3.53,0.02,0.5666,1202493.45,426447.905
20180828,3.56,3.55,3.58,3.55,0.01,0.2817,823086.42,293023.553
20180829,3.56,3.55,3.56,3.54,0.0,0.0,691687.2,245679.171
20180830,3.53,3.56,3.57,3.53,-0.03,-0.8427,685998.4,243617.398
20180831,3.55,3.54,3.58,3.53,0.02,0.5666,1484871.44,528290.111
20180903,3.55,3.55,3.56,3.53,0.0,0.0,715759.5,253800.114
20180904,3.58,3.55,3.59,3.53,0.03,0.8451,957912.24,341405.771
20180905,3.53,3.57,3.58,3.53,-0.05,-1.3966,871155.05,310068.876
20180906,3.5,3.53,3.54,3.5,-0.03,-0.8499,697145.77,245558.008
20180907,3.51,3.5,3.53,3.5,0.01,0.2857,576694.21,202569.956
20180910,3.52,3.5,3.53,3.49,0.01,0.2849,760781.78,267036.227
20180911,3.51,3.51,3.53,3.49,-0.01,-0.2841,726348.98,255049.386
20180912,3.49,3.5,3.51,3.47,-0.02,-0.5698,756009.59,263641.249
20180913,3.54,3.51,3.54,3.5,0.05,1.4327,889186.02,312830.766
20180914,3.54,3.54,3.55,3.53,0.0,0.0,694496.09,245841.019
20180917,3.52,3.53,3.54,3.51,-0.02,-0.565,552087.39,194403.162
20180918,3.55,3.53,3.55,3.51,0.03,0.8523,818803.81,289213.688
20180919,3.56,3.55,3.58,3.54,0.01,0.2817,1043857.05,372372.842
20180920,3.57,3.58,3.6,3.54,0.01,0.2809,1435554.28,512565.054
20180921,3.68,3.57,3.69,3.56,0.11,3.0812,2560870.5,931095.135
20180925,3.65,3.65,3.67,3.63,-0.03,-0.8152,1202825.57,439265.897
20180926,3.68,3.65,3.71,3.64,0.03,0.8219,1848279.18,679700.552
20180927,3.68,3.67,3.68,3.64,0.0,0.0,943095.97,345413.245
20180928,3.72,3.68,3.75,3.67,0.04,1.087,1985352.99,737552.743
20181008,3.62,3.66,3.66,3.59,-0.1,-2.6882,1838748.47,666850.47
20181009,3.59,3.61,3.62,3.58,-0.03,-0.8287,1154332.81,415013.616
20181010,3.6,3.6,3.62,3.58,0.01,0.2786,956795.85,344361.419
20181011,3.5,3.54,3.56,3.46,-0.1,-2.7778,2086083.61,734706.491
20181012,3.55,3.49,3.55,3.48,0.05,1.4286,1503899.49,528619.735
20181015,3.5,3.54,3.54,3.5,-0.05,-1.4085,927304.7,325759.227
20181016,3.51,3.51,3.54,3.5,0.01,0.2857,931223.86,327751.595
20181017,3.54,3.54,3.55,3.5,0.03,0.8547,1204742.05,425929.633
20181018,3.52,3.53,3.55,3.51,-0.02,-0.565,1198126.09,422328.356
20181019,3.61,3.5,3.62,3.49,0.09,2.5568,1832445.89,653312.259
20181022,3.7,3.62,3.72,3.61,0.09,2.4931,2406872.15,885486.572
20181023,3.62,3.68,3.69,3.61,-0.08,-2.1622,1571345.3,574517.215
20181024,3.68,3.62,3.73,3.62,0.06,1.6575,1985927.6,732076.417
20181025,3.71,3.63,3.71,3.62,0.03,0.8152,1241114.33,455801.494
20181026,3.71,3.71,3.73,3.68,0.0,0.0,1341019.45,497119.755
20181029,3.7,3.71,3.75,3.67,-0.01,-0.2695,1603527.22,593388.489
20181030,3.74,3.7,3.75,3.7,0.04,1.0811,1752243.49,653368.995
20181031,3.72,3.74,3.75,3.7,-0.02,-0.5348,1312283.48,487594.567
20181101,3.67,3.72,3.73,3.67,-0.05,-1.3441,1417772.96,524049.944
20181102,3.71,3.7,3.72,3.68,0.04,1.0899,1931240.33,714692.589
20181105,3.68,3.69,3.7,3.66,-0.03,-0.8086,1427463.92,524176.484
20181106,3.66,3.68,3.68,3.64,-0.02,-0.5435,1029527.91,376605.065
20181107,3.66,3.67,3.69,3.65,0.0,0.0,900570.52,330430.215
20181108,3.67,3.68,3.69,3.66,0.01,0.2732,696050.27,255935.295
20181109,3.59,3.66,3.66,3.59,-0.08,-2.1798,1607331.81,579555.998
20181112,3.61,3.59,3.62,3.58,0.02,0.5571,887611.18,319835.83
20181113,3.62,3.58,3.63,3.58,0.01,0.277,1105532.22,398465.46
20181114,3.58,3.62,3.62,3.56,-0.04,-1.105,1298225.1,467003.973
20181115,3.6,3.57,3.6,3.57,0.02,0.5587,1077387.55,386009.535
20181116,3.6,3.6,3.62,3.58,0.0,0.0,1322104.78,475848.701
20181119,3.64,3.61,3.64,3.6,0.04,1.1111,1027669.23,372695.966
20181120,3.6,3.63,3.63,3.6,-0.04,-1.0989,919524.93,332015.75
20181121,3.61,3.59,3.62,3.58,0.01,0.2778,624893.08,225295.813
20181122,3.61,3.62,3.62,3.59,0.0,0.0,480395.04,173197.119
20181123,3.59,3.6,3.62,3.58,-0.02,-0.554,848500.28,305391.156
20181126,3.6,3.59,3.62,3.59,0.01,0.2786,845413.75,304972.741
20181127,3.58,3.61,3.61,3.58,-0.02,-0.5556,585087.9,210396.779
20181128,3.6,3.58,3.62,3.58,0.02,0.5587,590109.92,212522.133
20181129,3.59,3.61,3.62,3.58,-0.01,-0.2778,544740.93,196095.268
20181130,3.61,3.58,3.61,3.58,0.02,0.5571,661552.48,237923.778
20181203,3.65,3.64,3.67,3.63,0.04,1.108,1198710.47,437470.952
20181204,3.66,3.65,3.66,3.64,0.01,0.274,603398.6,220235.599
20181205,3.64,3.63,3.65,3.63,-0.02,-0.5464,568002.75,206780.375
20181206,3.61,3.63,3.64,3.59,-0.03,-0.8242,702069.07,253166.601
20181207,3.6,3.61,3.61,3.59,-0.01,-0.277,325245.86,117159.18
20181210,3.57,3.59,3.6,3.56,-0.03,-0.8333,714778.92,255226.041
20181211,3.57,3.57,3.58,3.56,0.0,0.0,508926.78,181807.98
20181212,3.59,3.58,3.59,3.57,0.02,0.5602,478602.01,171300.929
20181213,3.6,3.59,3.62,3.57,0.01,0.2786,665103.66,239486.567
20181214,3.58,3.6,3.6,3.58,-0.02,-0.5556,808597.59,290191.025
20181217,3.61,3.58,3.61,3.57,0.03,0.838,699536.97,251602.166
20181218,3.59,3.59,3.61,3.57,-0.02,-0.554,706631.34,253775.925
20181219,3.58,3.6,3.6,3.57,-0.01,-0.2786,571657.05,205127.147
20181220,3.56,3.58,3.58,3.52,-0.02,-0.5587,1174377.38,416148.402
20181221,3.57,3.54,3.57,3.52,0.01,0.2809,1135300.58,402016.437
20181224,3.59,3.56,3.6,3.55,0.02,0.5602,849482.92,303204.38
20181225,3.61,3.58,3.63,3.56,0.02,0.5571,1406612.28,504802.791
20181226,3.63,3.61,3.63,3.6,0.02,0.554,930844.73,336418.728
20181227,3.63,3.63,3.66,3.63,0.0,0.0,1585879.03,577381.87
20181228,3.61,3.64,3.66,3.61,-0.02,-0.551,1088877.9,395914.627
20190102,3.54,3.62,3.63,3.53,-0.07,-1.9391,1228789.94,437066.741
20190103,3.55,3.54,3.57,3.52,0.01,0.2825,970303.94,343657.154
20190104,3.58,3.53,3.59,3.52,0.03,0.8451,1234965.14,439656.467
20190107,3.57,3.59,3.6,3.55,-0.01,-0.2793,1192289.83,425674.381
20190108,3.54,3.57,3.58,3.52,-0.03,-0.8403,1165244.13,412528.722
20190109,3.55,3.54,3.58,3.54,0.01,0.2825,1321237.27,470856.544
20190110,3.52,3.54,3.55,3.51,-0.03,-0.8451,1170581.62,413483.611
20190111,3.53,3.53,3.54,3.52,0.01,0.2841,772489.02,272580.819
20190114,3.5,3.53,3.54,3.49,-0.03,-0.8499,1103685.69,387488.479
20190115,3.52,3.51,3.53,3.5,0.02,0.5714,982826.06,345672.774
20190116,3.52,3.52,3.53,3.5,0.0,0.0,866184.76,304400.644
20190117,3.53,3.53,3.55,3.51,0.01,0.2841,1236762.48,436851.508
20190118,3.56,3.54,3.58,3.53,0.03,0.8499,1687326.41,600119.211
20190121,3.57,3.57,3.59,3.56,0.01,0.2809,1478469.41,528482.196
20190122,3.56,3.57,3.58,3.55,-0.01,-0.2801,1055966.34,376696.803
20190123,3.57,3.56,3.58,3.55,0.01,0.2809,678182.76,241944.256
20190124,3.59,3.57,3.59,3.56,0.02,0.5602,986739.94,353131.929
20190125,3.62,3.6,3.63,3.59,0.03,0.8357,1524470.63,551671.4
20190128,3.61,3.63,3.66,3.61,-0.01,-0.2762,1241048.74,451196.06
20190129,3.64,3.62,3.65,3.6,0.03,0.831,1310010.95,475376.155
20190130,3.63,3.64,3.65,3.62,-0.01,-0.2747,901650.61,328025.959
20190131,3.68,3.64,3.7,3.63,0.05,1.3774,1641248.22,602245.354
20190201,3.68,3.69,3.69,3.65,0.0,0.0,1265163.36,464025.474
20190211,3.67,3.66,3.67,3.63,-0.01,-0.2717,1134437.69,414749.447
20190212,3.68,3.67,3.7,3.66,0.01,0.2725,1273681.46,468728.683
20190213,3.72,3.69,3.72,3.68,0.04,1.087,1857436.78,686751.058
20190214,3.7,3.72,3.72,3.69,-0.02,-0.5376,1223240.84,452779.4
20190215,3.65,3.69,3.7,3.64,-0.05,-1.3514,1228347.71,450353.637
20190218,3.7,3.67,3.71,3.65,0.05,1.3699,1537243.49,566185.338
20190219,3.68,3.69,3.72,3.67,-0.02,-0.5405,1480271.79,546496.097
20190220,3.68,3.69,3.7,3.66,0.0,0.0,1013994.06,373022.665
20190221,3.67,3.68,3.7,3.66,-0.01,-0.2717,1253403.12,460267.642
20190222,3.69,3.66,3.7,3.64,0.02,0.545,1441606.67,527758.263
20190225,3.88,3.7,3.9,3.7,0.19,5.1491,4608368.63,1743206.0
20190226,3.84,3.87,3.9,3.82,-0.04,-1.0309,3542218.69,1369263.016
20190227,3.88,3.84,3.94,3.83,0.04,1.0417,3315369.62,1284646.675
20190228,3.84,3.88,3.88,3.83,-0.04,-1.0309,1823785.53,703371.274
20190301,3.9,3.85,3.91,3.82,0.06,1.5625,2158458.72,832469.889
20190304,3.92,3.92,4.0,3.92,0.02,0.5128,3865454.88,1525972.76
20190305,3.9,3.9,3.92,3.88,-0.02,-0.5102,2257337.6,879676.271
20190306,3.93,3.89,3.93,3.88,0.03,0.7692,2194504.31,857591.071
20190307,3.89,3.93,3.93,3.88,-0.04,-1.0178,2513716.17,980174.833
20190308,3.75,3.87,3.87,3.75,-0.14,-3.599,3026372.64,1153163.039
20190311,3.79,3.74,3.81,3.74,0.04,1.0667,1981058.36,744957.004
20190312,3.83,3.79,3.87,3.79,0.04,1.0554,2473382.81,948537.654
20190313,3.8,3.83,3.84,3.78,-0.03,-0.7833,1591609.39,605404.822
20190314,3.79,3.8,3.83,3.77,-0.01,-0.2632,1289655.89,489603.277
20190315,3.79,3.79,3.82,3.78,0.0,0.0,1518034.77,576286.4
20190318,3.84,3.79,3.84,3.77,0.05,1.3193,2130221.25,810252.154
20190319,3.81,3.84,3.85,3.8,-0.03,-0.7813,1601599.3,612210.961
20190320,3.79,3.81,3.82,3.77,-0.02,-0.5249,1648941.57,625758.991
20190321,3.79,3.8,3.82,3.79,0.0,0.0,1713723.57,652278.181
20190322,3.8,3.8,3.82,3.78,0.01,0.2639,1419561.23,539230.216
20190325,3.73,3.78,3.79,3.73,-0.07,-1.8421,1880806.78,707667.717
20190326,3.72,3.75,3.75,3.71,-0.01,-0.2681,1250035.07,465737.127
20190327,3.73,3.73,3.75,3.72,0.01,0.2688,1058660.45,395100.267
20190328,3.71,3.72,3.73,3.69,-0.02,-0.5362,1087031.18,403060.545
20190329,3.77,3.71,3.79,3.71,0.06,1.6173,1791174.95,672570.973
20190401,3.83,3.79,3.85,3.78,0.06,1.5915,2582306.72,986889.775
20190402,3.83,3.84,3.86,3.81,0.0,0.0,1891844.88,725560.502
20190403,3.84,3.81,3.85,3.79,0.01,0.2611,1603882.63,613302.317
20190404,3.89,3.85,3.89,3.84,0.05,1.3021,2279007.78,882506.429
20190408,3.9,3.91,3.96,3.87,0.01,0.2571,2570907.96,1007061.584
20190409,3.87,3.89,3.9,3.86,-0.03,-0.7692,1441181.01,559353.954
20190410,3.86,3.86,3.88,3.83,-0.01,-0.2584,1537021.32,591533.308
20190411,3.86,3.86,3.88,3.84,0.0,0.0,1674000.36,646657.1
20190412,3.87,3.87,3.89,3.85,0.01,0.2591,1204182.18,465897.677
20190415,3.89,3.91,3.97,3.89,0.02,0.5168,2521874.09,990145.793
20190416,4.0,3.88,4.01,3.86,0.11,2.8278,4150152.77,1644231.191
20190417,4.03,4.0,4.06,3.96,0.03,0.75,2658861.53,1066989.839
20190418,4.0,4.02,4.05,3.98,-0.03,-0.7444,1321604.15,530287.636
20190419,4.03,4.01,4.04,4.0,0.03,0.75,1403952.22,564827.148
20190422,3.93,4.04,4.05,3.92,-0.1,-2.4814,1960127.26,779353.764
20190423,3.95,3.93,3.97,3.92,0.02,0.5089,1795671.75,709238.465
20190424,3.91,3.96,3.96,3.88,-0.04,-1.0127,1584829.61,620707.184
20190425,3.89,3.9,3.91,3.87,-0.02,-0.5115,1802659.99,701316.761
20190426,3.86,3.87,3.89,3.84,-0.03,-0.7712,1881078.19,726570.843
20190429,3.89,3.87,3.91,3.86,0.03,0.7772,1303281.41,506658.302
20190430,3.89,3.89,3.9,3.85,0.0,0.0,1202558.37,466137.513
20190506,3.78,3.85,3.85,3.75,-0.11,-2.8278,2794927.83,1058062.524
20190507,3.78,3.79,3.8,3.75,0.0,0.0,1601775.14,604993.805
20190508,3.72,3.74,3.75,3.71,-0.06,-1.5873,1406953.78,525019.602
20190509,3.69,3.71,3.73,3.69,-0.03,-0.8065,1313930.19,487255.855
20190510,3.75,3.71,3.77,3.7,0.06,1.626,1338765.63,499529.09
20190513,3.71,3.72,3.78,3.65,-0.04,-1.0667,2991160.1,1110841.993
20190514,3.68,3.68,3.71,3.68,-0.03,-0.8086,1242213.43,458805.012
20190515,3.75,3.7,3.8,3.69,0.07,1.9022,2382684.85,886194.012
20190516,3.78,3.73,3.81,3.71,0.03,0.8,2704991.85,1013945.994
20190517,3.73,3.77,3.78,3.73,-0.05,-1.3228,1300947.99,488238.079
20190520,3.82,3.73,3.87,3.71,0.09,2.4129,4412539.11,1659814.454
20190521,3.8,3.78,3.83,3.78,-0.02,-0.5236,1390619.49,529551.885
20190522,3.81,3.8,3.83,3.79,0.01,0.2632,1053886.37,401538.528
20190523,3.79,3.8,3.84,3.74,-0.02,-0.5249,3281540.95,1243524.224
20190524,3.79,3.78,3.81,3.76,0.0,0.0,1776987.71,672974.952
20190527,3.81,3.79,3.83,3.78,0.02,0.5277,1330060.18,506237.153
20190528,3.84,3.81,3.85,3.81,0.03,0.7874,1455161.06,557803.594
20190529,3.84,3.83,3.87,3.82,0.0,0.0,1393843.88,535619.131
20190530,3.89,3.85,3.89,3.84,0.05,1.3021,1701937.8,658237.504
20190531,3.88,3.89,3.91,3.86,-0.01,-0.2571,1738628.12,675624.987
20190603,3.7,3.71,3.71,3.67,0.0,0.0,1463386.0,540206.958
20190604,3.7,3.7,3.7,3.68,0.0,0.0,743965.06,274667.42
20190605,3.72,3.71,3.74,3.7,0.02,0.5405,929622.32,346255.398
20190606,3.72,3.73,3.74,3.71,0.0,0.0,816815.95,304225.858
20190610,3.74,3.72,3.76,3.72,0.02,0.5376,961242.88,359938.483
20190611,3.76,3.75,3.77,3.74,0.02,0.5348,1202787.28,451083.714
20190612,3.73,3.75,3.75,3.72,-0.03,-0.7979,869146.5,324603.909
20190613,3.73,3.73,3.75,3.71,0.0,0.0,779231.54,290467.171
20190614,3.73,3.74,3.74,3.72,0.0,0.0,672997.89,250916.12
20190617,3.74,3.74,3.75,3.72,0.01,0.2681,593174.41,221605.638
20190618,3.76,3.75,3.76,3.73,0.02,0.5348,662740.63,248235.249
20190619,3.78,3.79,3.81,3.77,0.02,0.5319,1364942.25,516165.878
20190620,3.81,3.78,3.82,3.77,0.03,0.7937,1628549.55,618685.386
20190621,3.77,3.8,3.82,3.77,-0.04,-1.0499,1705513.38,646228.892
20190624,3.78,3.77,3.78,3.75,0.01,0.2653,800720.15,301566.26
20190625,3.75,3.78,3.79,3.74,-0.03,-0.7937,1120232.53,421526.31
20190626,3.74,3.75,3.75,3.73,-0.01,-0.2667,787183.33,294276.821
20190627,3.75,3.75,3.77,3.74,0.01,0.2674,1010140.91,379289.073
20190628,3.74,3.75,3.75,3.72,-0.01,-0.2667,748333.18,279232.692
20190701,3.76,3.77,3.78,3.75,0.02,0.5348,1209103.17,454538.93
20190702,3.77,3.75,3.77,3.75,0.01,0.266,961595.65,361435.331
20190703,3.77,3.77,3.78,3.75,0.0,0.0,1077087.84,405580.588
20190704,3.77,3.77,3.78,3.75,0.0,0.0,867535.02,326466.554
20190705,3.75,3.76,3.77,3.72,-0.02,-0.5305,1306967.74,489629.527
20190708,3.71,3.74,3.75,3.7,-0.04,-1.0667,1457831.99,541461.074
20190709,3.71,3.71,3.72,3.7,0.0,0.0,704486.39,261166.54
20190710,3.7,3.71,3.71,3.69,-0.01,-0.2695,593449.76,219782.637
20190711,3.71,3.71,3.72,3.7,0.01,0.2703,534319.74,198059.458
20190712,3.72,3.71,3.72,3.7,0.01,0.2695,876352.09,325359.136
20190715,3.7,3.71,3.72,3.67,-0.02,-0.5376,1023496.61,377968.611
20190716,3.69,3.7,3.7,3.68,-0.01,-0.2703,627449.74,231357.57
20190717,3.67,3.68,3.69,3.67,-0.02,-0.542,604066.41,221891.764
20190718,3.65,3.66,3.67,3.65,-0.02,-0.545,642862.42,234972.016
20190719,3.67,3.66,3.68,3.65,0.02,0.5479,862782.89,316421.857
20190722,3.67,3.68,3.69,3.66,0.0,0.0,881485.97,323996.37
20190723,3.69,3.67,3.7,3.66,0.02,0.545,818694.2,301393.398
20190724,3.69,3.7,3.71,3.69,0.0,0.0,718845.41,265849.881
20190725,3.7,3.7,3.71,3.69,0.01,0.271,823250.55,304358.439
20190726,3.7,3.69,3.71,3.69,0.0,0.0,585452.25,216612.802
20190729,3.7,3.7,3.71,3.69,0.0,0.0,603863.08,223206.863
20190730,3.72,3.7,3.72,3.69,0.02,0.5405,834793.5,309724.414
20190731,3.71,3.71,3.71,3.7,-0.01,-0.2688,570456.71,211437.636
20190801,3.68,3.7,3.71,3.67,-0.03,-0.8086,991038.31,364828.871
20190802,3.64,3.65,3.65,3.63,-0.04,-1.087,1012163.89,368348.477
20190805,3.58,3.63,3.63,3.57,-0.06,-1.6484,1180937.92,425784.276
20190806,3.53,3.54,3.55,3.51,-0.05,-1.3966,1348822.01,476033.446
20190807,3.52,3.54,3.55,3.52,-0.01,-0.2833,797948.15,281463.415
20190808,3.54,3.53,3.55,3.52,0.02,0.5682,951535.69,336786.681
20190809,3.56,3.55,3.57,3.54,0.02,0.565,801758.99,285519.289
20190812,3.58,3.56,3.59,3.55,0.02,0.5618,584973.19,209015.19
20190813,3.58,3.57,3.58,3.56,0.0,0.0,523089.71,186651.453
20190814,3.57,3.6,3.61,3.57,-0.01,-0.2793,493954.14,177384.891
20190815,3.58,3.54,3.58,3.53,0.01,0.2801,614620.98,218591.977
20190816,3.57,3.58,3.58,3.55,-0.01,-0.2793,527670.73,188287.973
20190819,3.58,3.57,3.58,3.52,0.01,0.2801,1231363.96,437466.463
20190820,3.56,3.57,3.58,3.55,-0.02,-0.5587,752119.57,267942.876
20190821,3.55,3.56,3.56,3.54,-0.01,-0.2809,350479.92,124582.957
20190822,3.54,3.56,3.57,3.54,-0.01,-0.2817,377050.6,133810.491
20190823,3.54,3.55,3.55,3.53,0.0,0.0,568022.81,201309.365
20190826,3.52,3.51,3.54,3.51,-0.02,-0.565,1006934.44,354272.532
20190827,3.57,3.53,3.57,3.52,0.05,1.4205,1074356.95,381671.573
20190828,3.54,3.56,3.56,3.53,-0.03,-0.8403,577894.35,204865.743
20190829,3.53,3.54,3.55,3.52,-0.01,-0.2825,577651.11,203976.694
20190830,3.53,3.55,3.55,3.52,0.0,0.0,718078.55,253773.061
20190902,3.54,3.53,3.55,3.53,0.01,0.2833,816756.6,289343.996
20190903,3.55,3.54,3.56,3.54,0.01,0.2825,816686.23,289541.989
20190904,3.6,3.55,3.6,3.54,0.05,1.4085,1344341.42,480610.234
20190905,3.62,3.6,3.65,3.6,0.02,0.5556,1315236.88,477791.0
20190906,3.63,3.64,3.64,3.61,0.01,0.2762,676896.81,245419.772
20190909,3.63,3.65,3.66,3.62,0.0,0.0,874353.28,317878.958
20190910,3.62,3.63,3.64,3.6,-0.01,-0.2755,695034.26,251350.48
20190911,3.66,3.63,3.66,3.62,0.04,1.105,1014533.82,369690.654
20190912,3.66,3.67,3.67,3.65,0.0,0.0,684945.13,250622.979
20190916,3.66,3.66,3.66,3.64,0.0,0.0,659080.33,240656.841
20190917,3.62,3.65,3.66,3.61,-0.04,-1.0929,743919.25,270427.719
20190918,3.6,3.63,3.63,3.6,-0.02,-0.5525,662587.57,239721.666
20190919,3.61,3.61,3.62,3.59,0.01,0.2778,655297.53,236133.441
20190920,3.61,3.62,3.63,3.6,0.0,0.0,1108780.48,400696.523
20190923,3.6,3.61,3.62,3.59,-0.01,-0.277,597553.86,215044.148
20190924,3.6,3.61,3.62,3.6,0.0,0.0,458020.34,165301.922
20190925,3.59,3.6,3.61,3.58,-0.01,-0.2778,576366.91,207230.967
20190926,3.61,3.6,3.63,3.59,0.02,0.5571,1055349.69,381409.008
20190927,3.6,3.61,3.61,3.57,-0.01,-0.277,963758.88,346171.199
20190930,3.58,3.59,3.61,3.58,-0.02,-0.5556,758779.57,273088.346
20191008,3.6,3.58,3.61,3.58,0.02,0.5587,800467.4,287623.931
20191009,3.62,3.58,3.63,3.58,0.02,0.5556,801752.91,289425.062
20191010,3.6,3.61,3.62,3.59,-0.02,-0.5525,774033.61,279001.764
20191011,3.64,3.61,3.64,3.6,0.04,1.1111,943238.06,341766.807
20191014,3.67,3.65,3.72,3.64,0.03,0.8242,2301238.03,847590.093
20191015,3.68,3.68,3.7,3.66,0.01,0.2725,1473141.61,542061.224
20191016,3.69,3.7,3.74,3.68,0.01,0.2717,1291627.95,478617.669
20191017,3.68,3.69,3.7,3.68,-0.01,-0.271,606141.55,223513.922
20191018,3.66,3.69,3.71,3.65,-0.02,-0.5435,853529.27,314127.79
20191021,3.69,3.65,3.69,3.65,0.03,0.8197,727080.59,267264.169
20191022,3.69,3.7,3.7,3.67,0.0,0.0,606629.89,223356.497
20191023,3.71,3.69,3.72,3.68,0.02,0.542,1088466.33,402986.545
20191024,3.75,3.71,3.77,3.7,0.04,1.0782,1603785.62,600169.958
20191025,3.73,3.75,3.75,3.7,-0.02,-0.5333,995772.23,371135.643
20191028,3.71,3.73,3.75,3.7,-0.02,-0.5362,870773.79,323847.116
20191029,3.69,3.71,3.72,3.68,-0.02,-0.5391,816341.77,302055.988
20191030,3.69,3.69,3.7,3.68,0.0,0.0,610384.1,225266.807
20191031,3.7,3.69,3.7,3.67,0.01,0.271,950240.15,350261.763
20191101,3.7,3.7,3.71,3.67,0.0,0.0,946797.45,349807.316
20191104,3.7,3.7,3.72,3.68,0.0,0.0,1179743.02,436007.52
20191105,3.72,3.7,3.74,3.68,0.02,0.5405,1655598.07,615510.108
20191106,3.74,3.71,3.75,3.7,0.02,0.5376,1289846.28,480832.613
20191107,3.73,3.74,3.75,3.72,-0.01,-0.2674,863782.35,322104.729
20191108,3.68,3.74,3.74,3.67,-0.05,-1.3405,1333101.11,493540.417
20191111,3.64,3.67,3.67,3.64,-0.04,-1.087,1017678.99,372190.088
20191112,3.66,3.65,3.66,3.63,0.02,0.5495,657330.57,239806.29
20191113,3.65,3.65,3.66,3.63,-0.01,-0.2732,772633.5,281570.823
20191114,3.62,3.65,3.65,3.61,-0.03,-0.8219,779964.63,282858.328
20191115,3.61,3.62,3.63,3.6,-0.01,-0.2762,895140.14,323618.638
20191118,3.62,3.61,3.63,3.59,0.01,0.277,775638.49,279805.066
20191119,3.63,3.61,3.64,3.61,0.01,0.2762,808677.14,293128.815
20191120,3.62,3.62,3.63,3.62,-0.01,-0.2755,587365.59,212968.371
20191121,3.63,3.62,3.63,3.6,0.01,0.2762,721672.34,260921.458
20191122,3.61,3.63,3.64,3.61,-0.02,-0.551,901479.5,326745.42
20191125,3.65,3.61,3.66,3.61,0.04,1.108,851332.02,309921.46
20191126,3.67,3.66,3.68,3.64,0.02,0.5479,1499970.57,549720.468
20191127,3.66,3.67,3.67,3.65,-0.01,-0.2725,476062.0,174163.846
20191128,3.65,3.66,3.66,3.64,-0.01,-0.2732,527415.32,192389.978
20191129,3.63,3.65,3.65,3.62,-0.02,-0.5479,801898.16,291818.921
20191202,3.62,3.64,3.64,3.62,-0.01,-0.2755,615655.45,223345.322
20191203,3.61,3.62,3.62,3.6,-0.01,-0.2762,801112.13,289097.624
20191204,3.6,3.6,3.61,3.6,-0.01,-0.277,613169.4,220916.842
20191205,3.62,3.61,3.62,3.6,0.02,0.5556,390014.53,140991.01
20191206,3.62,3.62,3.63,3.61,0.0,0.0,481996.79,174489.843
20191209,3.62,3.63,3.63,3.61,0.0,0.0,651003.23,235338.303
20191210,3.61,3.61,3.62,3.6,-0.01,-0.2762,625718.33,225871.618
20191211,3.61,3.62,3.62,3.61,0.0,0.0,435957.74,157518.102
20191212,3.61,3.62,3.62,3.6,0.0,0.0,597419.58,215437.273
20191213,3.65,3.62,3.66,3.61,0.04,1.108,1325996.89,482460.908
20191216,3.65,3.65,3.66,3.63,0.0,0.0,928639.47,338378.475
20191217,3.68,3.65,3.72,3.63,0.03,0.8219,1789517.1,657814.2
20191218,3.67,3.69,3.7,3.67,-0.01,-0.2717,852974.52,314018.339
20191219,3.69,3.67,3.7,3.66,0.02,0.545,796903.8,293715.87
20191220,3.7,3.68,3.7,3.68,0.01,0.271,679264.05,250627.05
20191223,3.67,3.7,3.7,3.66,-0.03,-0.8108,841476.46,309601.233
20191224,3.67,3.67,3.68,3.66,0.0,0.0,341212.62,125205.298
20191225,3.66,3.67,3.68,3.65,-0.01,-0.2725,597043.46,218750.87
20191226,3.68,3.66,3.68,3.65,0.02,0.5464,603516.24,221297.692
20191227,3.69,3.67,3.7,3.67,0.01,0.2717,974041.29,359291.225
20191230,3.71,3.68,3.71,3.66,0.02,0.542,1305398.7,481953.828
20191231,3.69,3.69,3.7,3.68,-0.02,-0.5391,742624.19,274306.466
20200102,3.72,3.71,3.74,3.7,0.03,0.813,1389909.99,517677.569
20200103,3.71,3.73,3.73,3.7,-0.01,-0.2688,857384.14,318451.779
20200106,3.69,3.7,3.72,3.68,-0.02,-0.5391,1371085.15,507089.538
20200107,3.72,3.69,3.74,3.69,0.03,0.813,1565238.2,582835.385
20200108,3.69,3.71,3.71,3.68,-0.03,-0.8065,1042787.56,385355.653
20200109,3.69,3.71,3.71,3.68,0.0,0.0,749714.43,276988.12
20200110,3.69,3.69,3.7,3.68,0.0,0.0,538334.54,198636.22
20200113,3.7,3.7,3.7,3.68,0.01,0.271,537304.88,198075.977
20200114,3.69,3.7,3.71,3.69,-0.01,-0.2703,733156.14,271401.452
20200115,3.67,3.7,3.7,3.66,-0.02,-0.542,677662.72,249199.279
20200116,3.65,3.68,3.68,3.65,-0.02,-0.545,883941.09,323356.85
20200117,3.65,3.65,3.67,3.65,0.0,0.0,642485.73,234889.781
20200120,3.66,3.65,3.67,3.64,0.01,0.274,676326.56,247328.426
20200121,3.64,3.65,3.66,3.64,-0.02,-0.5464,1032569.46,376391.787
20200122,3.64,3.64,3.65,3.62,0.0,0.0,998820.26,363233.784
20200123,3.61,3.64,3.64,3.6,-0.03,-0.8242,1413348.73,511803.559
20200203,3.43,3.41,3.52,3.36,-0.18,-4.9861,2615174.22,897228.515
20200204,3.5,3.42,3.53,3.41,0.07,2.0408,1705844.98,592455.302
20200205,3.5,3.5,3.52,3.47,0.0,0.0,1086777.26,380227.929
20200206,3.51,3.52,3.52,3.48,0.01,0.2857,1123485.85,393076.818
20200207,3.51,3.49,3.51,3.48,0.0,0.0,747153.52,260941.449
20200210,3.5,3.49,3.51,3.48,-0.01,-0.2849,773106.78,270223.16
20200211,3.53,3.51,3.54,3.5,0.03,0.8571,1007720.33,355240.357
20200212,3.54,3.53,3.55,3.52,0.01,0.2833,769606.59,272355.031
20200213,3.53,3.54,3.55,3.53,-0.01,-0.2825,746296.71,264202.86
20200214,3.56,3.52,3.57,3.52,0.03,0.8499,655540.28,232856.023
20200217,3.6,3.56,3.61,3.55,0.04,1.1236,913393.3,327517.286
20200218,3.58,3.59,3.61,3.58,-0.02,-0.5556,803011.4,288669.233
20200219,3.6,3.59,3.63,3.58,0.02,0.5587,926751.06,334672.661
20200220,3.63,3.61,3.64,3.59,0.03,0.8333,942578.61,340278.285
20200221,3.62,3.61,3.63,3.61,-0.01,-0.2755,799392.18,289239.861
20200224,3.59,3.6,3.61,3.59,-0.03,-0.8287,779094.32,280284.589
20200225,3.57,3.57,3.58,3.56,-0.02,-0.5571,956829.39,341616.951
20200226,3.6,3.55,3.61,3.54,0.03,0.8403,1201768.23,430565.437
20200227,3.62,3.6,3.62,3.59,0.02,0.5556,680800.08,245597.674
20200228,3.55,3.59,3.62,3.55,-0.07,-1.9337,1149836.62,411873.416
20200302,3.6,3.56,3.62,3.56,0.05,1.4085,1010955.57,362974.547
20200303,3.62,3.61,3.63,3.6,0.02,0.5556,1114738.9,403229.206
20200304,3.63,3.61,3.64,3.61,0.01,0.2762,701546.42,254464.269
20200305,3.66,3.64,3.67,3.64,0.03,0.8264,1194563.42,436961.499
20200306,3.63,3.65,3.66,3.63,-0.03,-0.8197,808703.06,294871.013
20200309,3.57,3.61,3.62,3.56,-0.06,-1.6529,1035165.39,370610.562
20200310,3.59,3.56,3.61,3.56,0.02,0.5602,968387.83,347366.126
20200311,3.59,3.6,3.62,3.58,0.0,0.0,906479.27,326330.007
20200312,3.58,3.58,3.59,3.56,-0.01,-0.2786,722892.23,258457.725
20200313,3.56,3.52,3.58,3.51,-0.02,-0.5587,1172754.53,414841.895
20200316,3.54,3.57,3.58,3.52,-0.02,-0.5618,1095700.81,389582.113
20200317,3.56,3.53,3.57,3.51,0.02,0.565,1202059.33,426049.018
20200318,3.5,3.55,3.56,3.5,-0.06,-1.6854,835100.5,294794.341
20200319,3.46,3.48,3.51,3.41,-0.04,-1.1429,1205186.65,417111.074
20200320,3.5,3.48,3.53,3.45,0.04,1.1561,1021477.0,355948.533
20200323,3.44,3.48,3.48,3.43,-0.06,-1.7143,822941.52,283847.805
20200324,3.48,3.47,3.5,3.46,0.04,1.1628,937394.16,326506.431
20200325,3.51,3.51,3.53,3.5,0.03,0.8621,857867.22,301256.145
20200326,3.51,3.5,3.53,3.49,0.0,0.0,854189.99,299788.697
20200327,3.52,3.53,3.54,3.51,0.01,0.2849,702523.29,247524.156
20200330,3.52,3.51,3.52,3.5,0.0,0.0,814390.44,286059.356
20200331,3.48,3.53,3.54,3.48,-0.04,-1.1364,696184.42,244044.476
20200401,3.48,3.49,3.51,3.48,0.0,0.0,661603.46,230970.402
20200402,3.5,3.47,3.5,3.46,0.02,0.5747,749382.67,260638.936
20200403,3.49,3.49,3.5,3.48,-0.01,-0.2857,561932.51,196240.554
20200407,3.51,3.52,3.53,3.5,0.02,0.5731,821410.37,288363.614
20200408,3.49,3.5,3.5,3.48,-0.02,-0.5698,552744.95,192930.08
20200409,3.49,3.5,3.5,3.49,0.0,0.0,358580.62,125252.988
20200410,3.5,3.49,3.51,3.48,0.01,0.2865,654514.23,228922.894
20200413,3.52,3.5,3.53,3.49,0.02,0.5714,598154.74,210108.115
20200414,3.53,3.52,3.54,3.51,0.01,0.2841,607840.73,214302.946
20200415,3.54,3.53,3.54,3.52,0.01,0.2833,575698.68,203104.198
20200416,3.55,3.52,3.56,3.52,0.01,0.2825,579435.32,205154.359
20200417,3.58,3.56,3.59,3.54,0.03,0.8451,867263.27,309640.897
20200420,3.55,3.57,3.58,3.54,-0.03,-0.838,774291.41,275753.546
20200421,3.56,3.54,3.56,3.53,0.01,0.2817,589821.65,209258.804
20200422,3.53,3.55,3.58,3.52,-0.03,-0.8427,1113622.52,394996.106
20200423,3.46,3.49,3.49,3.42,-0.07,-1.983,1804053.86,624015.263
20200424,3.43,3.45,3.45,3.43,-0.03,-0.8671,810854.43,278912.955
20200427,3.44,3.43,3.46,3.43,0.01,0.2915,860388.52,296373.967
20200428,3.43,3.44,3.44,3.41,-0.01,-0.2907,650412.82,222862.527
20200429,3.46,3.44,3.46,3.43,0.03,0.8746,515771.84,177781.182
20200430,3.48,3.46,3.49,3.46,0.02,0.578,795634.9,276617.669
20200506,3.45,3.44,3.46,3.43,-0.03,-0.8621,947945.63,326087.157
20200507,3.44,3.44,3.45,3.43,-0.01,-0.2899,612246.95,210658.626
20200508,3.46,3.45,3.47,3.44,0.02,0.5814,557565.86,192821.048
20200511,3.46,3.46,3.47,3.45,0.0,0.0,425542.98,147453.854
20200512,3.44,3.46,3.47,3.44,-0.02,-0.578,578508.57,199936.065
20200513,3.46,3.45,3.47,3.44,0.02,0.5814,494382.6,170638.207
20200514,3.45,3.46,3.46,3.44,-0.01,-0.289,351512.7,121161.097
20200515,3.45,3.46,3.46,3.44,0.0,0.0,324325.94,112018.091
20200518,3.45,3.45,3.47,3.44,0.0,0.0,438387.09,151565.434
20200519,3.46,3.47,3.47,3.45,0.01,0.2899,422776.83,146351.937
20200520,3.47,3.46,3.47,3.45,0.01,0.289,408400.82,141241.958
20200521,3.45,3.47,3.47,3.45,-0.02,-0.5764,414721.2,143521.781
20200522,3.42,3.45,3.46,3.42,-0.03,-0.8696,708899.11,243999.2
20200525,3.44,3.43,3.44,3.42,0.02,0.5848,390813.55,134024.686
20200526,3.43,3.44,3.45,3.43,-0.01,-0.2907,381006.41,130947.178
20200527,3.45,3.43,3.45,3.43,0.02,0.5831,527542.7,181684.471
20200528,3.47,3.45,3.48,3.44,0.02,0.5797,662906.71,229805.812
20200529,3.45,3.46,3.47,3.45,-0.02,-0.5764,548737.05,189694.816
20200601,3.47,3.46,3.48,3.45,0.02,0.5797,556597.19,193263.657
20200602,3.48,3.47,3.5,3.46,0.01,0.2882,609186.7,212231.166
20200603,3.5,3.5,3.52,3.49,0.02,0.5747,678517.2,237976.584
20200604,3.5,3.52,3.52,3.5,0.0,0.0,494643.55,173462.573
20200605,3.5,3.5,3.51,3.49,0.0,0.0,535643.21,187390.65
20200608,3.51,3.5,3.51,3.49,0.01,0.2857,562781.74,197075.484
20200609,3.51,3.51,3.51,3.49,0.0,0.0,417451.51,146286.949
20200610,3.5,3.51,3.51,3.49,-0.01,-0.2849,481802.27,168810.7
20200611,3.48,3.5,3.5,3.48,-0.02,-0.5714,568239.96,198109.797
20200612,3.48,3.47,3.48,3.45,0.0,0.0,610064.26,211543.965
20200615,3.44,3.46,3.47,3.44,-0.04,-1.1494,668825.57,230958.547
20200616,3.47,3.46,3.47,3.44,0.03,0.8721,504790.94,174556.289
20200617,3.46,3.46,3.47,3.45,-0.01,-0.2882,352506.94,121989.39
20200618,3.46,3.45,3.47,3.45,0.0,0.0,476710.03,164869.306
20200619,3.47,3.47,3.48,3.45,0.01,0.289,1082884.14,375205.955
20200622,3.46,3.46,3.48,3.45,-0.01,-0.2882,599355.49,207691.684
20200623,3.44,3.45,3.46,3.44,-0.02,-0.578,649583.82,223942.635
20200624,3.46,3.45,3.47,3.44,0.02,0.5814,608271.31,210145.557
20200629,3.47,3.46,3.48,3.46,0.01,0.289,672794.1,233236.805
20200630,3.48,3.48,3.49,3.46,0.01,0.2882,676550.15,235147.984
20200701,3.5,3.48,3.51,3.47,0.02,0.5747,771641.71,269208.315
20200702,3.58,3.51,3.58,3.5,0.08,2.2857,1474559.29,521362.074
20200703,3.63,3.58,3.64,3.57,0.05,1.3966,1606935.47,581025.916
20200706,3.87,3.64,3.89,3.64,0.24,6.6116,3559849.06,1348192.002
20200707,3.82,3.9,3.96,3.81,-0.05,-1.292,2748167.89,1062190.256
20200708,3.82,3.82,3.87,3.79,0.0,0.0,2519224.27,963344.737
20200709,3.77,3.81,3.82,3.75,-0.05,-1.3089,2001802.01,755771.079
20200710,3.67,3.77,3.77,3.65,-0.1,-2.6525,2438752.16,901824.981
20200713,3.69,3.66,3.74,3.65,0.02,0.545,2764324.04,1021366.901
20200714,3.67,3.69,3.71,3.66,-0.02,-0.542,2152974.09,792143.253
20200715,3.43,3.5,3.51,3.42,-0.05,-1.4368,2116308.19,728534.835
20200716,3.4,3.43,3.46,3.39,-0.03,-0.8746,1744660.21,597954.836
20200717,3.41,3.41,3.42,3.39,0.01,0.2941,1200051.63,408117.388
20200720,3.46,3.42,3.47,3.4,0.05,1.4663,1293338.86,444795.237
20200721,3.43,3.46,3.47,3.43,-0.03,-0.8671,773799.08,266174.559
20200722,3.43,3.43,3.47,3.43,0.0,0.0,1213082.65,418148.021
20200723,3.41,3.43,3.43,3.39,-0.02,-0.5831,1200131.04,408803.175
20200724,3.35,3.4,3.41,3.34,-0.06,-1.7595,1532505.95,516649.033
20200727,3.33,3.36,3.37,3.33,-0.02,-0.597,1006207.12,336790.054
20200728,3.33,3.35,3.36,3.33,0.0,0.0,836588.42,279663.419
20200729,3.37,3.33,3.37,3.32,0.04,1.2012,1099517.75,368477.805
20200730,3.34,3.36,3.37,3.34,-0.03,-0.8902,768503.0,257650.184
20200731,3.33,3.34,3.37,3.32,-0.01,-0.2994,1427033.75,476633.708
20200803,3.34,3.34,3.36,3.33,0.01,0.3003,1465130.07,489198.331
20200804,3.38,3.35,3.39,3.33,0.04,1.1976,1861095.99,626250.178
20200805,3.35,3.38,3.38,3.34,-0.03,-0.8876,898573.85,301366.774
20200806,3.36,3.36,3.37,3.33,0.01,0.2985,1034738.16,346518.559
20200807,3.34,3.36,3.36,3.33,-0.02,-0.5952,1009984.78,337628.612
20200810,3.35,3.35,3.37,3.33,0.01,0.2994,1192024.65,399449.484
20200811,3.35,3.36,3.37,3.34,0.0,0.0,1954798.58,655842.254
20200812,3.34,3.35,3.35,3.32,-0.01,-0.2985,1591243.83,530477.938
20200813,3.33,3.34,3.34,3.33,-0.01,-0.2994,848300.65,282733.46
20200814,3.35,3.34,3.36,3.33,0.02,0.6006,892996.78,298427.204
20200817,3.4,3.35,3.41,3.34,0.05,1.4925,2898816.29,980343.848
20200818,3.36,3.39,3.4,3.35,-0.04,-1.1765,1547347.04,521323.674
20200819,3.34,3.37,3.37,3.34,-0.02,-0.5952,1073043.32,359872.182
20200820,3.33,3.34,3.35,3.32,-0.01,-0.2994,1609978.97,536221.022
20200821,3.33,3.34,3.34,3.32,0.0,0.0,895426.0,298409.038
20200824,3.32,3.34,3.34,3.32,-0.01,-0.3003,1471333.22,489435.743
20200825,3.32,3.33,3.33,3.31,0.0,0.0,1195397.91,396642.242
20200826,3.29,3.31,3.32,3.29,-0.03,-0.9036,1367679.07,451301.656
20200827,3.28,3.29,3.3,3.26,-0.01,-0.304,1208980.08,395854.884
20200828,3.3,3.27,3.3,3.26,0.02,0.6098,1662965.47,545248.488
20200831,3.28,3.3,3.3,3.26,-0.02,-0.6061,2237494.48,734805.066
20200901,3.25,3.26,3.27,3.24,-0.03,-0.9146,1869807.66,608502.043
20200902,3.22,3.25,3.26,3.21,-0.03,-0.9231,1664738.35,537366.007
20200903,3.22,3.22,3.23,3.21,0.0,0.0,1209571.81,389088.101
20200904,3.2,3.2,3.21,3.18,-0.02,-0.6211,1380060.84,440747.521
20200907,3.19,3.2,3.21,3.18,-0.01,-0.3125,1379812.21,440745.692
20200908,3.21,3.19,3.22,3.18,0.02,0.627,1095573.83,351072.353
20200909,3.21,3.2,3.22,3.2,0.0,0.0,1035868.55,332548.522
20200910,3.2,3.22,3.22,3.19,-0.01,-0.3115,1126167.1,360213.036
20200911,3.2,3.19,3.21,3.19,0.0,0.0,932805.21,298539.025
20200914,3.21,3.2,3.21,3.19,0.01,0.3125,541720.56,173406.387
20200915,3.21,3.2,3.22,3.2,0.0,0.0,769826.03,247088.673
20200916,3.21,3.2,3.22,3.2,0.0,0.0,638137.75,204916.422
20200917,3.21,3.21,3.22,3.2,0.0,0.0,630050.25,202104.507
20200918,3.24,3.21,3.24,3.2,0.03,0.9346,1640568.24,528428.031
20200921,3.22,3.23,3.24,3.22,-0.02,-0.6173,885510.66,285806.088
20200922,3.2,3.22,3.23,3.2,-0.02,-0.6211,1106760.84,355498.431
20200923,3.21,3.21,3.22,3.2,0.01,0.3125,741478.45,237819.511
20200924,3.2,3.21,3.21,3.18,-0.01,-0.3115,907282.99,289673.972
20200925,3.19,3.2,3.2,3.19,-0.01,-0.3125,591453.25,188929.52
20200928,3.24,3.2,3.26,3.19,0.05,1.5674,1669771.17,537441.058
20200929,3.2,3.24,3.25,3.2,-0.04,-1.2346,950137.73,306542.626
20200930,3.2,3.21,3.21,3.19,0.0,0.0,977042.38,312752.563
20201009,3.21,3.21,3.22,3.2,0.01,0.3125,876329.41,281347.381
20201012,3.23,3.21,3.25,3.21,0.02,0.6231,1393671.44,449919.514
20201013,3.21,3.23,3.24,3.2,-0.02,-0.6192,1772980.09,568493.198
20201014,3.2,3.21,3.21,3.19,-0.01,-0.3115,904424.93,288982.099
20201015,3.21,3.2,3.22,3.19,0.01,0.3125,935391.49,299927.79
20201016,3.23,3.21,3.24,3.2,0.02,0.6231,1649664.53,532225.255
20201019,3.24,3.24,3.28,3.22,0.01,0.3096,2462122.41,800966.938
20201020,3.21,3.24,3.24,3.2,-0.03,-0.9259,1221638.13,392897.039
20201021,3.24,3.21,3.24,3.2,0.03,0.9346,1189118.0,382900.658
20201022,3.23,3.23,3.24,3.22,-0.01,-0.3086,863573.9,278590.47
20201023,3.24,3.23,3.25,3.21,0.01,0.3096,1199214.94,388115.184
20201026,3.24,3.24,3.24,3.22,0.0,0.0,1110921.35,358561.51
20201027,3.23,3.23,3.24,3.22,-0.01,-0.3086,1023829.86,330335.924
20201028,3.21,3.22,3.23,3.2,-0.02,-0.6192,938677.63,301101.45
20201029,3.19,3.2,3.2,3.19,-0.02,-0.6231,1063629.78,339760.275
20201030,3.18,3.2,3.21,3.18,-0.01,-0.3135,975250.22,311067.349
20201102,3.19,3.18,3.2,3.18,0.01,0.3145,800719.98,255113.296
20201103,3.2,3.19,3.21,3.19,0.01,0.3135,768211.76,245684.116
20201104,3.2,3.21,3.21,3.19,0.0,0.0,774830.51,248067.71
20201105,3.2,3.21,3.22,3.2,0.0,0.0,833291.71,267228.906
20201106,3.21,3.21,3.22,3.2,0.01,0.3125,877201.0,281422.538
20201109,3.22,3.22,3.23,3.21,0.01,0.3115,1125211.71,362329.84
20201110,3.22,3.22,3.24,3.22,0.0,0.0,1199145.73,387502.329
20201111,3.24,3.22,3.25,3.22,0.02,0.6211,1347031.68,436012.395
20201112,3.23,3.24,3.24,3.22,-0.01,-0.3086,970487.59,313542.064
20201113,3.22,3.22,3.23,3.21,-0.01,-0.3096,785476.47,252558.583
20201116,3.23,3.22,3.23,3.21,0.01,0.3106,709309.04,228679.112
20201117,3.23,3.22,3.24,3.22,0.0,0.0,771426.25,249098.26
20201118,3.24,3.23,3.26,3.22,0.01,0.3096,1351101.29,438407.035
20201119,3.24,3.24,3.25,3.23,0.0,0.0,751054.95,243232.052
20201120,3.23,3.24,3.24,3.22,-0.01,-0.3086,800954.86,258916.184
20201123,3.25,3.24,3.26,3.23,0.02,0.6192,1439273.72,467296.011
20201124,3.26,3.25,3.28,3.25,0.01,0.3077,1444818.33,471837.831
20201125,3.24,3.27,3.28,3.24,-0.02,-0.6135,1013064.4,330327.708
20201126,3.25,3.24,3.26,3.23,0.01,0.3086,702894.61,228516.549
20201127,3.33,3.26,3.33,3.25,0.08,2.4615,2975783.83,980762.533
20201130,3.3,3.35,3.42,3.3,-0.03,-0.9009,4558613.16,1534469.081
20201201,3.36,3.29,3.38,3.27,0.06,1.8182,2446454.16,814815.221
20201202,3.33,3.36,3.37,3.33,-0.03,-0.8929,1443487.02,482603.72
20201203,3.31,3.34,3.34,3.3,-0.02,-0.6006,1682989.23,557582.057
20201204,3.28,3.31,3.32,3.27,-0.03,-0.9063,1341176.85,440373.786
20201207,3.25,3.28,3.28,3.25,-0.03,-0.9146,1489540.35,485531.273
20201208,3.24,3.25,3.27,3.23,-0.01,-0.3077,865219.5,281122.403
20201209,3.23,3.24,3.25,3.23,-0.01,-0.3086,1172718.62,379734.42
20201210,3.22,3.23,3.23,3.21,-0.01,-0.3096,1233300.1,397269.949
20201211,3.21,3.22,3.22,3.2,-0.01,-0.3106,2242751.51,719080.113
20201214,3.2,3.21,3.23,3.19,-0.01,-0.3115,1686209.17,540389.734
20201215,3.18,3.2,3.21,3.17,-0.02,-0.625,2173822.57,692039.1
20201216,3.18,3.18,3.19,3.17,0.0,0.0,1051477.88,334371.426
20201217,3.19,3.18,3.2,3.16,0.01,0.3145,1169992.19,372116.128
20201218,3.18,3.19,3.19,3.18,-0.01,-0.3135,777231.16,247401.408
20201221,3.19,3.18,3.19,3.17,0.01,0.3145,678593.33,215888.047
20201222,3.16,3.18,3.19,3.16,-0.03,-0.9404,1043095.22,330900.19
20201223,3.16,3.17,3.17,3.16,0.0,0.0,680091.61,215142.558
20201224,3.17,3.16,3.18,3.16,0.01,0.3165,674957.63,213769.488
20201225,3.18,3.17,3.18,3.16,0.01,0.3155,651709.0,206582.442
20201228,3.17,3.17,3.18,3.16,-0.01,-0.3145,748279.41,236990.163
20201229,3.17,3.17,3.17,3.16,0.0,0.0,819496.32,259231.933
20201230,3.17,3.17,3.17,3.16,0.0,0.0,796054.1,251914.19
20201231,3.18,3.16,3.19,3.16,0.01,0.3155,1109060.68,352630.267
20210104,3.17,3.18,3.18,3.16,-0.01,-0.3145,1212503.17,384259.279
20210105,3.17,3.16,3.18,3.15,0.0,0.0,1304294.77,413013.708
20210106,3.18,3.17,3.18,3.16,0.01,0.3155,849769.26,269761.216
20210107,3.19,3.18,3.19,3.17,0.01,0.3145,1135728.06,360984.17
20210108,3.19,3.19,3.19,3.17,0.0,0.0,1132792.86,360937.78
20210111,3.17,3.18,3.2,3.17,-0.02,-0.627,1153620.23,367452.684
20210112,3.18,3.17,3.18,3.16,0.01,0.3155,980667.74,311086.167
20210113,3.2,3.18,3.21,3.17,0.02,0.6289,1745961.59,557079.502
20210114,3.21,3.2,3.24,3.19,0.01,0.3125,1807851.01,580657.155
20210115,3.23,3.21,3.26,3.2,0.02,0.6231,2752614.9,891694.1
20210118,3.2,3.22,3.23,3.19,-0.03,-0.9288,1674359.0,536433.188
20210119,3.22,3.21,3.23,3.19,0.02,0.625,1415137.25,454056.854
20210120,3.2,3.21,3.23,3.19,-0.02,-0.6211,1108636.65,355260.112
20210121,3.19,3.2,3.21,3.19,-0.01,-0.3125,729923.53,233232.869
20210122,3.17,3.19,3.2,3.17,-0.02,-0.627,1086059.77,345027.51
20210125,3.17,3.17,3.18,3.16,0.0,0.0,974125.77,308536.956
20210126,3.17,3.17,3.18,3.16,0.0,0.0,765912.29,242831.992
20210127,3.17,3.17,3.2,3.16,0.0,0.0,1019234.4,324555.194
20210128,3.17,3.17,3.18,3.16,0.0,0.0,735044.03,232613.518
20210129,3.17,3.16,3.19,3.16,0.0,0.0,1120048.47,355524.176
20210201,3.18,3.17,3.19,3.16,0.01,0.3155,1053254.33,334865.476
20210202,3.18,3.18,3.2,3.17,0.0,0.0,1105890.0,351979.498
20210203,3.17,3.18,3.18,3.17,-0.01,-0.3145,744233.44,236340.139
20210204,3.18,3.17,3.19,3.16,0.01,0.3155,1049399.95,333155.391
20210205,3.22,3.17,3.22,3.17,0.04,1.2579,2090050.72,668933.315
20210208,3.19,3.2,3.21,3.18,-0.03,-0.9317,1591045.9,507945.964
20210209,3.18,3.18,3.19,3.17,-0.01,-0.3135,1337951.57,425832.586
20210210,3.2,3.19,3.22,3.18,0.02,0.6289,1472164.72,471351.499
20210218,3.21,3.22,3.23,3.2,0.01,0.3125,1905239.81,613012.7
20210219,3.23,3.21,3.23,3.2,0.02,0.6231,1312440.56,422667.386
20210222,3.25,3.23,3.26,3.22,0.02,0.6192,2254206.38,730386.918
20210223,3.23,3.24,3.27,3.23,-0.02,-0.6154,2643239.34,857884.564
20210224,3.22,3.24,3.24,3.21,-0.01,-0.3096,2105590.97,678497.78
20210225,3.25,3.22,3.26,3.22,0.03,0.9317,2089661.13,676780.349
20210226,3.24,3.23,3.25,3.22,-0.01,-0.3077,2070107.72,670591.009
20210301,3.24,3.24,3.25,3.23,0.0,0.0,1508702.4,488481.537
20210302,3.22,3.24,3.25,3.22,-0.02,-0.6173,1530523.28,494946.608
20210303,3.27,3.23,3.27,3.22,0.05,1.5528,2126608.87,691841.772
20210304,3.27,3.25,3.29,3.25,0.0,0.0,2213996.95,723948.318
20210305,3.3,3.26,3.31,3.26,0.03,0.9174,2486868.59,816937.71
20210308,3.29,3.3,3.32,3.28,-0.01,-0.303,2175307.18,719795.502
20210309,3.27,3.29,3.31,3.26,-0.02,-0.6079,2498718.83,821775.925
20210310,3.27,3.26,3.28,3.25,0.0,0.0,1771880.39,578075.39
20210311,3.27,3.28,3.3,3.27,0.0,0.0,1727775.55,567754.528
20210312,3.29,3.27,3.3,3.26,0.02,0.6116,1571623.96,515795.651
20210315,3.31,3.29,3.33,3.28,0.02,0.6079,2099162.97,694455.912
20210316,3.31,3.31,3.33,3.3,0.0,0.0,1217825.8,403174.548
20210317,3.29,3.31,3.32,3.28,-0.02,-0.6042,1356595.42,446862.829
20210318,3.28,3.29,3.3,3.28,-0.01,-0.304,941600.94,309649.216
20210319,3.25,3.29,3.3,3.25,-0.03,-0.9146,1610928.87,526153.055
20210322,3.28,3.25,3.29,3.24,0.03,0.9231,1284556.95,420433.797
20210323,3.29,3.29,3.3,3.27,0.01,0.3049,1388366.92,456097.331
20210324,3.3,3.29,3.3,3.27,0.01,0.304,1255963.85,412490.525
20210325,3.29,3.3,3.31,3.28,-0.01,-0.303,1108759.94,365281.169
20210326,3.26,3.29,3.29,3.24,-0.03,-0.9119,2189713.14,714452.44
20210329,3.29,3.26,3.3,3.25,0.03,0.9202,1983615.89,649034.214
20210330,3.3,3.29,3.3,3.27,0.01,0.304,1458592.29,479245.54
20210331,3.35,3.32,3.35,3.31,0.05,1.5152,3354681.01,1117813.472
20210401,3.33,3.35,3.35,3.32,-0.02,-0.597,1890367.5,629578.155
20210402,3.31,3.33,3.34,3.3,-0.02,-0.6006,1397312.76,463080.714
20210406,3.3,3.31,3.32,3.29,-0.01,-0.3021,1478734.48,488745.031
20210407,3.31,3.3,3.32,3.29,0.01,0.303,2062779.37,681261.829
20210408,3.3,3.31,3.31,3.3,-0.01,-0.3021,1239302.71,409547.73
20210409,3.31,3.31,3.31,3.3,0.01,0.303,1248206.8,412533.442
20210412,3.33,3.31,3.33,3.3,0.02,0.6042,1616637.17,537019.554
20210413,3.32,3.33,3.34,3.31,-0.01,-0.3003,1305930.87,433759.673
20210414,3.32,3.32,3.33,3.31,0.0,0.0,1160396.51,384819.802
20210415,3.3,3.31,3.32,3.3,-0.02,-0.6024,953822.66,315368.193
20210416,3.32,3.31,3.32,3.3,0.02,0.6061,1024467.57,339557.527
20210419,3.32,3.32,3.33,3.31,0.0,0.0,1243944.24,413283.465
20210420,3.31,3.32,3.33,3.3,-0.01,-0.3012,1206587.93,399852.69
20210421,3.31,3.31,3.32,3.3,0.0,0.0,808858.19,267955.731
20210422,3.29,3.32,3.32,3.28,-0.02,-0.6042,1580101.36,521019.646
20210423,3.27,3.29,3.3,3.27,-0.02,-0.6079,1101118.16,360904.876
20210426,3.25,3.28,3.28,3.25,-0.02,-0.6116,1260550.95,411754.372
20210427,3.25,3.25,3.26,3.24,0.0,0.0,981259.31,318573.203
20210428,3.25,3.25,3.26,3.24,0.0,0.0,909350.9,295108.057
20210429,3.28,3.25,3.29,3.24,0.03,0.9231,1479395.74,483221.503
20210430,3.25,3.28,3.29,3.24,-0.03,-0.9146,1603654.79,522515.339
20210506,3.26,3.26,3.28,3.25,0.01,0.3077,1408883.25,459833.064
20210507,3.28,3.25,3.28,3.25,0.02,0.6135,1742502.86,569756.708
20210510,3.26,3.28,3.28,3.25,-0.02,-0.6098,1507134.9,491393.958
20210511,3.27,3.26,3.27,3.25,0.01,0.3067,1001318.11,326729.321
20210512,3.28,3.26,3.29,3.26,0.01,0.3058,1608610.42,527073.537
20210513,3.28,3.27,3.28,3.26,0.0,0.0,1331762.11,435303.938
20210514,3.29,3.28,3.29,3.27,0.01,0.3049,1381321.81,453159.083
20210517,3.28,3.28,3.3,3.28,-0.01,-0.304,1672326.48,550079.175
20210518,3.28,3.29,3.29,3.27,0.0,0.0,1048190.9,343458.848
20210519,3.27,3.28,3.28,3.27,-0.01,-0.3049,968107.34,316875.282
20210520,3.28,3.28,3.28,3.27,0.01,0.3058,1219959.06,399830.606
20210521,3.28,3.28,3.29,3.27,0.0,0.0,1485195.53,487221.475
20210524,3.29,3.28,3.29,3.27,0.01,0.3049,1350403.76,443724.398
20210525,3.32,3.29,3.32,3.28,0.03,0.9119,2170452.37,717456.16
20210526,3.32,3.32,3.32,3.3,0.0,0.0,1416513.2,469707.25
20210527,3.31,3.31,3.33,3.31,-0.01,-0.3012,1649365.73,547465.961
20210528,3.34,3.32,3.34,3.31,0.03,0.9063,2391545.12,796081.147
20210531,3.33,3.34,3.35,3.3,-0.01,-0.2994,2489595.24,827830.369
20210601,3.34,3.32,3.35,3.31,0.01,0.3003,2045122.07,681045.983
20210602,3.36,3.34,3.36,3.32,0.02,0.5988,2904249.6,970540.883
20210603,3.35,3.36,3.38,3.34,-0.01,-0.2976,3820830.63,1284586.727
20210604,3.16,3.17,3.17,3.15,0.01,0.3175,2753626.02,871172.742
20210607,3.14,3.17,3.17,3.12,-0.02,-0.6329,2564210.59,806100.833
20210608,3.13,3.13,3.14,3.11,-0.01,-0.3185,2148917.25,670912.258
20210609,3.13,3.13,3.13,3.11,0.0,0.0,1559372.47,486981.762
20210610,3.1,3.12,3.13,3.1,-0.03,-0.9585,2031434.88,632392.171
20210611,3.08,3.1,3.11,3.08,-0.02,-0.6452,2641528.44,816423.496
20210615,3.07,3.08,3.09,3.07,-0.01,-0.3247,1694356.68,521533.748
20210616,3.09,3.07,3.1,3.07,0.02,0.6515,1803827.62,556470.685
20210617,3.08,3.08,3.1,3.08,-0.01,-0.3236,1309839.8,404524.624
20210618,3.06,3.08,3.09,3.06,-0.02,-0.6494,1639908.79,503875.697
20210621,3.07,3.06,3.08,3.06,0.01,0.3268,1172562.34,359751.317
20210622,3.07,3.07,3.08,3.06,0.0,0.0,930629.26,285873.151
20210623,3.07,3.07,3.08,3.06,0.0,0.0,875408.11,268733.07
20210624,3.07,3.07,3.08,3.06,0.0,0.0,823244.26,252945.198
20210625,3.09,3.08,3.1,3.07,0.02,0.6515,1265417.16,390793.156
20210628,3.08,3.09,3.1,3.08,-0.01,-0.3236,967219.17,298261.004
20210629,3.08,3.08,3.09,3.07,0.0,0.0,875759.85,269346.174
20210630,3.08,3.08,3.08,3.07,0.0,0.0,607037.05,186600.049
20210701,3.08,3.08,3.09,3.07,0.0,0.0,1021638.0,314562.119
20210702,3.08,3.08,3.09,3.07,0.0,0.0,1396732.84,429750.625
20210705,3.08,3.07,3.08,3.07,0.0,0.0,869427.77,267361.311
20210706,3.09,3.08,3.09,3.07,0.01,0.3247,1161960.21,357905.649
20210707,3.08,3.09,3.09,3.07,-0.01,-0.3236,863283.5,265731.836
20210708,3.07,3.08,3.08,3.06,-0.01,-0.3247,1373624.29,421512.356
20210709,3.07,3.06,3.08,3.06,0.0,0.0,997913.32,306334.993
20210712,3.06,3.08,3.08,3.06,-0.01,-0.3257,1219711.54,374188.717
20210713,3.05,3.06,3.07,3.05,-0.01,-0.3268,1314055.17,401885.769
20210714,3.03,3.06,3.06,3.03,-0.02,-0.6557,1557135.27,473491.543
20210715,3.04,3.03,3.05,3.02,0.01,0.33,922700.2,280588.216
20210716,3.05,3.04,3.05,3.03,0.01,0.3289,847802.14,258181.495
20210719,3.04,3.04,3.05,3.03,-0.01,-0.3279,965184.08,293295.244
20210720,3.04,3.04,3.05,3.03,0.0,0.0,749299.61,227542.783
20210721,3.04,3.04,3.05,3.03,0.0,0.0,769705.31,234191.869
20210722,3.05,3.04,3.05,3.04,0.01,0.3289,789633.61,240469.677
20210723,3.04,3.04,3.05,3.04,-0.01,-0.3279,769458.65,234257.103
20210726,3.05,3.04,3.05,3.03,0.01,0.3289,1302725.07,396224.916
20210727,3.04,3.04,3.05,3.03,-0.01,-0.3279,1142981.7,347168.294
20210728,3.04,3.04,3.04,3.03,0.0,0.0,1357436.61,411885.428
20210729,3.02,3.04,3.05,3.01,-0.02,-0.6579,1422594.98,430206.955
20210730,2.99,3.02,3.02,2.99,-0.03,-0.9934,1056624.36,316650.546
20210802,3.01,2.99,3.01,2.96,0.02,0.6689,1601366.83,477766.819
20210803,2.99,3.0,3.01,2.98,-0.02,-0.6645,874259.46,261043.305
20210804,2.98,2.98,2.99,2.98,-0.01,-0.3344,782739.48,233581.55
20210805,2.99,2.98,2.99,2.98,0.01,0.3356,716723.31,214008.715
20210806,2.99,2.98,3.0,2.98,0.0,0.0,948915.95,283439.153
20210809,3.02,2.99,3.02,2.98,0.03,1.0033,936116.27,281472.489
20210810,3.02,3.01,3.03,3.0,0.0,0.0,818653.35,246579.808
20210811,3.04,3.02,3.04,3.01,0.02,0.6623,868753.9,263591.555
20210812,3.02,3.03,3.04,3.02,-0.02,-0.6579,665837.8,201451.277
20210813,3.03,3.02,3.03,3.01,0.01,0.3311,599191.31,181125.693
20210816,3.03,3.03,3.04,3.02,0.0,0.0,947662.47,286896.91
20210817,3.01,3.02,3.03,3.01,-0.02,-0.6601,1134954.97,342537.589
20210818,3.04,3.0,3.04,3.0,0.03,0.9967,1277783.47,386735.028
20210819,3.02,3.04,3.04,3.01,-0.02,-0.6579,983410.16,297060.936
20210820,3.02,3.02,3.03,3.01,0.0,0.0,940071.77,283623.653
20210823,3.03,3.01,3.03,3.01,0.01,0.3311,1040786.5,314474.247
20210824,3.02,3.03,3.03,3.02,-0.01,-0.33,929493.07,280966.153
20210825,3.02,3.03,3.03,3.01,0.0,0.0,694588.5,209418.833
20210826,3.01,3.01,3.02,3.01,-0.01,-0.3311,602567.41,181602.422
20210827,3.02,3.01,3.02,3.0,0.01,0.3322,625192.85,188503.209
20210830,3.0,3.01,3.02,3.0,-0.02,-0.6623,1612771.82,484718.994
20210831,3.03,3.0,3.03,3.0,0.03,1.0,1500822.8,453000.091
20210901,3.06,3.03,3.06,3.02,0.03,0.9901,2177080.89,662741.378
20210902,3.05,3.05,3.06,3.04,-0.01,-0.3268,1279463.79,389972.681
20210903,3.06,3.05,3.07,3.04,0.01,0.3279,1711089.45,523454.804
20210906,3.06,3.06,3.07,3.05,0.0,0.0,1535598.09,470336.046
20210907,3.09,3.06,3.1,3.06,0.03,0.9804,2490207.04,765821.587
20210908,3.1,3.09,3.11,3.08,0.01,0.3236,1848449.59,572265.415
20210909,3.09,3.09,3.1,3.08,-0.01,-0.3226,1519014.43,468652.336
20210910,3.1,3.09,3.12,3.08,0.01,0.3236,2681670.52,832083.757
20210913,3.1,3.1,3.11,3.09,0.0,0.0,1914780.74,593308.246
20210914,3.06,3.11,3.11,3.05,-0.04,-1.2903,2042733.8,629035.743
20210915,3.06,3.06,3.07,3.05,0.0,0.0,1335837.64,408645.272
20210916,3.05,3.06,3.07,3.04,-0.01,-0.3268,2132246.9,652049.013
20210917,3.07,3.05,3.08,3.05,0.02,0.6557,1143029.87,350102.241
20210922,3.05,3.05,3.06,3.04,-0.02,-0.6515,1150756.57,350693.428
20210923,3.07,3.06,3.08,3.05,0.02,0.6557,1547604.18,474843.783
20210924,3.05,3.07,3.08,3.05,-0.02,-0.6515,1034654.82,316945.111
20210927,3.05,3.05,3.06,3.04,0.0,0.0,1051195.11,320358.432
20210928,3.06,3.04,3.07,3.04,0.01,0.3279,1174800.18,359100.451
20210929,3.06,3.06,3.07,3.04,0.0,0.0,1449785.05,442774.394
20210930,3.05,3.06,3.06,3.04,-0.01,-0.3268,1128132.14,343871.318
20211008,3.07,3.05,3.08,3.05,0.02,0.6557,1270726.45,389989.359
20211011,3.08,3.08,3.1,3.07,0.01,0.3257,1530612.78,473293.598
20211012,3.08,3.08,3.09,3.07,0.0,0.0,1366690.59,420872.901
20211013,3.07,3.08,3.08,3.06,-0.01,-0.3247,876284.62,269167.099
20211014,3.06,3.07,3.08,3.06,-0.01,-0.3257,670862.81,205677.025
20211015,3.05,3.07,3.07,3.05,-0.01,-0.3268,1268540.09,388025.427
20211018,3.06,3.05,3.07,3.05,0.01,0.3279,1164072.32,355814.837
20211019,3.06,3.06,3.08,3.05,0.0,0.0,958286.32,293674.2
20211020,3.06,3.07,3.08,3.06,0.0,0.0,770553.88,236143.635
20211021,3.08,3.06,3.08,3.06,0.02,0.6536,989735.6,303912.52
20211022,3.06,3.07,3.08,3.06,-0.02,-0.6494,893518.2,274347.047
20211025,3.07,3.06,3.08,3.06,0.01,0.3268,948290.19,290900.478
20211026,3.06,3.08,3.08,3.06,-0.01,-0.3257,900725.06,276095.78
20211027,3.06,3.06,3.07,3.05,0.0,0.0,906187.79,276994.115
20211028,3.05,3.06,3.06,3.04,-0.01,-0.3268,897343.17,273664.178
20211029,3.05,3.05,3.06,3.04,0.0,0.0,1082790.91,329894.73
20211101,3.07,3.05,3.07,3.05,0.02,0.6557,1139805.0,349167.221
20211102,3.04,3.07,3.07,3.04,-0.03,-0.9772,1494247.73,455932.031
20211103,3.04,3.05,3.05,3.04,0.0,0.0,806154.57,245418.507
20211104,3.04,3.04,3.05,3.04,0.0,0.0,491399.99,149534.188
20211105,3.04,3.04,3.05,3.04,0.0,0.0,584065.6,177715.649
20211108,3.03,3.04,3.05,3.03,-0.01,-0.3289,729383.32,221421.412
20211109,3.04,3.03,3.04,3.03,0.01,0.33,607317.41,184297.33
20211110,3.04,3.03,3.04,3.03,0.0,0.0,597292.96,181151.222
20211111,3.07,3.04,3.07,3.03,0.03,0.9868,1135651.77,346466.916
20211112,3.06,3.07,3.07,3.05,-0.01,-0.3257,581560.56,177766.611
20211115,3.06,3.05,3.06,3.05,0.0,0.0,595254.62,181924.825
20211116,3.06,3.06,3.07,3.05,0.0,0.0,1001425.95,306553.56
20211117,3.07,3.06,3.07,3.05,0.01,0.3268,794612.75,243255.397
20211118,3.06,3.06,3.07,3.05,-0.01,-0.3257,871710.27,266551.468
20211119,3.06,3.06,3.07,3.05,0.0,0.0,637890.15,195327.826
20211122,3.06,3.06,3.07,3.06,0.0,0.0,674594.75,206640.133
20211123,3.07,3.06,3.07,3.06,0.01,0.3268,834702.31,255892.054
20211124,3.08,3.06,3.08,3.06,0.01,0.3257,1157404.33,355170.767
20211125,3.08,3.07,3.08,3.06,0.0,0.0,824152.65,252992.173
20211126,3.07,3.07,3.08,3.06,-0.01,-0.3247,529599.76,162295.679
20211129,3.06,3.06,3.07,3.05,-0.01,-0.3257,973599.78,297908.501
20211130,3.05,3.06,3.06,3.04,-0.01,-0.3268,1189472.4,362709.276
20211201,3.06,3.04,3.06,3.04,0.01,0.3279,639299.43,195195.322
20211202,3.05,3.06,3.06,3.05,-0.01,-0.3268,1084449.5,331087.363
20211203,3.06,3.06,3.06,3.05,0.01,0.3279,794741.8,242852.581
20211206,3.06,3.06,3.07,3.05,0.0,0.0,1239875.58,379534.091
20211207,3.07,3.07,3.07,3.05,0.01,0.3268,1044947.32,319958.87
20211208,3.06,3.06,3.07,3.05,-0.01,-0.3257,1204631.74,368167.04
20211209,3.07,3.06,3.08,3.05,0.01,0.3268,1624295.88,498293.665
20211210,3.07,3.07,3.07,3.06,0.0,0.0,1262723.49,387051.345
20211213,3.06,3.07,3.07,3.06,-0.01,-0.3257,1022849.01,313561.74
20211214,3.05,3.06,3.07,3.05,-0.01,-0.3268,731395.42,223621.184
20211215,3.05,3.05,3.06,3.05,0.0,0.0,837706.62,255807.65
20211216,3.05,3.05,3.06,3.05,0.0,0.0,1013560.4,309489.922
20211217,3.06,3.05,3.06,3.05,0.01,0.3279,882266.65,269437.975
20211220,3.05,3.05,3.06,3.04,-0.01,-0.3268,962789.4,293724.124
20211221,3.06,3.04,3.07,3.04,0.01,0.3279,1287984.81,393913.335
20211222,3.06,3.06,3.07,3.05,0.0,0.0,1102474.25,337503.707
20211223,3.06,3.06,3.07,3.05,0.0,0.0,810387.37,248147.856
20211224,3.05,3.06,3.07,3.05,-0.01,-0.3268,651110.92,199146.234
20211227,3.06,3.05,3.06,3.05,0.01,0.3279,715925.41,218716.271
20211228,3.07,3.06,3.07,3.05,0.01,0.3268,1014259.94,310746.286
20211229,3.05,3.06,3.07,3.05,-0.02,-0.6515,828136.75,253264.233
20211230,3.05,3.06,3.06,3.05,0.0,0.0,789926.62,241339.462
20211231,3.05,3.05,3.06,3.05,0.0,0.0,752906.03,229935.027
20220104,3.07,3.06,3.07,3.05,0.02,0.6557,1138933.19,348526.257
20220105,3.09,3.07,3.1,3.06,0.02,0.6515,3129876.17,965536.103
20220106,3.09,3.08,3.12,3.08,0.0,0.0,1877978.51,580596.961
20220107,3.14,3.09,3.14,3.09,0.05,1.6181,3189363.14,995648.202
20220110,3.13,3.14,3.16,3.11,-0.01,-0.3185,1546427.49,484417.958
20220111,3.14,3.12,3.15,3.12,0.01,0.3195,1361507.6,427509.264
20220112,3.12,3.14,3.14,3.1,-0.02,-0.6369,1906433.04,593872.351
20220113,3.14,3.11,3.15,3.11,0.02,0.641,1761834.26,552599.426
20220114,3.09,3.14,3.14,3.08,-0.05,-1.5924,2066599.34,641366.242
20220117,3.09,3.09,3.1,3.08,0.0,0.0,1142504.24,352678.538
20220118,3.12,3.08,3.12,3.08,0.03,0.9709,1588659.83,492383.629
20220119,3.11,3.11,3.12,3.1,-0.01,-0.3205,979005.82,304238.08
20220120,3.12,3.11,3.13,3.1,0.01,0.3215,1917787.47,598884.978
20220121,3.12,3.12,3.13,3.1,0.0,0.0,1718877.07,534736.638
20220124,3.12,3.12,3.12,3.1,0.0,0.0,1530089.96,476090.301
20220125,3.09,3.11,3.12,3.08,-0.03,-0.9615,1576828.12,488789.006
20220126,3.09,3.09,3.1,3.08,0.0,0.0,923932.52,285604.292
20220127,3.09,3.09,3.1,3.08,0.0,0.0,1276558.38,394455.818
20220128,3.09,3.09,3.11,3.08,0.0,0.0,1503929.93,466098.023
20220207,3.13,3.11,3.13,3.1,0.04,1.2945,1588775.19,495359.648
20220208,3.17,3.12,3.18,3.12,0.04,1.278,2863036.24,902429.652
20220209,3.16,3.17,3.19,3.16,-0.01,-0.3155,2347793.67,745320.957
20220210,3.19,3.17,3.19,3.16,0.03,0.9494,1809835.78,575521.309
20220211,3.19,3.19,3.2,3.18,0.0,0.0,1505630.26,481039.537
20220214,3.17,3.19,3.19,3.15,-0.02,-0.627,1506864.39,477536.522
20220215,3.15,3.16,3.18,3.14,-0.02,-0.6309,1182725.84,373307.321
20220216,3.17,3.16,3.18,3.15,0.02,0.6349,972884.01,307966.291
20220217,3.18,3.17,3.2,3.16,0.01,0.3155,1685778.59,537253.603
20220218,3.2,3.18,3.2,3.16,0.02,0.6289,1550365.0,492883.82
20220221,3.18,3.19,3.19,3.16,-0.02,-0.625,1282485.37,406962.716
20220222,3.17,3.17,3.18,3.16,-0.01,-0.3145,875274.37,277310.917
20220223,3.16,3.17,3.18,3.15,-0.01,-0.3155,1005425.97,317779.931
20220224,3.11,3.15,3.16,3.1,-0.05,-1.5823,2077172.01,649737.942
20220225,3.11,3.12,3.14,3.1,0.0,0.0,1415746.24,440864.429
20220228,3.1,3.11,3.12,3.09,-0.01,-0.3215,1600033.9,495851.148
20220301,3.12,3.11,3.13,3.1,0.02,0.6452,1352588.79,421047.647
20220302,3.13,3.12,3.15,3.11,0.01,0.3205,1400138.92,438180.708
20220303,3.15,3.13,3.16,3.13,0.02,0.639,1374157.76,432082.36
20220304,3.15,3.15,3.16,3.14,0.0,0.0,1560240.83,490908.221
20220307,3.13,3.14,3.15,3.12,-0.02,-0.6349,1360415.16,426283.66
20220308,3.1,3.12,3.14,3.1,-0.03,-0.9585,1500377.44,467690.817
20220309,3.08,3.1,3.11,3.04,-0.02,-0.6452,2660491.55,820162.507
20220310,3.08,3.09,3.1,3.08,0.0,0.0,1101012.25,339963.853
20220311,3.1,3.08,3.11,3.06,0.02,0.6494,1789426.5,550569.534
20220314,3.09,3.08,3.12,3.07,-0.01,-0.3226,1576585.15,489277.432
20220315,3.03,3.09,3.09,3.02,-0.06,-1.9417,2902299.85,886628.898
20220316,3.07,3.04,3.08,3.02,0.04,1.3201,2194095.53,668104.914
20220317,3.06,3.08,3.09,3.05,-0.01,-0.3257,1987681.46,609118.28
20220318,3.1,3.06,3.11,3.05,0.04,1.3072,2512425.58,774921.756
20220321,3.09,3.09,3.11,3.08,-0.01,-0.3226,1245683.53,385459.331
20220322,3.15,3.1,3.17,3.09,0.06,1.9417,2532815.71,793545.98
20220323,3.14,3.15,3.15,3.11,-0.01,-0.3175,1363386.69,426729.724
20220324,3.14,3.13,3.15,3.12,0.0,0.0,783666.36,245783.194
20220325,3.16,3.14,3.17,3.12,0.02,0.6369,1551892.28,488504.987
20220328,3.17,3.14,3.17,3.13,0.01,0.3165,1114548.63,351775.699
20220329,3.19,3.16,3.19,3.16,0.02,0.6309,1647421.2,523856.326
20220330,3.22,3.2,3.22,3.19,0.03,0.9404,2352249.62,753942.705
20220331,3.27,3.22,3.28,3.21,0.05,1.5528,3526742.02,1149498.483
20220401,3.29,3.26,3.29,3.24,0.02,0.6116,2433420.12,794861.405
20220406,3.3,3.28,3.31,3.26,0.01,0.304,2376669.89,781954.555
20220407,3.28,3.3,3.32,3.26,-0.02,-0.6061,2351079.54,774553.384
20220408,3.29,3.28,3.3,3.27,0.01,0.3049,1620981.59,533237.824
20220411,3.28,3.3,3.31,3.28,-0.01,-0.304,1874242.93,616933.3
20220412,3.3,3.28,3.3,3.26,0.02,0.6098,1935632.5,635588.475
20220413,3.29,3.29,3.33,3.28,-0.01,-0.303,1667786.12,551324.181
20220414,3.28,3.3,3.32,3.28,-0.01,-0.304,1176845.03,387262.673
20220415,3.28,3.28,3.29,3.27,0.0,0.0,1055084.51,346450.141
20220418,3.23,3.27,3.28,3.21,-0.05,-1.5244,1803161.14,583829.35
20220419,3.26,3.22,3.26,3.22,0.03,0.9288,1235753.31,400006.557
20220420,3.27,3.26,3.28,3.25,0.01,0.3067,1260555.26,412264.385
20220421,3.27,3.27,3.3,3.26,0.0,0.0,1627307.43,534212.907
20220422,3.3,3.26,3.32,3.25,0.03,0.9174,1956260.86,645425.514
20220425,3.27,3.29,3.33,3.27,-0.03,-0.9091,2908495.32,960324.343
20220426,3.28,3.28,3.3,3.26,0.01,0.3058,2155325.3,706699.835
20220427,3.23,3.28,3.29,3.21,-0.05,-1.5244,2177417.45,706174.67
20220428,3.26,3.23,3.28,3.22,0.03,0.9288,2210528.68,717916.914
20220429,3.23,3.26,3.27,3.21,-0.03,-0.9202,3714350.31,1203757.346
20220505,3.23,3.24,3.25,3.2,0.0,0.0,2373570.24,764311.269
20220506,3.19,3.21,3.22,3.18,-0.04,-1.2384,1437636.3,459558.54
20220509,3.19,3.19,3.2,3.18,0.0,0.0,1091372.92,347904.015
20220510,3.2,3.18,3.2,3.16,0.01,0.3135,1758089.92,559570.539
20220511,3.2,3.2,3.21,3.19,0.0,0.0,1319967.63,422028.477
20220512,3.2,3.19,3.2,3.19,0.0,0.0,904584.59,288956.418
20220513,3.21,3.2,3.21,3.19,0.01,0.3125,986056.11,315575.352
20220516,3.19,3.21,3.21,3.18,-0.02,-0.6231,1072134.5,342379.054
20220517,3.2,3.2,3.21,3.19,0.01,0.3135,1024449.83,327874.68
20220518,3.19,3.2,3.2,3.18,-0.01,-0.3125,907015.76,289519.898
20220519,3.18,3.18,3.19,3.17,-0.01,-0.3135,1053012.93,334949.034
20220520,3.19,3.19,3.21,3.18,0.01,0.3145,1386563.49,442944.822
20220523,3.2,3.2,3.21,3.19,0.01,0.3135,1027282.78,328278.84
20220524,3.2,3.19,3.2,3.19,0.0,0.0,912248.91,291493.144
20220525,3.2,3.19,3.21,3.19,0.0,0.0,1275209.25,408139.546
20220526,3.21,3.2,3.21,3.2,0.01,0.3125,1049466.65,336514.653
20220527,3.22,3.21,3.22,3.2,0.01,0.3115,1075850.02,345609.077
20220530,3.2,3.21,3.22,3.19,-0.02,-0.6211,1762627.01,565134.449
20220531,3.19,3.19,3.2,3.19,-0.01,-0.3125,1152578.48,368073.957
20220601,3.19,3.19,3.2,3.18,0.0,0.0,1058388.63,337705.262
20220602,3.19,3.19,3.2,3.18,0.0,0.0,675854.31,215798.067
20220606,3.18,3.19,3.2,3.18,-0.01,-0.3135,1323916.71,421408.996
20220607,3.19,3.19,3.19,3.17,0.01,0.3145,966588.59,307508.564
20220608,3.19,3.19,3.2,3.18,0.0,0.0,985392.32,313912.554
20220609,3.21,3.19,3.21,3.18,0.02,0.627,1337470.91,427103.862
20220610,3.23,3.2,3.23,3.19,0.02,0.6231,1972813.67,632422.609
20220613,3.21,3.21,3.23,3.19,-0.02,-0.6192,1290628.79,413956.269
20220614,3.23,3.21,3.23,3.19,0.02,0.6231,1462810.59,469614.098
20220615,3.23,3.23,3.26,3.22,0.0,0.0,1967404.44,637934.362
20220616,3.23,3.24,3.25,3.22,0.0,0.0,1481403.47,478499.5
20220617,3.23,3.23,3.24,3.22,0.0,0.0,1394221.82,449990.895
20220620,3.22,3.23,3.23,3.21,-0.01,-0.3096,1020640.84,328846.688
20220621,3.25,3.22,3.26,3.21,0.03,0.9317,1417337.87,458131.565
20220622,3.23,3.25,3.26,3.23,-0.02,-0.6154,1246481.56,404662.821
20220623,3.25,3.24,3.25,3.23,0.02,0.6192,1118152.07,362774.365
20220624,3.25,3.25,3.26,3.24,0.0,0.0,1303050.41,422822.231
20220627,3.25,3.25,3.26,3.24,0.0,0.0,1423878.28,463310.375
20220628,3.25,3.25,3.26,3.24,0.0,0.0,1248816.05,405223.71
20220629,3.26,3.24,3.26,3.24,0.01,0.3077,1452629.52,472691.017
20220630,3.26,3.25,3.27,3.25,0.0,0.0,1327410.63,432402.841
20220701,3.26,3.26,3.27,3.26,0.0,0.0,1078273.6,351953.578
20220704,3.29,3.27,3.3,3.26,0.03,0.9202,1582789.52,518535.27
20220705,3.3,3.29,3.31,3.28,0.01,0.304,1097017.16,361547.073
20220706,3.29,3.31,3.31,3.29,-0.01,-0.303,1552081.2,512435.676
20220707,3.29,3.3,3.3,3.29,0.0,0.0,966177.87,318371.741
20220708,3.3,3.3,3.31,3.29,0.01,0.304,1302412.01,430204.399
20220711,3.32,3.31,3.34,3.3,0.02,0.6061,1922687.22,638698.372
20220712,3.33,3.33,3.35,3.32,0.01,0.3012,2239213.78,747128.336
20220713,3.29,3.33,3.34,3.28,-0.04,-1.2012,2253516.39,744480.797
20220714,3.23,3.27,3.28,3.21,-0.06,-1.8237,2257078.08,729058.647
20220715,3.0,3.03,3.04,3.0,-0.01,-0.3322,2732321.04,825123.172
20220718,3.02,3.01,3.03,3.0,0.02,0.6667,1346136.4,406519.027
20220719,3.04,3.03,3.05,3.02,0.02,0.6623,1026814.08,312021.625
20220720,3.08,3.06,3.08,3.05,0.04,1.3158,984143.46,301960.621
20220721,3.06,3.09,3.1,3.06,-0.02,-0.6494,1132972.49,348151.717
20220722,3.08,3.06,3.08,3.06,0.02,0.6536,739609.09,227453.482
20220725,3.09,3.08,3.09,3.07,0.01,0.3247,542273.94,167336.229
20220726,3.11,3.09,3.12,3.09,0.02,0.6472,1211885.61,376155.69
20220727,3.09,3.11,3.11,3.09,-0.02,-0.6431,914838.43,283170.97
20220728,3.07,3.09,3.09,3.06,-0.02,-0.6472,991493.43,305334.183
20220729,3.06,3.07,3.07,3.05,-0.01,-0.3257,1232863.11,377401.101
20220801,3.04,3.05,3.06,3.04,-0.02,-0.6536,1267544.95,386510.455
20220802,3.02,3.04,3.04,3.02,-0.02,-0.6579,1181619.7,357467.022
20220803,3.01,3.03,3.04,3.01,-0.01,-0.3311,1415790.51,428109.906
20220804,3.03,3.02,3.04,3.01,0.02,0.6645,721698.36,218484.721
20220805,3.04,3.04,3.05,3.03,0.01,0.33,801236.99,243529.732
20220808,3.03,3.05,3.05,3.03,-0.01,-0.3289,626319.23,190169.653
20220809,3.02,3.03,3.04,3.02,-0.01,-0.33,513543.12,155540.306
20220810,3.02,3.03,3.04,3.02,0.0,0.0,521572.06,157976.499
20220811,3.05,3.03,3.05,3.02,0.03,0.9934,741878.83,225465.715
20220812,3.04,3.05,3.05,3.03,-0.01,-0.3279,904343.7,274960.977
20220815,3.03,3.04,3.05,3.03,-0.01,-0.3289,748721.24,227312.469
20220816,3.03,3.03,3.05,3.03,0.0,0.0,676074.3,205351.362
20220817,3.04,3.04,3.04,3.03,0.01,0.33,785670.86,238454.817
20220818,3.02,3.04,3.04,3.02,-0.02,-0.6579,800634.91,242708.546
20220819,3.03,3.02,3.04,3.02,0.01,0.3311,904151.01,273882.082
20220822,3.02,3.02,3.03,3.02,-0.01,-0.33,869236.24,262865.548
20220823,3.01,3.02,3.03,3.01,-0.01,-0.3311,754293.39,227874.558
20220824,3.01,3.01,3.03,3.01,0.0,0.0,1068147.59,322362.911
20220825,3.03,3.02,3.03,3.01,0.02,0.6645,810203.11,244483.139
20220826,3.02,3.03,3.03,3.01,-0.01,-0.33,698775.82,211248.861
20220829,3.02,3.02,3.03,3.01,0.0,0.0,981047.81,296512.995
20220830,3.03,3.02,3.04,3.02,0.01,0.3311,915083.23,277467.943
20220831,3.04,3.04,3.05,3.03,0.01,0.33,1249515.39,380269.453
20220901,3.05,3.05,3.06,3.04,0.01,0.3289,960428.98,292907.492
20220902,3.04,3.06,3.06,3.04,-0.01,-0.3279,831026.86,253579.684
20220905,3.05,3.04,3.06,3.04,0.01,0.3289,826608.79,252306.889
20220906,3.07,3.06,3.07,3.05,0.02,0.6557,916301.01,280799.092
20220907,3.06,3.07,3.07,3.06,-0.01,-0.3257,610967.11,187187.23
20220908,3.06,3.07,3.07,3.06,0.0,0.0,444170.93,136127.395
20220909,3.08,3.07,3.09,3.06,0.02,0.6536,937803.93,288736.231
20220913,3.08,3.09,3.09,3.07,0.0,0.0,1097157.83,338050.953
20220914,3.07,3.07,3.08,3.07,-0.01,-0.3247,616672.47,189627.883
20220915,3.09,3.07,3.1,3.07,0.02,0.6515,1383729.57,426858.512
20220916,3.05,3.1,3.1,3.05,-0.04,-1.2945,1301191.63,400150.686
20220919,3.08,3.06,3.08,3.05,0.03,0.9836,964134.85,296058.336
20220920,3.07,3.09,3.09,3.06,-0.01,-0.3247,1244749.85,382517.843
20220921,3.07,3.07,3.08,3.05,0.0,0.0,839920.47,257642.242
20220922,3.07,3.07,3.08,3.06,0.0,0.0,922223.19,283070.101
20220923,3.1,3.08,3.1,3.07,0.03,0.9772,1690343.02,522901.705
20220926,3.06,3.1,3.11,3.06,-0.04,-1.2903,1403928.25,433971.96
20220927,3.05,3.07,3.08,3.05,-0.01,-0.3268,865792.87,264597.456
20220928,3.07,3.06,3.08,3.04,0.02,0.6557,1145319.08,351053.234
20220929,3.05,3.08,3.09,3.05,-0.02,-0.6515,968997.8,296788.549
20220930,3.09,3.06,3.09,3.05,0.04,1.3115,1279615.07,394036.953
20221010,3.07,3.08,3.09,3.06,-0.02,-0.6472,1208903.75,372302.258
20221011,3.06,3.07,3.08,3.06,-0.01,-0.3257,1077722.47,330481.244
20221012,3.07,3.06,3.08,3.05,0.01,0.3268,1189895.73,364716.529
20221013,3.05,3.06,3.07,3.05,-0.02,-0.6515,869556.64,266008.828
20221014,3.06,3.06,3.08,3.06,0.01,0.3279,943828.12,289406.939
20221017,3.05,3.06,3.06,3.05,-0.01,-0.3268,770513.47,235298.328
20221018,3.05,3.06,3.07,3.05,0.0,0.0,901809.36,275590.428
20221019,3.05,3.05,3.06,3.05,0.0,0.0,651836.49,198988.763
20221020,3.05,3.05,3.06,3.04,0.0,0.0,953152.41,290990.534
20221021,3.07,3.05,3.08,3.05,0.02,0.6557,1437752.02,441230.265
20221024,3.06,3.07,3.08,3.06,-0.01,-0.3257,1799277.07,552010.13
20221025,3.05,3.06,3.07,3.05,-0.01,-0.3268,1400102.65,428123.214
20221026,3.04,3.06,3.06,3.04,-0.01,-0.3279,1336359.73,407834.473
20221027,3.03,3.05,3.05,3.03,-0.01,-0.3289,1398865.96,424853.118
20221028,3.06,3.04,3.06,3.03,0.03,0.9901,1629960.8,497094.821
20221031,3.01,3.05,3.06,3.01,-0.05,-1.634,1811162.17,549176.008
20221101,3.02,3.01,3.03,3.0,0.01,0.3322,1917922.62,577606.782
20221102,3.0,3.01,3.01,2.99,-0.02,-0.6623,1367968.43,410541.042
20221103,3.01,3.0,3.02,2.99,0.01,0.3333,873946.41,262593.189
20221104,3.04,3.01,3.04,3.01,0.03,0.9967,1106390.95,334853.621
20221107,3.04,3.04,3.04,3.03,0.0,0.0,731082.47,222023.591
20221108,3.04,3.04,3.04,3.02,0.0,0.0,1062047.1,322191.141
20221109,3.04,3.03,3.04,3.03,0.0,0.0,547287.87,166042.191
20221110,3.05,3.03,3.05,3.01,0.01,0.3289,1453831.27,440130.614
20221111,3.06,3.05,3.07,3.04,0.01,0.3279,1558853.89,476258.069
20221114,3.06,3.06,3.08,3.05,0.0,0.0,1510067.89,462985.857
20221115,3.06,3.06,3.07,3.05,0.0,0.0,794513.28,243276.077
20221116,3.05,3.06,3.07,3.05,-0.01,-0.3268,978878.58,298952.279
20221117,3.05,3.05,3.06,3.04,0.0,0.0,728873.04,222152.297
20221118,3.04,3.06,3.06,3.04,-0.01,-0.3279,877910.24,267779.202
20221121,3.05,3.04,3.06,3.04,0.01,0.3289,785493.83,239604.172
20221122,3.08,3.06,3.08,3.05,0.03,0.9836,1939276.5,595660.16
20221123,3.1,3.08,3.11,3.06,0.02,0.6494,2515605.52,777759.288
20221124,3.09,3.11,3.11,3.09,-0.01,-0.3226,779071.98,241183.417
20221125,3.13,3.1,3.14,3.09,0.04,1.2945,2121216.18,662401.343
20221128,3.11,3.11,3.12,3.08,-0.02,-0.639,1732962.77,536711.805
20221129,3.14,3.11,3.15,3.11,0.03,0.9646,1914444.99,599958.254
20221130,3.15,3.14,3.16,3.12,0.01,0.3185,2285970.84,718036.955
20221201,3.1,3.15,3.16,3.1,-0.05,-1.5873,1783816.57,557677.467
20221202,3.1,3.11,3.12,3.1,0.0,0.0,1118918.61,347639.874
20221205,3.15,3.12,3.15,3.11,0.05,1.6129,1727242.63,541253.816
20221206,3.15,3.14,3.16,3.13,0.0,0.0,1379662.24,434937.358
20221207,3.14,3.16,3.17,3.14,-0.01,-0.3175,1517047.3,479096.533
20221208,3.16,3.15,3.18,3.14,0.02,0.6369,1491808.76,471756.597
20221209,3.16,3.17,3.17,3.15,0.0,0.0,1107358.37,350398.847
20221212,3.13,3.15,3.16,3.13,-0.03,-0.9494,941537.02,296213.51
20221213,3.16,3.13,3.17,3.13,0.03,0.9585,1034979.67,326991.263
20221214,3.16,3.17,3.17,3.15,0.0,0.0,1128268.37,356749.565
20221215,3.14,3.17,3.17,3.14,-0.02,-0.6329,753095.6,237349.326
20221216,3.18,3.14,3.18,3.13,0.04,1.2739,953673.57,301482.947
20221219,3.15,3.17,3.19,3.15,-0.03,-0.9434,985336.46,311767.824
20221220,3.13,3.15,3.16,3.13,-0.02,-0.6349,1057496.13,332377.237
20221221,3.12,3.13,3.14,3.12,-0.01,-0.3195,647085.49,202430.414
20221222,3.14,3.14,3.16,3.12,0.02,0.641,884058.74,277527.071
20221223,3.13,3.13,3.14,3.12,-0.01,-0.3185,671856.5,210587.93
20221226,3.11,3.13,3.13,3.11,-0.02,-0.639,740867.66,231389.46
20221227,3.15,3.13,3.15,3.12,0.04,1.2862,683853.1,214558.738
20221228,3.16,3.15,3.17,3.14,0.01,0.3175,783309.48,247678.765
20221229,3.15,3.17,3.17,3.14,-0.01,-0.3165,1244770.33,392806.531
20221230,3.16,3.17,3.17,3.15,0.01,0.3175,1220204.86,386011.424
20230103,3.16,3.17,3.17,3.15,0.0,0.0,1311103.42,413906.538
20230104,3.2,3.16,3.21,3.16,0.04,1.2658,2007336.67,640825.711
20230105,3.2,3.21,3.23,3.2,0.0,0.0,1180471.36,379146.671
20230106,3.21,3.21,3.22,3.18,0.01,0.3125,1258526.54,402754.304
20230109,3.19,3.21,3.22,3.19,-0.02,-0.6231,835155.52,267453.283
20230110,3.18,3.2,3.2,3.18,-0.01,-0.3135,665470.32,211969.67
20230111,3.19,3.18,3.2,3.18,0.01,0.3145,790227.72,252398.091
20230112,3.19,3.2,3.2,3.18,0.0,0.0,851896.31,271935.627
20230113,3.23,3.2,3.23,3.19,0.04,1.2539,1216541.68,392007.104
20230116,3.21,3.23,3.25,3.21,-0.02,-0.6192,1505223.92,485319.563
20230117,3.22,3.21,3.22,3.2,0.01,0.3115,966106.7,310436.879
20230118,3.21,3.23,3.23,3.21,-0.01,-0.3106,779469.66,250814.906
20230119,3.22,3.22,3.22,3.2,0.01,0.3115,608903.65,195517.211
20230120,3.22,3.22,3.23,3.21,0.0,0.0,751513.39,241712.862
20230130,3.23,3.24,3.25,3.21,0.01,0.3106,1499125.74,484302.796
20230131,3.22,3.23,3.24,3.22,-0.01,-0.3096,886045.96,285709.655
20230201,3.22,3.22,3.23,3.2,0.0,0.0,1089135.28,349685.066
20230202,3.21,3.22,3.22,3.2,-0.01,-0.3106,959029.99,307753.627
20230203,3.21,3.21,3.22,3.2,0.0,0.0,1009759.24,323874.423
20230206,3.2,3.2,3.21,3.19,-0.01,-0.3115,1115250.91,356937.014
20230207,3.19,3.2,3.21,3.19,-0.01,-0.3125,656962.19,210030.183
20230208,3.2,3.2,3.21,3.19,0.01,0.3135,484099.0,155065.326
20230209,3.21,3.21,3.21,3.2,0.01,0.3125,513338.9,164587.913
20230210,3.23,3.21,3.23,3.2,0.02,0.6231,747220.5,240295.875
20230213,3.21,3.23,3.23,3.21,-0.02,-0.6192,800935.85,257456.049
20230214,3.2,3.21,3.22,3.2,-0.01,-0.3115,696871.57,223563.795
20230215,3.2,3.21,3.21,3.2,0.0,0.0,366488.2,117398.55
20230216,3.21,3.2,3.23,3.2,0.01,0.3125,1236484.47,397946.661
20230217,3.22,3.22,3.23,3.21,0.01,0.3115,793857.89,255695.435
20230220,3.24,3.22,3.24,3.22,0.02,0.6211,770843.85,249036.143
20230221,3.24,3.24,3.24,3.23,0.0,0.0,608526.08,196828.002
20230222,3.23,3.24,3.24,3.23,-0.01,-0.3086,529397.66,171242.563
20230223,3.23,3.24,3.24,3.22,0.0,0.0,981251.9,317326.191
20230224,3.22,3.24,3.24,3.22,-0.01,-0.3096,513981.86,165786.941
20230227,3.21,3.22,3.22,3.21,-0.01,-0.3106,576163.39,185263.775
20230228,3.23,3.22,3.23,3.21,0.02,0.6231,853848.32,274898.437
20230301,3.24,3.23,3.24,3.22,0.01,0.3096,741505.8,239855.792
20230302,3.26,3.24,3.27,3.23,0.02,0.6173,1311114.06,426732.764
20230303,3.31,3.27,3.32,3.26,0.05,1.5337,1889524.49,621160.021
20230306,3.31,3.31,3.33,3.3,0.0,0.0,1591905.98,526818.529
20230307,3.34,3.31,3.41,3.3,0.03,0.9063,3303852.25,1110272.008
20230308,3.33,3.32,3.36,3.3,-0.01,-0.2994,1870850.97,620548.521
20230309,3.35,3.34,3.38,3.33,0.02,0.6006,2240441.4,753664.305
20230310,3.3,3.33,3.36,3.3,-0.05,-1.4925,1324626.34,439828.402
20230313,3.32,3.29,3.33,3.28,0.02,0.6061,1246828.95,413339.728
20230314,3.33,3.31,3.34,3.3,0.01,0.3012,1465602.6,486971.332
20230315,3.39,3.35,3.4,3.34,0.06,1.8018,2371502.06,800677.02
20230316,3.49,3.39,3.55,3.38,0.1,2.9499,5806905.27,2024098.209
20230317,3.48,3.51,3.52,3.44,-0.01,-0.2865,4216271.33,1467270.279
20230320,3.51,3.47,3.58,3.47,0.03,0.8621,4121499.34,1454729.718
20230321,3.43,3.5,3.53,3.41,-0.08,-2.2792,3041802.08,1050289.378
20230322,3.44,3.43,3.47,3.41,0.01,0.2915,2215914.41,762586.28
20230323,3.47,3.44,3.49,3.43,0.03,0.8721,1861473.46,644100.375
20230324,3.4,3.48,3.48,3.4,-0.07,-2.0173,2463980.06,842952.081
20230327,3.36,3.4,3.4,3.33,-0.04,-1.1765,2285192.48,766936.085
20230328,3.38,3.37,3.38,3.34,0.02,0.5952,1518535.05,510408.109
20230329,3.39,3.38,3.43,3.35,0.01,0.2959,2262288.68,768049.624
20230330,3.4,3.4,3.45,3.36,0.01,0.295,1915289.71,650020.069
20230331,3.38,3.39,3.42,3.37,-0.02,-0.5882,1544588.17,523461.861
20230403,3.36,3.38,3.39,3.35,-0.02,-0.5917,1746102.98,587196.841
20230404,3.43,3.37,3.43,3.35,0.07,2.0833,2373692.05,806629.277
20230406,3.44,3.42,3.46,3.41,0.01,0.2915,1452826.36,499347.926
20230407,3.43,3.44,3.45,3.41,-0.01,-0.2907,1184618.3,405827.065
20230410,3.43,3.43,3.45,3.41,0.0,0.0,1506656.99,517364.659
20230411,3.46,3.44,3.46,3.42,0.03,0.8746,1913724.54,658610.513
20230412,3.49,3.46,3.53,3.45,0.03,0.8671,2772123.7,970973.344
20230413,3.54,3.49,3.55,3.48,0.05,1.4327,2174726.83,765046.048
20230414,3.51,3.54,3.55,3.5,-0.03,-0.8475,1579226.06,555030.997
20230417,3.58,3.51,3.58,3.5,0.07,1.9943,2827087.2,1003303.32
20230418,3.6,3.58,3.64,3.57,0.02,0.5587,2750662.62,990258.799
20230419,3.61,3.6,3.64,3.58,0.01,0.2778,2171086.96,784313.4
20230420,3.6,3.6,3.64,3.57,-0.01,-0.277,2293131.81,824103.069
20230421,3.58,3.59,3.65,3.57,-0.02,-0.5556,2849431.73,1027665.986
20230424,3.62,3.58,3.66,3.57,0.04,1.1173,3119252.42,1129540.003
20230425,3.67,3.64,3.71,3.63,0.05,1.3812,3353222.99,1232648.754
20230426,3.66,3.67,3.69,3.58,-0.01,-0.2725,3065624.28,1112093.927
20230427,3.67,3.66,3.68,3.61,0.01,0.2732,1861135.52,679827.759
20230428,3.67,3.66,3.69,3.63,0.0,0.0,2267047.79,829750.349
20230504,3.94,3.65,3.97,3.65,0.27,7.3569,6310700.23,2427606.078
20230505,4.08,3.93,4.18,3.93,0.14,3.5533,6652621.12,2711914.066
20230508,4.49,4.09,4.49,4.08,0.41,10.049,9413826.75,4109075.17
20230509,4.56,4.65,4.77,4.43,0.07,1.559,13104165.99,5986730.011
20230510,4.31,4.45,4.5,4.24,-0.25,-5.4825,10782419.69,4670414.768
20230511,4.16,4.26,4.31,4.13,-0.15,-3.4803,7842380.54,3295854.042
20230512,4.16,4.15,4.2,4.1,0.0,0.0,5312458.28,2208027.496
20230515,4.18,4.1,4.2,3.99,0.02,0.4808,7064615.45,2886385.623
20230516,4.19,4.15,4.32,4.13,0.01,0.2392,6707519.51,2839012.82
20230517,4.15,4.16,4.22,4.08,-0.04,-0.9547,3549239.04,1470182.808
20230518,4.21,4.16,4.27,4.16,0.06,1.4458,4429865.11,1865666.852
20230519,4.16,4.19,4.2,4.11,-0.05,-1.1876,2755126.33,1146749.592
20230522,4.17,4.18,4.24,4.14,0.01,0.2404,2778606.61,1161156.078
20230523,4.04,4.15,4.18,4.03,-0.13,-3.1175,3370495.86,1376125.089
20230524,3.89,4.02,4.02,3.88,-0.15,-3.7129,4910284.0,1928988.992
20230525,3.89,3.86,3.89,3.83,0.0,0.0,2809222.99,1084872.044
20230526,3.89,3.88,3.92,3.84,0.0,0.0,2386559.12,926560.578
20230529,3.98,3.89,4.02,3.88,0.09,2.3136,2975682.46,1177643.162
20230530,3.93,3.96,3.99,3.9,-0.05,-1.2563,2619029.67,1030834.024
20230531,3.9,3.93,3.94,3.88,-0.03,-0.7634,2055198.42,803105.09
20230601,3.91,3.9,3.94,3.85,0.01,0.2564,2399584.27,934332.45
20230602,3.89,3.91,3.94,3.86,-0.02,-0.5115,2486626.37,967912.106
20230605,3.98,3.88,3.98,3.86,0.09,2.3136,3032749.1,1195835.783
20230606,3.99,3.96,4.07,3.95,0.01,0.2513,2876169.13,1156839.637
20230607,4.04,4.0,4.08,3.99,0.05,1.2531,2468198.46,998043.407
20230608,4.15,4.06,4.21,4.0,0.11,2.7228,3788193.09,1561889.101
20230609,4.13,4.15,4.18,4.09,-0.02,-0.4819,2732576.33,1129285.445
20230612,4.04,4.11,4.12,4.02,-0.09,-2.1792,2697420.28,1094269.334
20230613,4.06,4.03,4.08,4.02,0.02,0.495,1441307.92,584670.267
20230614,4.0,4.06,4.1,3.99,-0.06,-1.4778,2855833.39,1152052.776
20230615,4.01,4.01,4.05,3.97,0.01,0.25,1810843.55,726053.167
20230616,3.96,4.01,4.03,3.95,-0.05,-1.2469,2558405.22,1017981.631
20230619,3.9,3.96,3.97,3.89,-0.06,-1.5152,2796524.32,1093232.252
20230620,3.87,3.91,3.93,3.86,-0.03,-0.7692,1753469.24,682305.278
20230621,3.88,3.87,3.94,3.84,0.01,0.2584,2308165.83,899187.081
20230626,3.78,3.87,3.87,3.76,-0.1,-2.5773,2524280.43,960372.049
20230627,3.86,3.78,3.87,3.76,0.08,2.1164,1829243.88,700184.813
20230628,3.87,3.86,3.9,3.83,0.01,0.2591,1565237.76,604547.861
20230629,3.86,3.87,3.88,3.82,-0.01,-0.2584,1513022.17,582652.766
20230630,3.91,3.87,3.93,3.85,0.05,1.2953,1790585.22,698934.299
20230703,3.98,3.92,4.0,3.9,0.07,1.7903,1813102.74,717805.578
20230704,3.92,3.98,3.98,3.9,-0.06,-1.5075,1855004.1,727980.26
20230705,3.92,3.91,3.94,3.88,0.0,0.0,1510223.94,589883.047
20230706,3.89,3.9,3.92,3.87,-0.03,-0.7653,1595072.69,620689.599
20230707,3.88,3.87,3.91,3.86,-0.01,-0.2571,1221381.3,474983.751
20230710,3.89,3.89,3.91,3.88,0.01,0.2577,890674.81,346552.059
20230711,3.93,3.89,3.93,3.89,0.04,1.0283,1136425.4,445413.318
20230712,3.93,3.94,3.95,3.92,0.0,0.0,1396504.74,549982.128
20230713,3.99,3.94,4.0,3.94,0.06,1.5267,1693458.74,672181.341
20230714,3.99,3.99,4.02,3.95,0.0,0.0,2207765.21,880973.317
20230717,3.77,3.78,3.79,3.74,0.01,0.266,1669400.98,627878.076
20230718,3.71,3.78,3.78,3.7,-0.06,-1.5915,2049615.36,764897.228
20230719,3.72,3.7,3.72,3.68,0.01,0.2695,1224851.85,453243.949
20230720,3.73,3.72,3.76,3.72,0.01,0.2688,1100583.15,411501.518
20230721,3.74,3.72,3.75,3.71,0.01,0.2681,939009.5,350285.276
20230724,3.71,3.73,3.74,3.69,-0.03,-0.8021,1166080.26,433115.362
20230725,3.81,3.73,3.81,3.72,0.1,2.6954,2021993.1,763041.566
20230726,3.79,3.81,3.85,3.77,-0.02,-0.5249,1193718.92,452829.304
20230727,3.82,3.79,3.88,3.78,0.03,0.7916,1853609.29,712107.884
20230728,3.91,3.82,3.92,3.8,0.09,2.356,2526037.74,981451.019
20230731,3.91,3.95,3.98,3.87,0.0,0.0,2330867.8,913576.141
20230801,3.93,3.91,3.95,3.89,0.02,0.5115,1498872.68,587524.083
20230802,3.82,3.9,3.91,3.81,-0.11,-2.799,2811308.48,1080172.841
20230803,3.87,3.83,3.87,3.8,0.05,1.3089,1340641.64,515030.934
20230804,3.89,3.88,3.91,3.85,0.02,0.5168,1892187.21,734171.813
20230807,3.86,3.87,3.88,3.81,-0.03,-0.7712,1323886.33,509443.331
20230808,3.83,3.85,3.86,3.82,-0.03,-0.7772,1027654.79,394139.562
20230809,3.84,3.83,3.85,3.82,0.01,0.2611,832603.03,319526.155
20230810,3.83,3.83,3.84,3.81,-0.01,-0.2604,792116.33,303129.876
20230811,3.78,3.83,3.86,3.78,-0.05,-1.3055,1694391.18,646243.769
20230814,3.72,3.75,3.76,3.69,-0.06,-1.5873,1589075.41,590288.723
20230815,3.82,3.73,3.84,3.72,0.1,2.6882,2222255.44,841215.95
20230816,3.81,3.8,3.82,3.76,-0.01,-0.2618,1293324.45,491264.491
20230817,3.77,3.8,3.82,3.74,-0.04,-1.0499,1377606.44,520447.601
20230818,3.78,3.77,3.82,3.77,0.01,0.2653,1327257.85,503632.558
20230821,3.73,3.79,3.8,3.73,-0.05,-1.3228,1146309.61,430308.07
20230822,3.79,3.73,3.79,3.73,0.06,1.6086,1361137.86,512302.74
20230823,3.83,3.79,3.85,3.77,0.04,1.0554,1797453.03,687459.407
20230824,3.78,3.83,3.84,3.77,-0.05,-1.3055,1398800.01,531143.685
20230825,3.79,3.77,3.81,3.77,0.01,0.2646,1619171.0,613041.424
20230828,3.84,3.94,3.95,3.8,0.05,1.3193,2712526.07,1042937.598
20230829,3.8,3.83,3.85,3.78,-0.04,-1.0417,1895785.14,721675.999
20230830,3.76,3.8,3.8,3.75,-0.04,-1.0526,1754121.59,660019.458
20230831,3.75,3.75,3.79,3.74,-0.01,-0.266,1361684.14,511103.104
20230901,3.71,3.75,3.76,3.7,-0.04,-1.0667,2242507.1,834063.945
20230904,3.73,3.72,3.75,3.71,0.02,0.5391,2153409.57,802556.136
20230905,3.71,3.73,3.73,3.71,-0.02,-0.5362,905348.71,336307.635
20230906,3.71,3.71,3.72,3.7,0.0,0.0,939327.14,348390.637
20230907,3.71,3.72,3.73,3.7,0.0,0.0,1488461.6,552593.319
20230908,3.68,3.71,3.71,3.67,-0.03,-0.8086,1113510.52,410245.116
20230911,3.69,3.69,3.7,3.66,0.01,0.2717,1305948.45,480227.375
20230912,3.67,3.68,3.69,3.66,-0.02,-0.542,921240.82,338226.781
20230913,3.69,3.67,3.69,3.66,0.02,0.545,919513.13,338269.853
20230914,3.73,3.69,3.74,3.68,0.04,1.084,2041979.39,759686.883
20230915,3.7,3.73,3.75,3.69,-0.03,-0.8043,2186387.59,812912.936
20230918,3.7,3.7,3.71,3.67,0.0,0.0,1352638.72,499367.39
20230919,3.73,3.7,3.74,3.69,0.03,0.8108,1944477.03,724916.016
20230920,3.78,3.74,3.79,3.72,0.05,1.3405,2317221.04,872175.579
20230921,3.76,3.78,3.8,3.74,-0.02,-0.5291,2068332.65,778875.786
20230922,3.79,3.76,3.79,3.74,0.03,0.7979,1920138.42,723505.916
20230925,3.8,3.79,3.81,3.76,0.01,0.2639,1920740.62,728895.285
20230926,3.78,3.81,3.82,3.77,-0.02,-0.5263,1436948.62,544403.485
20230927,3.74,3.78,3.79,3.74,-0.04,-1.0582,1541951.69,579168.823
20230928,3.77,3.74,3.78,3.74,0.03,0.8021,1226024.31,461298.209
20231009,3.76,3.74,3.77,3.69,-0.01,-0.2653,1826711.07,681351.743
20231010,3.74,3.76,3.79,3.73,-0.02,-0.5319,1394693.84,524060.829
20231011,3.77,3.74,3.78,3.73,0.03,0.8021,1660059.86,624459.882
20231012,3.89,3.84,3.9,3.81,0.12,3.183,4709146.68,1814281.824
20231013,3.97,3.87,4.02,3.86,0.08,2.0566,4652734.53,1843298.979
20231016,3.99,3.96,4.0,3.92,0.02,0.5038,2629815.63,1041801.837
20231017,3.98,3.98,4.0,3.96,-0.01,-0.2506,1614386.45,643140.398
20231018,4.02,3.97,4.03,3.96,0.04,1.005,2340419.41,939252.9
20231019,3.97,4.0,4.01,3.92,-0.05,-1.2438,3019121.21,1195581.332
20231020,3.94,3.94,3.98,3.91,-0.03,-0.7557,2010333.76,792268.58
20231023,3.92,3.93,3.96,3.88,-0.02,-0.5076,2182218.7,853974.233
20231024,3.84,3.92,3.93,3.83,-0.08,-2.0408,2378668.7,917043.489
20231025,3.82,3.86,3.87,3.8,-0.02,-0.5208,1729278.71,661761.762
20231026,3.88,3.82,3.89,3.8,0.06,1.5707,1711072.58,661155.506
20231027,3.89,3.88,3.95,3.85,0.01,0.2577,2525542.38,981956.953
20231030,3.84,3.86,3.89,3.79,-0.05,-1.2853,3303066.24,1265665.099
20231031,3.9,3.84,3.92,3.82,0.06,1.5625,2287105.22,887710.177
20231101,3.92,3.91,3.94,3.88,0.02,0.5128,1434840.2,561469.437
20231102,3.95,3.94,3.98,3.93,0.03,0.7653,1343663.35,532220.689
20231103,3.89,3.95,3.96,3.89,-0.06,-1.519,1727244.11,674608.314
20231106,3.84,3.9,3.91,3.83,-0.05,-1.2853,2566109.1,989262.444
20231107,3.89,3.84,3.9,3.83,0.05,1.3021,1760480.68,681830.596
20231108,3.88,3.87,3.92,3.87,-0.01,-0.2571,1751007.2,681804.019
20231109,3.95,3.88,3.96,3.88,0.07,1.8041,2401324.76,945446.908
20231110,3.95,3.94,3.99,3.91,0.0,0.0,1919650.05,757110.674
20231113,3.94,3.96,3.96,3.9,-0.01,-0.2532,1002468.44,393367.673
20231114,3.96,3.94,3.98,3.93,0.02,0.5076,1321295.69,523113.642
20231115,3.95,3.98,3.99,3.93,-0.01,-0.2525,1454477.6,574735.517
20231116,3.97,3.97,3.99,3.93,0.02,0.5063,1720515.45,682558.68
20231117,3.95,3.96,3.98,3.93,-0.02,-0.5038,1118928.76,442267.898
20231120,3.97,3.95,3.98,3.94,0.02,0.5063,1070448.53,424669.731
20231121,3.97,3.98,3.99,3.96,0.0,0.0,1291141.46,513032.574
20231122,3.97,3.96,3.99,3.94,0.0,0.0,1395092.74,553786.251
20231123,3.96,3.98,3.99,3.96,-0.01,-0.2519,948552.5,376928.774
20231124,3.98,3.96,3.99,3.95,0.02,0.5051,1440397.59,572769.366
20231127,3.98,3.98,3.99,3.94,0.0,0.0,1750175.93,694348.293
20231128,3.97,3.97,3.98,3.96,-0.01,-0.2513,1341632.27,532581.768
20231129,3.98,3.97,4.0,3.96,0.01,0.2519,1651650.82,657883.095
20231130,3.99,3.98,4.0,3.96,0.01,0.2513,1598972.06,636417.005
20231201,4.04,3.99,4.06,3.98,0.05,1.2531,2412898.08,972205.671
20231204,4.03,4.03,4.05,4.02,-0.01,-0.2475,1186099.0,478037.093
20231205,4.01,4.04,4.05,4.01,-0.02,-0.4963,1708904.12,689347.579
20231206,3.96,4.0,4.01,3.93,-0.05,-1.2469,2192879.61,867343.441
20231207,3.99,3.96,4.01,3.93,0.03,0.7576,2330867.85,925744.983
20231208,3.94,3.99,4.0,3.91,-0.05,-1.2531,4448997.98,1758775.5
20231211,3.92,3.92,3.94,3.82,-0.02,-0.5076,3225242.75,1254210.25
20231212,3.98,3.92,3.98,3.89,0.06,1.5306,2127561.05,841552.348
20231213,3.98,3.98,4.0,3.96,0.0,0.0,1536051.58,611955.801
20231214,3.98,3.99,4.0,3.95,0.0,0.0,1333997.83,529779.738
20231215,3.91,3.97,3.98,3.91,-0.07,-1.7588,2033094.74,800942.618
20231218,3.99,3.9,3.99,3.9,0.08,2.046,2645596.89,1049689.559
20231219,3.97,3.99,4.0,3.96,-0.02,-0.5013,1182442.44,470905.285
20231220,3.99,3.98,4.03,3.97,0.02,0.5038,1625182.7,650833.839
20231221,3.98,3.98,4.0,3.95,-0.01,-0.2506,1680902.73,667407.104
20231222,3.99,3.99,4.01,3.97,0.01,0.2513,1721640.4,687986.116
20231225,4.02,3.99,4.03,3.98,0.03,0.7519,1123117.1,450456.445
20231226,4.03,4.02,4.06,4.01,0.01,0.2488,1741250.16,703969.389
20231227,4.05,4.03,4.05,4.0,0.02,0.4963,1333530.0,536773.669
20231228,3.99,4.05,4.07,3.99,-0.06,-1.4815,2673786.72,1074328.869
20231229,3.99,3.99,4.01,3.97,0.0,0.0,1316078.96,524996.242
20240102,4.01,3.99,4.04,3.98,0.02,0.5013,1670528.41,671748.519
20240103,4.05,4.01,4.06,4.01,0.04,0.9975,1833776.6,741172.791
20240104,4.14,4.05,4.15,4.04,0.09,2.2222,2563063.63,1049333.406
20240105,4.12,4.14,4.19,4.1,-0.02,-0.4831,2148800.85,890404.786
20240108,4.1,4.12,4.15,4.08,-0.02,-0.4854,1863335.83,766636.713
20240109,4.1,4.09,4.12,4.05,0.0,0.0,1669199.51,681450.196
20240110,4.04,4.1,4.13,4.04,-0.06,-1.4634,2037085.18,828319.237
20240111,3.98,4.03,4.04,3.98,-0.06,-1.4851,2039539.85,816986.619
20240112,4.03,3.97,4.04,3.97,0.05,1.2563,1563830.98,628058.048
20240115,4.05,4.03,4.05,4.01,0.02,0.4963,1295589.59,522949.767
20240116,4.07,4.04,4.07,4.02,0.02,0.4938,1861650.23,754347.88
20240117,4.03,4.06,4.1,4.03,-0.04,-0.9828,2177289.28,884998.531
20240118,4.01,4.03,4.04,3.89,-0.02,-0.4963,3985244.17,1575766.405
20240119,3.97,4.0,4.0,3.95,-0.04,-0.9975,2431858.44,967239.94
20240122,4.0,3.97,4.03,3.95,0.03,0.7557,2897222.01,1159945.303
20240123,3.98,3.98,4.0,3.95,-0.02,-0.5,2208442.47,877659.537
20240124,4.1,3.99,4.1,3.98,0.12,3.0151,2701847.31,1091798.262
20240125,4.15,4.11,4.17,4.1,0.05,1.2195,2402809.96,993808.139
20240126,4.28,4.14,4.29,4.14,0.13,3.1325,3381616.4,1430158.41
20240129,4.3,4.29,4.35,4.24,0.02,0.4673,2743803.78,1180774.765
20240130,4.27,4.28,4.34,4.23,-0.03,-0.6977,2083056.89,892534.692
20240131,4.32,4.25,4.35,4.24,0.05,1.171,2501451.32,1077385.711
20240201,4.27,4.31,4.33,4.27,-0.05,-1.1574,2077570.6,891443.487
20240202,4.32,4.28,4.33,4.25,0.05,1.171,2828393.82,1216690.135
20240205,4.44,4.3,4.45,4.28,0.12,2.7778,3987515.28,1749168.821
20240206,4.46,4.44,4.51,4.4,0.02,0.4505,3622534.86,1619218.54
20240207,4.35,4.43,4.45,4.24,-0.11,-2.4664,4745527.07,2053680.793
20240208,4.31,4.32,4.34,4.19,-0.04,-0.9195,3494568.82,1488538.044
20240219,4.51,4.3,4.52,4.27,0.2,4.6404,3585661.7,1578816.709
20240220,4.53,4.5,4.55,4.46,0.02,0.4435,1886115.47,851920.73
20240221,4.56,4.52,4.64,4.51,0.03,0.6623,2183157.37,1000515.49
20240222,4.56,4.56,4.58,4.52,0.0,0.0,1529266.31,695281.649
20240223,4.6,4.57,4.67,4.56,0.04,0.8772,1923149.23,889355.969
20240226,4.46,4.6,4.6,4.45,-0.14,-3.0435,2313594.21,1045296.523
20240227,4.46,4.45,4.51,4.43,0.0,0.0,1569937.38,701135.884
20240228,4.46,4.46,4.5,4.38,0.0,0.0,2310750.58,1025807.767
20240229,4.47,4.45,4.48,4.43,0.01,0.2242,1779424.25,793297.584
20240301,4.48,4.47,4.5,4.44,0.01,0.2237,1886828.3,844177.166
20240304,4.51,4.47,4.54,4.45,0.03,0.6696,1928422.5,867836.835
20240305,4.6,4.51,4.61,4.51,0.09,1.9956,2077074.2,951681.161
20240306,4.55,4.6,4.63,4.54,-0.05,-1.087,1702464.52,781574.343
20240307,4.57,4.55,4.58,4.53,0.02,0.4396,1419017.02,647278.35
20240308,4.55,4.56,4.58,4.53,-0.02,-0.4376,1171781.56,533872.495
20240311,4.51,4.55,4.56,4.5,-0.04,-0.8791,1714161.27,774598.917
20240312,4.39,4.51,4.51,4.39,-0.12,-2.6608,2572463.15,1140780.133
20240313,4.36,4.39,4.4,4.35,-0.03,-0.6834,1957893.34,857070.587
20240314,4.37,4.35,4.41,4.34,0.01,0.2294,1624539.62,709448.122
20240315,4.35,4.37,4.4,4.35,-0.02,-0.4577,1295432.43,566682.086
20240318,4.35,4.35,4.36,4.3,0.0,0.0,1769635.72,766052.51
20240319,4.29,4.34,4.34,4.29,-0.06,-1.3793,1663927.38,716268.013
20240320,4.35,4.28,4.38,4.27,0.06,1.3986,1583317.53,686206.025
20240321,4.37,4.36,4.42,4.35,0.02,0.4598,1739502.82,763517.525
20240322,4.39,4.38,4.41,4.35,0.02,0.4577,1556702.72,681867.075
20240325,4.4,4.39,4.42,4.36,0.01,0.2278,1419827.01,623936.711
20240326,4.44,4.41,4.44,4.37,0.04,0.9091,1583148.05,698027.004
20240327,4.49,4.44,4.53,4.43,0.05,1.1261,1664170.09,745266.934
20240328,4.38,4.48,4.49,4.37,-0.11,-2.4499,2190751.56,963876.028
20240329,4.4,4.37,4.45,4.36,0.02,0.4566,1687974.56,745651.756
20240401,4.46,4.41,4.47,4.39,0.06,1.3636,1800108.59,799116.436
20240402,4.5,4.47,4.51,4.45,0.04,0.8969,1305034.33,585789.358
20240403,4.48,4.49,4.52,4.46,-0.02,-0.4444,1312815.85,588985.057
20240408,4.53,4.47,4.55,4.44,0.05,1.1161,1800914.55,812507.855
20240409,4.49,4.53,4.57,4.47,-0.04,-0.883,1645828.52,741802.592
20240410,4.5,4.48,4.53,4.48,0.01,0.2227,1386451.32,625491.52
20240411,4.48,4.5,4.51,4.46,-0.02,-0.4444,1175295.1,527257.557
20240412,4.49,4.48,4.51,4.45,0.01,0.2232,1571803.91,705033.113
20240415,4.59,4.49,4.59,4.48,0.1,2.2272,2256220.8,1028801.099
20240416,4.64,4.58,4.65,4.55,0.05,1.0893,2435782.2,1122795.161
20240417,4.66,4.62,4.69,4.55,0.02,0.431,2439183.66,1126031.841
20240418,4.69,4.65,4.73,4.64,0.03,0.6438,2600968.72,1221936.695
20240419,4.72,4.69,4.74,4.68,0.03,0.6397,1509633.0,711421.795
20240422,4.66,4.74,4.78,4.65,-0.06,-1.2712,2011027.13,945086.044
20240423,4.66,4.66,4.72,4.62,0.0,0.0,2025615.03,946982.094
20240424,4.63,4.66,4.68,4.62,-0.03,-0.6438,1325816.46,615147.065
20240425,4.65,4.63,4.66,4.6,0.02,0.432,1647188.24,762346.7
20240426,4.56,4.65,4.68,4.55,-0.09,-1.9355,2573693.76,1182496.491
20240429,4.57,4.55,4.6,4.53,0.01,0.2193,2111166.19,964370.988
20240430,4.59,4.56,4.61,4.54,0.02,0.4376,1922882.73,880615.769
20240506,4.48,4.61,4.62,4.47,-0.11,-2.3965,3946545.86,1779665.412
20240507,4.48,4.48,4.49,4.42,0.0,0.0,2426977.14,1080614.97
20240508,4.51,4.48,4.53,4.48,0.03,0.6696,1818127.21,819962.093
20240509,4.47,4.53,4.53,4.46,-0.04,-0.8869,1681544.98,752648.095
20240510,4.47,4.47,4.5,4.45,0.0,0.0,1644349.31,736861.024
20240513,4.46,4.47,4.48,4.43,-0.01,-0.2237,1668001.11,743214.13
20240514,4.42,4.46,4.47,4.42,-0.04,-0.8969,1680489.87,745130.79
20240515,4.44,4.42,4.46,4.42,0.02,0.4525,1268611.11,563383.851
20240516,4.47,4.44,4.48,4.42,0.03,0.6757,1592009.43,710360.645
20240517,4.49,4.47,4.49,4.45,0.02,0.4474,1543699.29,690430.209
20240520,4.47,4.49,4.54,4.47,-0.02,-0.4454,2033899.61,914526.433
20240521,4.51,4.47,4.51,4.45,0.04,0.8949,1684821.43,756206.682
20240522,4.53,4.51,4.54,4.49,0.02,0.4435,1414913.66,639975.037
20240523,4.52,4.53,4.54,4.49,-0.01,-0.2208,1548549.33,699481.829
20240524,4.48,4.51,4.53,4.48,-0.04,-0.885,1368772.47,616665.847
20240527,4.51,4.49,4.52,4.48,0.03,0.6696,1374852.56,619450.262
20240528,4.48,4.51,4.52,4.47,-0.03,-0.6652,1630781.02,731134.772
20240529,4.45,4.47,4.48,4.43,-0.03,-0.6696,1877565.98,836535.071
20240530,4.41,4.44,4.47,4.4,-0.04,-0.8989,1798122.17,796672.629
20240531,4.44,4.41,4.45,4.41,0.03,0.6803,1347372.39,597365.759
